{"type": "FeatureCollection", "features": [{"type": "Feature", "properties": {"division_code": 1, "block_code": 1, "block_label": "1-1", "planted_ha": 0.83, "palms": 110, "planted_year": 2010, "abw_kg": 21.5, "rotation_target_days": 10, "gang_code": "", "road_condition": "good", "bunches_per_day": 4.5, "centroid_lon": 103.777424, "centroid_lat": -1.509843}, "geometry": {"type": "Polygon", "coordinates": [[[103.776997, -1.510218], [103.776981, -1.509456], [103.777055, -1.509455], [103.77799, -1.509504], [103.777699, -1.510287], [103.776997, -1.510218]]]}}, {"type": "Feature", "properties": {"division_code": 1, "block_code": 2, "block_label": "1-2", "planted_ha": 1.95, "palms": 256, "planted_year": 2010, "abw_kg": 22.3, "rotation_target_days": 10, "gang_code": "", "road_condition": "good", "bunches_per_day": 8.6, "centroid_lon": 103.783047, "centroid_lat": -1.509854}, "geometry": {"type": "Polygon", "coordinates": [[[103.782052, -1.509395], [103.782457, -1.509365], [103.784156, -1.509337], [103.783035, -1.51075], [103.782843, -1.510717], [103.782052, -1.509395]]]}}, {"type": "Feature", "properties": {"division_code": 1, "block_code": 3, "block_label": "1-3", "planted_ha": 0.94, "palms": 123, "planted_year": 2012, "abw_kg": 21.8, "rotation_target_days": 10, "gang_code": "", "road_condition": "fair", "bunches_per_day": 5.1, "centroid_lon": 103.78549, "centroid_lat": -1.509585}, "geometry": {"type": "Polygon", "coordinates": [[[103.784418, -1.509332], [103.78608, -1.509305], [103.786271, -1.509592], [103.785644, -1.510072], [103.784418, -1.509332]]]}}, {"type": "Feature", "properties": {"division_code": 1, "block_code": 4, "block_label": "1-4", "planted_ha": 2.76, "palms": 370, "planted_year": 2009, "abw_kg": 21.6, "rotation_target_days": 10, "gang_code": "", "road_condition": "fair", "bunches_per_day": 14.3, "centroid_lon": 103.777543, "centroid_lat": -1.511334}, "geometry": {"type": "Polygon", "coordinates": [[[103.776977, -1.512499], [103.777006, -1.511384], [103.776998, -1.510254], [103.777702, -1.510324], [103.778514, -1.511324], [103.77777, -1.512063], [103.777144, -1.512648], [103.776977, -1.512499]]]}}, {"type": "Feature", "properties": {"division_code": 1, "block_code": 5, "block_label": "1-5", "planted_ha": 3.67, "palms": 506, "planted_year": 2009, "abw_kg": 21.8, "rotation_target_days": 10, "gang_code": "", "road_condition": "good", "bunches_per_day": 16.5, "centroid_lon": 103.778885, "centroid_lat": -1.510311}, "geometry": {"type": "Polygon", "coordinates": [[[103.777732, -1.510303], [103.778028, -1.509506], [103.779493, -1.509539], [103.780136, -1.510418], [103.780123, -1.510629], [103.778665, -1.511323], [103.778548, -1.511308], [103.777732, -1.510303]]]}}, {"type": "Feature", "properties": {"division_code": 1, "block_code": 6, "block_label": "1-6", "planted_ha": 4.01, "palms": 551, "planted_year": 2009, "abw_kg": 22.5, "rotation_target_days": 10, "gang_code": "", "road_condition": "fair", "bunches_per_day": 20.5, "centroid_lon": 103.781453, "centroid_lat": -1.51037}, "geometry": {"type": "Polygon", "coordinates": [[[103.78074, -1.511166], [103.780159, -1.510633], [103.780172, -1.51042], [103.781075, -1.509472], [103.782011, -1.509399], [103.782806, -1.510724], [103.781661, -1.511219], [103.78074, -1.511166]]]}}, {"type": "Feature", "properties": {"division_code": 1, "block_code": 7, "block_label": "1-7", "planted_ha": 4.81, "palms": 637, "planted_year": 2011, "abw_kg": 21.7, "rotation_target_days": 10, "gang_code": "", "road_condition": "fair", "bunches_per_day": 24.9, "centroid_lon": 103.784346, "centroid_lat": -1.510616}, "geometry": {"type": "Polygon", "coordinates": [[[103.783065, -1.51077], [103.784202, -1.509336], [103.78435, -1.509334], [103.785628, -1.510104], [103.785649, -1.510456], [103.784395, -1.511863], [103.783724, -1.511777], [103.783065, -1.51077]]]}}, {"type": "Feature", "properties": {"division_code": 1, "block_code": 8, "block_label": "1-8", "planted_ha": 2.42, "palms": 322, "planted_year": 2012, "abw_kg": 22.2, "rotation_target_days": 10, "gang_code": "", "road_condition": "fair", "bunches_per_day": 10.7, "centroid_lon": 103.786523, "centroid_lat": -1.510785}, "geometry": {"type": "Polygon", "coordinates": [[[103.785685, -1.510456], [103.785664, -1.510102], [103.786291, -1.509622], [103.786932, -1.510537], [103.787378, -1.511206], [103.787029, -1.511979], [103.786861, -1.511971], [103.785685, -1.510456]]]}}, {"type": "Feature", "properties": {"division_code": 1, "block_code": 9, "block_label": "1-9", "planted_ha": 3.79, "palms": 506, "planted_year": 2010, "abw_kg": 22.3, "rotation_target_days": 10, "gang_code": "", "road_condition": "fair", "bunches_per_day": 20.4, "centroid_lon": 103.778316, "centroid_lat": -1.512677}, "geometry": {"type": "Polygon", "coordinates": [[[103.777163, -1.512679], [103.777795, -1.512089], [103.778545, -1.511344], [103.778656, -1.511358], [103.779376, -1.512921], [103.778569, -1.513823], [103.777211, -1.51311], [103.777163, -1.512679]]]}}, {"type": "Feature", "properties": {"division_code": 1, "block_code": 10, "block_label": "1-10", "planted_ha": 3.84, "palms": 524, "planted_year": 2008, "abw_kg": 22.2, "rotation_target_days": 10, "gang_code": "", "road_condition": "fair", "bunches_per_day": 19.1, "centroid_lon": 103.779824, "centroid_lat": -1.511829}, "geometry": {"type": "Polygon", "coordinates": [[[103.778692, -1.51135], [103.780137, -1.510662], [103.780713, -1.511191], [103.780473, -1.512907], [103.779409, -1.512906], [103.778692, -1.51135]]]}}, {"type": "Feature", "properties": {"division_code": 1, "block_code": 11, "block_label": "1-11", "planted_ha": 3.59, "palms": 476, "planted_year": 2009, "abw_kg": 21.8, "rotation_target_days": 10, "gang_code": "", "road_condition": "poor", "bunches_per_day": 19.1, "centroid_lon": 103.781273, "centroid_lat": -1.512458}, "geometry": {"type": "Polygon", "coordinates": [[[103.780748, -1.511203], [103.781651, -1.511254], [103.782122, -1.513053], [103.781273, -1.51387], [103.780508, -1.51292], [103.780748, -1.511203]]]}}, {"type": "Feature", "properties": {"division_code": 1, "block_code": 12, "block_label": "1-12", "planted_ha": 3.64, "palms": 491, "planted_year": 2009, "abw_kg": 21.8, "rotation_target_days": 10, "gang_code": "", "road_condition": "good", "bunches_per_day": 16.2, "centroid_lon": 103.782654, "centroid_lat": -1.511859}, "geometry": {"type": "Polygon", "coordinates": [[[103.781686, -1.511247], [103.782834, -1.510752], [103.783032, -1.510786], [103.783692, -1.511794], [103.783059, -1.512814], [103.782155, -1.513037], [103.781686, -1.511247]]]}}, {"type": "Feature", "properties": {"division_code": 1, "block_code": 13, "block_label": "1-13", "planted_ha": 3.88, "palms": 537, "planted_year": 2011, "abw_kg": 21.9, "rotation_target_days": 10, "gang_code": "", "road_condition": "fair", "bunches_per_day": 18.0, "centroid_lon": 103.785618, "centroid_lat": -1.511844}, "geometry": {"type": "Polygon", "coordinates": [[[103.784426, -1.511882], [103.785667, -1.510491], [103.786827, -1.511986], [103.785702, -1.512974], [103.785373, -1.512967], [103.784426, -1.511882]]]}}, {"type": "Feature", "properties": {"division_code": 1, "block_code": 14, "block_label": "1-14", "planted_ha": 4.72, "palms": 647, "planted_year": 2009, "abw_kg": 22.0, "rotation_target_days": 10, "gang_code": "", "road_condition": "good", "bunches_per_day": 22.5, "centroid_lon": 103.779957, "centroid_lat": -1.513951}, "geometry": {"type": "Polygon", "coordinates": [[[103.778592, -1.51385], [103.779406, -1.512943], [103.780481, -1.512944], [103.781253, -1.513903], [103.781246, -1.514242], [103.779799, -1.515245], [103.778611, -1.513911], [103.778592, -1.51385]]]}}, {"type": "Feature", "properties": {"division_code": 1, "block_code": 15, "block_label": "1-15", "planted_ha": 4.71, "palms": 624, "planted_year": 2009, "abw_kg": 22.2, "rotation_target_days": 10, "gang_code": "", "road_condition": "good", "bunches_per_day": 25.4, "centroid_lon": 103.782595, "centroid_lat": -1.514027}, "geometry": {"type": "Polygon", "coordinates": [[[103.781282, -1.514244], [103.781289, -1.513905], [103.782151, -1.513075], [103.783061, -1.512851], [103.783968, -1.514334], [103.782881, -1.515059], [103.782256, -1.515087], [103.781282, -1.514244]]]}}, {"type": "Feature", "properties": {"division_code": 1, "block_code": 16, "block_label": "1-16", "planted_ha": 3.86, "palms": 527, "planted_year": 2009, "abw_kg": 22.5, "rotation_target_days": 10, "gang_code": "", "road_condition": "fair", "bunches_per_day": 19.2, "centroid_lon": 103.784146, "centroid_lat": -1.512946}, "geometry": {"type": "Polygon", "coordinates": [[[103.783091, -1.51283], [103.783723, -1.511813], [103.784392, -1.511899], [103.78534, -1.512984], [103.78403, -1.51432], [103.784002, -1.514321], [103.783091, -1.51283]]]}}, {"type": "Feature", "properties": {"division_code": 1, "block_code": 17, "block_label": "1-17", "planted_ha": 3.97, "palms": 528, "planted_year": 2011, "abw_kg": 22.0, "rotation_target_days": 10, "gang_code": "", "road_condition": "good", "bunches_per_day": 18.6, "centroid_lon": 103.786918, "centroid_lat": -1.513127}, "geometry": {"type": "Polygon", "coordinates": [[[103.786858, -1.512007], [103.787035, -1.512016], [103.787957, -1.512585], [103.788049, -1.513138], [103.787286, -1.513899], [103.786649, -1.514499], [103.786197, -1.51373], [103.785733, -1.512996], [103.786858, -1.512007]]]}}, {"type": "Feature", "properties": {"division_code": 1, "block_code": 18, "block_label": "1-18", "planted_ha": 1.01, "palms": 134, "planted_year": 2012, "abw_kg": 22.3, "rotation_target_days": 10, "gang_code": "", "road_condition": "good", "bunches_per_day": 5.0, "centroid_lon": 103.788624, "centroid_lat": -1.513429}, "geometry": {"type": "Polygon", "coordinates": [[[103.788085, -1.513136], [103.787994, -1.512583], [103.788204, -1.512446], [103.788858, -1.513427], [103.789438, -1.514354], [103.789396, -1.514391], [103.78915, -1.514387], [103.788085, -1.513136]]]}}, {"type": "Feature", "properties": {"division_code": 1, "block_code": 19, "block_label": "1-19", "planted_ha": 3.12, "palms": 423, "planted_year": 2010, "abw_kg": 22.3, "rotation_target_days": 10, "gang_code": "", "road_condition": "poor", "bunches_per_day": 15.2, "centroid_lon": 103.777475, "centroid_lat": -1.51429}, "geometry": {"type": "Polygon", "coordinates": [[[103.776919, -1.513435], [103.777198, -1.513143], [103.778557, -1.513858], [103.778575, -1.513917], [103.777336, -1.515515], [103.776752, -1.515333], [103.776919, -1.513435]]]}}, {"type": "Feature", "properties": {"division_code": 1, "block_code": 20, "block_label": "1-20", "planted_ha": 4.09, "palms": 558, "planted_year": 2011, "abw_kg": 22.3, "rotation_target_days": 10, "gang_code": "", "road_condition": "fair", "bunches_per_day": 20.4, "centroid_lon": 103.778579, "centroid_lat": -1.515334}, "geometry": {"type": "Polygon", "coordinates": [[[103.777366, -1.515535], [103.778597, -1.513948], [103.779776, -1.515273], [103.779677, -1.515633], [103.778402, -1.516506], [103.778216, -1.516491], [103.777366, -1.515535]]]}}, {"type": "Feature", "properties": {"division_code": 1, "block_code": 21, "block_label": "1-21", "planted_ha": 3.8, "palms": 511, "planted_year": 2010, "abw_kg": 21.5, "rotation_target_days": 10, "gang_code": "", "road_condition": "good", "bunches_per_day": 19.2, "centroid_lon": 103.784043, "centroid_lat": -1.515504}, "geometry": {"type": "Polygon", "coordinates": [[[103.78291, -1.515083], [103.783814, -1.514476], [103.783998, -1.514357], [103.784031, -1.514356], [103.78474, -1.515014], [103.785302, -1.515582], [103.785292, -1.515681], [103.784084, -1.516582], [103.783596, -1.516556], [103.78291, -1.515083]]]}}, {"type": "Feature", "properties": {"division_code": 1, "block_code": 22, "block_label": "1-22", "planted_ha": 4.35, "palms": 576, "planted_year": 2010, "abw_kg": 21.6, "rotation_target_days": 10, "gang_code": "", "road_condition": "fair", "bunches_per_day": 21.1, "centroid_lon": 103.785397, "centroid_lat": -1.514273}, "geometry": {"type": "Polygon", "coordinates": [[[103.784765, -1.514988], [103.784064, -1.514337], [103.785372, -1.513003], [103.785699, -1.51301], [103.786399, -1.514137], [103.786626, -1.514532], [103.786624, -1.514576], [103.785323, -1.515552], [103.784765, -1.514988]]]}}, {"type": "Feature", "properties": {"division_code": 1, "block_code": 23, "block_label": "1-23", "planted_ha": 3.75, "palms": 494, "planted_year": 2011, "abw_kg": 22.1, "rotation_target_days": 10, "gang_code": "", "road_condition": "good", "bunches_per_day": 19.7, "centroid_lon": 103.787928, "centroid_lat": -1.514438}, "geometry": {"type": "Polygon", "coordinates": [[[103.786662, -1.514536], [103.787311, -1.513925], [103.788067, -1.513171], [103.789118, -1.514404], [103.787969, -1.515644], [103.78666, -1.514577], [103.786662, -1.514536]]]}}, {"type": "Feature", "properties": {"division_code": 1, "block_code": 24, "block_label": "1-24", "planted_ha": 2.57, "palms": 348, "planted_year": 2010, "abw_kg": 22.1, "rotation_target_days": 10, "gang_code": "", "road_condition": "fair", "bunches_per_day": 12.0, "centroid_lon": 103.777231, "centroid_lat": -1.516521}, "geometry": {"type": "Polygon", "coordinates": [[[103.777333, -1.515551], [103.778183, -1.516508], [103.776926, -1.517753], [103.776673, -1.517557], [103.776751, -1.51537], [103.777333, -1.515551]]]}}, {"type": "Feature", "properties": {"division_code": 1, "block_code": 25, "block_label": "1-25", "planted_ha": 4.66, "palms": 632, "planted_year": 2010, "abw_kg": 22.2, "rotation_target_days": 10, "gang_code": "", "road_condition": "good", "bunches_per_day": 21.7, "centroid_lon": 103.781022, "centroid_lat": -1.515546}, "geometry": {"type": "Polygon", "coordinates": [[[103.779712, -1.51564], [103.779812, -1.51528], [103.781262, -1.514275], [103.782229, -1.515112], [103.781681, -1.516574], [103.780544, -1.516614], [103.779712, -1.51564]]]}}, {"type": "Feature", "properties": {"division_code": 1, "block_code": 26, "block_label": "1-26", "planted_ha": 3.57, "palms": 468, "planted_year": 2010, "abw_kg": 22.0, "rotation_target_days": 10, "gang_code": "", "road_condition": "good", "bunches_per_day": 17.7, "centroid_lon": 103.782591, "centroid_lat": -1.516344}, "geometry": {"type": "Polygon", "coordinates": [[[103.781714, -1.516589], [103.782263, -1.515123], [103.782876, -1.515096], [103.783563, -1.51657], [103.782395, -1.517758], [103.781714, -1.516589]]]}}, {"type": "Feature", "properties": {"division_code": 1, "block_code": 27, "block_label": "1-27", "planted_ha": 4.63, "palms": 632, "planted_year": 2010, "abw_kg": 22.4, "rotation_target_days": 10, "gang_code": "", "road_condition": "good", "bunches_per_day": 21.1, "centroid_lon": 103.786608, "centroid_lat": -1.515872}, "geometry": {"type": "Polygon", "coordinates": [[[103.785328, -1.515686], [103.785338, -1.515586], [103.786641, -1.514609], [103.787953, -1.515677], [103.787967, -1.515892], [103.786438, -1.517209], [103.78627, -1.517194], [103.785328, -1.515686]]]}}, {"type": "Feature", "properties": {"division_code": 1, "block_code": 28, "block_label": "1-28", "planted_ha": 4.19, "palms": 578, "planted_year": 2012, "abw_kg": 21.9, "rotation_target_days": 10, "gang_code": "", "road_condition": "good", "bunches_per_day": 22.1, "centroid_lon": 103.789184, "centroid_lat": -1.515714}, "geometry": {"type": "Polygon", "coordinates": [[[103.787989, -1.515675], [103.78915, -1.514423], [103.789393, -1.514427], [103.790411, -1.515955], [103.789176, -1.516985], [103.788003, -1.515892], [103.787989, -1.515675]]]}}, {"type": "Feature", "properties": {"division_code": 1, "block_code": 29, "block_label": "1-29", "planted_ha": 4.05, "palms": 551, "planted_year": 2010, "abw_kg": 22.4, "rotation_target_days": 10, "gang_code": "", "road_condition": "good", "bunches_per_day": 18.8, "centroid_lon": 103.778129, "centroid_lat": -1.517865}, "geometry": {"type": "Polygon", "coordinates": [[[103.777997, -1.519007], [103.776978, -1.517996], [103.776947, -1.517783], [103.778214, -1.516528], [103.778395, -1.516542], [103.778871, -1.517477], [103.779257, -1.51818], [103.778454, -1.51897], [103.777997, -1.519007]]]}}, {"type": "Feature", "properties": {"division_code": 1, "block_code": 30, "block_label": "1-30", "planted_ha": 3.89, "palms": 527, "planted_year": 2010, "abw_kg": 22.0, "rotation_target_days": 10, "gang_code": "", "road_condition": "poor", "bunches_per_day": 20.5, "centroid_lon": 103.779536, "centroid_lat": -1.516946}, "geometry": {"type": "Polygon", "coordinates": [[[103.779689, -1.515669], [103.780515, -1.516637], [103.77999, -1.518144], [103.77929, -1.518165], [103.778903, -1.51746], [103.77843, -1.516531], [103.779689, -1.515669]]]}}, {"type": "Feature", "properties": {"division_code": 1, "block_code": 31, "block_label": "1-31", "planted_ha": 4.17, "palms": 561, "planted_year": 2011, "abw_kg": 21.7, "rotation_target_days": 10, "gang_code": "", "road_condition": "good", "bunches_per_day": 21.0, "centroid_lon": 103.781168, "centroid_lat": -1.517641}, "geometry": {"type": "Polygon", "coordinates": [[[103.780025, -1.518154], [103.780549, -1.51665], [103.781684, -1.51661], [103.782372, -1.517791], [103.78235, -1.518012], [103.780955, -1.518766], [103.780025, -1.518154]]]}}, {"type": "Feature", "properties": {"division_code": 1, "block_code": 32, "block_label": "1-32", "planted_ha": 4.25, "palms": 572, "planted_year": 2012, "abw_kg": 21.4, "rotation_target_days": 10, "gang_code": "", "road_condition": "good", "bunches_per_day": 21.5, "centroid_lon": 103.783631, "centroid_lat": -1.51782}, "geometry": {"type": "Polygon", "coordinates": [[[103.782385, -1.518015], [103.782408, -1.517795], [103.783591, -1.516592], [103.784078, -1.516618], [103.784801, -1.518325], [103.783928, -1.518857], [103.78337, -1.51887], [103.782385, -1.518015]]]}}, {"type": "Feature", "properties": {"division_code": 1, "block_code": 33, "block_label": "1-33", "planted_ha": 3.8, "palms": 523, "planted_year": 2011, "abw_kg": 22.1, "rotation_target_days": 10, "gang_code": "", "road_condition": "good", "bunches_per_day": 19.2, "centroid_lon": 103.785148, "centroid_lat": -1.517044}, "geometry": {"type": "Polygon", "coordinates": [[[103.784835, -1.518314], [103.784112, -1.516606], [103.785304, -1.515716], [103.786236, -1.517209], [103.785176, -1.518308], [103.784835, -1.518314]]]}}, {"type": "Feature", "properties": {"division_code": 1, "block_code": 34, "block_label": "1-34", "planted_ha": 4.26, "palms": 557, "planted_year": 2011, "abw_kg": 22.6, "rotation_target_days": 10, "gang_code": "", "road_condition": "good", "bunches_per_day": 19.2, "centroid_lon": 103.787874, "centroid_lat": -1.517164}, "geometry": {"type": "Polygon", "coordinates": [[[103.787985, -1.515925], [103.789156, -1.517016], [103.78914, -1.517342], [103.787678, -1.518355], [103.786471, -1.517228], [103.787985, -1.515925]]]}}, {"type": "Feature", "properties": {"division_code": 1, "block_code": 35, "block_label": "1-35", "planted_ha": 4.23, "palms": 572, "planted_year": 2012, "abw_kg": 22.4, "rotation_target_days": 10, "gang_code": "", "road_condition": "good", "bunches_per_day": 21.9, "centroid_lon": 103.790344, "centroid_lat": -1.517317}, "geometry": {"type": "Polygon", "coordinates": [[[103.789176, -1.517345], [103.789192, -1.517018], [103.790441, -1.515977], [103.790517, -1.515978], [103.79151, -1.517514], [103.790627, -1.518554], [103.790326, -1.518563], [103.789176, -1.517345]]]}}, {"type": "Feature", "properties": {"division_code": 1, "block_code": 36, "block_label": "1-36", "planted_ha": 2.4, "palms": 323, "planted_year": 2010, "abw_kg": 21.5, "rotation_target_days": 10, "gang_code": "", "road_condition": "good", "bunches_per_day": 12.6, "centroid_lon": 103.777137, "centroid_lat": -1.51919}, "geometry": {"type": "Polygon", "coordinates": [[[103.777968, -1.519029], [103.777362, -1.520123], [103.77658, -1.52015], [103.776643, -1.518375], [103.776961, -1.518031], [103.777968, -1.519029]]]}}, {"type": "Feature", "properties": {"division_code": 1, "block_code": 37, "block_label": "1-37", "planted_ha": 3.92, "palms": 537, "planted_year": 2012, "abw_kg": 22.3, "rotation_target_days": 10, "gang_code": "", "road_condition": "fair", "bunches_per_day": 17.6, "centroid_lon": 103.779703, "centroid_lat": -1.519133}, "geometry": {"type": "Polygon", "coordinates": [[[103.778485, -1.518989], [103.779287, -1.518201], [103.779998, -1.51818], [103.780934, -1.518796], [103.780898, -1.518995], [103.779884, -1.52026], [103.779314, -1.520175], [103.778485, -1.518989]]]}}, {"type": "Feature", "properties": {"division_code": 1, "block_code": 38, "block_label": "1-38", "planted_ha": 4.53, "palms": 611, "planted_year": 2012, "abw_kg": 21.8, "rotation_target_days": 10, "gang_code": "", "road_condition": "poor", "bunches_per_day": 21.5, "centroid_lon": 103.782182, "centroid_lat": -1.519269}, "geometry": {"type": "Polygon", "coordinates": [[[103.780934, -1.519], [103.78097, -1.518799], [103.782364, -1.518045], [103.783342, -1.518894], [103.782856, -1.520264], [103.781868, -1.520506], [103.780934, -1.519]]]}}, {"type": "Feature", "properties": {"division_code": 1, "block_code": 39, "block_label": "1-39", "planted_ha": 3.34, "palms": 437, "planted_year": 2013, "abw_kg": 21.9, "rotation_target_days": 10, "gang_code": "", "road_condition": "good", "bunches_per_day": 15.6, "centroid_lon": 103.784981, "centroid_lat": -1.519447}, "geometry": {"type": "Polygon", "coordinates": [[[103.784829, -1.518351], [103.785175, -1.518344], [103.785885, -1.51932], [103.785218, -1.520857], [103.784998, -1.520853], [103.783957, -1.518882], [103.784829, -1.518351]]]}}, {"type": "Feature", "properties": {"division_code": 1, "block_code": 40, "block_label": "1-40", "planted_ha": 3.73, "palms": 504, "planted_year": 2012, "abw_kg": 22.5, "rotation_target_days": 10, "gang_code": "", "road_condition": "good", "bunches_per_day": 18.3, "centroid_lon": 103.786392, "centroid_lat": -1.518374}, "geometry": {"type": "Polygon", "coordinates": [[[103.786266, -1.51723], [103.786437, -1.517245], [103.787658, -1.518386], [103.78665, -1.519376], [103.785915, -1.5193], [103.785208, -1.518327], [103.786266, -1.51723]]]}}, {"type": "Feature", "properties": {"division_code": 1, "block_code": 41, "block_label": "1-41", "planted_ha": 4.25, "palms": 589, "planted_year": 2011, "abw_kg": 22.6, "rotation_target_days": 10, "gang_code": "", "road_condition": "poor", "bunches_per_day": 20.0, "centroid_lon": 103.789011, "centroid_lat": -1.518602}, "geometry": {"type": "Polygon", "coordinates": [[[103.787693, -1.518388], [103.789155, -1.517375], [103.790295, -1.518582], [103.789568, -1.519516], [103.788586, -1.519679], [103.787693, -1.518388]]]}}, {"type": "Feature", "properties": {"division_code": 1, "block_code": 42, "block_label": "1-42", "planted_ha": 2.53, "palms": 349, "planted_year": 2013, "abw_kg": 21.6, "rotation_target_days": 10, "gang_code": "", "road_condition": "good", "bunches_per_day": 13.5, "centroid_lon": 103.791621, "centroid_lat": -1.518728}, "geometry": {"type": "Polygon", "coordinates": [[[103.791347, -1.519297], [103.79066, -1.518572], [103.79153, -1.517547], [103.792508, -1.519047], [103.791936, -1.519845], [103.791907, -1.519845], [103.791347, -1.519297]]]}}, {"type": "Feature", "properties": {"division_code": 1, "block_code": 43, "block_label": "1-43", "planted_ha": 2.9, "palms": 392, "planted_year": 2011, "abw_kg": 21.8, "rotation_target_days": 10, "gang_code": "", "road_condition": "fair", "bunches_per_day": 14.0, "centroid_lon": 103.778299, "centroid_lat": -1.520065}, "geometry": {"type": "Polygon", "coordinates": [[[103.777395, -1.520139], [103.778001, -1.519043], [103.778453, -1.519006], [103.77928, -1.52019], [103.778246, -1.521218], [103.778182, -1.521207], [103.777395, -1.520139]]]}}, {"type": "Feature", "properties": {"division_code": 1, "block_code": 44, "block_label": "1-44", "planted_ha": 3.72, "palms": 491, "planted_year": 2012, "abw_kg": 21.9, "rotation_target_days": 10, "gang_code": "", "road_condition": "fair", "bunches_per_day": 16.9, "centroid_lon": 103.780887, "centroid_lat": -1.520522}, "geometry": {"type": "Polygon", "coordinates": [[[103.780913, -1.519034], [103.781839, -1.520527], [103.781133, -1.521856], [103.78067, -1.521801], [103.779913, -1.520281], [103.780913, -1.519034]]]}}, {"type": "Feature", "properties": {"division_code": 1, "block_code": 45, "block_label": "1-45", "planted_ha": 3.8, "palms": 525, "planted_year": 2013, "abw_kg": 22.5, "rotation_target_days": 10, "gang_code": "", "road_condition": "poor", "bunches_per_day": 18.7, "centroid_lon": 103.783849, "centroid_lat": -1.520207}, "geometry": {"type": "Polygon", "coordinates": [[[103.78289, -1.520276], [103.783376, -1.518906], [103.783922, -1.518894], [103.784963, -1.520864], [103.783803, -1.521481], [103.78289, -1.520276]]]}}, {"type": "Feature", "properties": {"division_code": 1, "block_code": 46, "block_label": "1-46", "planted_ha": 3.63, "palms": 500, "planted_year": 2013, "abw_kg": 22.4, "rotation_target_days": 10, "gang_code": "", "road_condition": "fair", "bunches_per_day": 18.7, "centroid_lon": 103.786289, "centroid_lat": -1.520501}, "geometry": {"type": "Polygon", "coordinates": [[[103.785253, -1.520869], [103.785917, -1.519337], [103.786645, -1.519411], [103.787299, -1.520739], [103.786512, -1.521691], [103.786397, -1.521687], [103.785253, -1.520869]]]}}, {"type": "Feature", "properties": {"division_code": 1, "block_code": 47, "block_label": "1-47", "planted_ha": 3.14, "palms": 419, "planted_year": 2012, "abw_kg": 21.9, "rotation_target_days": 10, "gang_code": "", "road_condition": "fair", "bunches_per_day": 15.8, "centroid_lon": 103.787636, "centroid_lat": -1.519677}, "geometry": {"type": "Polygon", "coordinates": [[[103.787331, -1.520722], [103.786678, -1.519398], [103.787672, -1.518428], [103.788557, -1.5197], [103.78815, -1.520607], [103.787331, -1.520722]]]}}, {"type": "Feature", "properties": {"division_code": 1, "block_code": 48, "block_label": "1-48", "planted_ha": 3.43, "palms": 471, "planted_year": 2013, "abw_kg": 22.6, "rotation_target_days": 10, "gang_code": "", "road_condition": "poor", "bunches_per_day": 15.4, "centroid_lon": 103.789198, "centroid_lat": -1.520604}, "geometry": {"type": "Polygon", "coordinates": [[[103.788183, -1.520621], [103.78859, -1.519715], [103.789567, -1.519553], [103.790213, -1.520925], [103.78926, -1.52182], [103.789202, -1.521812], [103.788183, -1.520621]]]}}, {"type": "Feature", "properties": {"division_code": 1, "block_code": 49, "block_label": "1-49", "planted_ha": 3.87, "palms": 509, "planted_year": 2013, "abw_kg": 22.3, "rotation_target_days": 10, "gang_code": "", "road_condition": "good", "bunches_per_day": 19.2, "centroid_lon": 103.790645, "centroid_lat": -1.519795}, "geometry": {"type": "Polygon", "coordinates": [[[103.790246, -1.520911], [103.789598, -1.519535], [103.790328, -1.518599], [103.790628, -1.51859], [103.791322, -1.519322], [103.791875, -1.519863], [103.79084, -1.520918], [103.790246, -1.520911]]]}}, {"type": "Feature", "properties": {"division_code": 1, "block_code": 50, "block_label": "1-50", "planted_ha": 1.18, "palms": 160, "planted_year": 2014, "abw_kg": 21.6, "rotation_target_days": 10, "gang_code": "", "road_condition": "fair", "bunches_per_day": 5.6, "centroid_lon": 103.792678, "centroid_lat": -1.519882}, "geometry": {"type": "Polygon", "coordinates": [[[103.79197, -1.519859], [103.79253, -1.519079], [103.793398, -1.520272], [103.793129, -1.520479], [103.792895, -1.520494], [103.79197, -1.519859]]]}}, {"type": "Feature", "properties": {"division_code": 1, "block_code": 51, "block_label": "1-51", "planted_ha": 2.78, "palms": 380, "planted_year": 2010, "abw_kg": 22.3, "rotation_target_days": 10, "gang_code": "", "road_condition": "good", "bunches_per_day": 12.7, "centroid_lon": 103.77714, "centroid_lat": -1.521144}, "geometry": {"type": "Polygon", "coordinates": [[[103.776563, -1.520619], [103.776578, -1.520186], [103.777364, -1.520159], [103.778148, -1.52122], [103.776681, -1.522377], [103.776532, -1.522238], [103.776563, -1.520619]]]}}, {"type": "Feature", "properties": {"division_code": 1, "block_code": 52, "block_label": "1-52", "planted_ha": 3.87, "palms": 508, "planted_year": 2012, "abw_kg": 21.8, "rotation_target_days": 10, "gang_code": "", "road_condition": "good", "bunches_per_day": 19.4, "centroid_lon": 103.779498, "centroid_lat": -1.521358}, "geometry": {"type": "Polygon", "coordinates": [[[103.778277, -1.521238], [103.77931, -1.520211], [103.77988, -1.520296], [103.780635, -1.521812], [103.779486, -1.522583], [103.778277, -1.521238]]]}}, {"type": "Feature", "properties": {"division_code": 1, "block_code": 53, "block_label": "1-53", "planted_ha": 4.32, "palms": 596, "planted_year": 2013, "abw_kg": 22.4, "rotation_target_days": 10, "gang_code": "", "road_condition": "good", "bunches_per_day": 22.1, "centroid_lon": 103.782412, "centroid_lat": -1.52144}, "geometry": {"type": "Polygon", "coordinates": [[[103.781166, -1.521871], [103.781871, -1.520542], [103.782862, -1.520299], [103.783778, -1.521507], [103.783766, -1.521533], [103.782067, -1.52265], [103.781166, -1.521871]]]}}, {"type": "Feature", "properties": {"division_code": 1, "block_code": 54, "block_label": "1-54", "planted_ha": 4.23, "palms": 585, "planted_year": 2014, "abw_kg": 22.4, "rotation_target_days": 10, "gang_code": "", "road_condition": "poor", "bunches_per_day": 21.4, "centroid_lon": 103.785054, "centroid_lat": -1.521943}, "geometry": {"type": "Polygon", "coordinates": [[[103.7838, -1.521544], [103.783812, -1.521517], [103.784991, -1.520889], [103.785224, -1.520893], [103.786367, -1.521709], [103.785564, -1.522897], [103.784546, -1.523023], [103.7838, -1.521544]]]}}, {"type": "Feature", "properties": {"division_code": 1, "block_code": 55, "block_label": "1-55", "planted_ha": 4.42, "palms": 612, "planted_year": 2014, "abw_kg": 21.4, "rotation_target_days": 10, "gang_code": "", "road_condition": "fair", "bunches_per_day": 22.1, "centroid_lon": 103.78784, "centroid_lat": -1.521758}, "geometry": {"type": "Polygon", "coordinates": [[[103.78733, -1.520759], [103.788155, -1.520643], [103.789168, -1.521828], [103.787811, -1.523099], [103.786544, -1.521709], [103.78733, -1.520759]]]}}, {"type": "Feature", "properties": {"division_code": 1, "block_code": 56, "block_label": "1-56", "planted_ha": 3.22, "palms": 435, "planted_year": 2013, "abw_kg": 21.9, "rotation_target_days": 10, "gang_code": "", "road_condition": "fair", "bunches_per_day": 16.6, "centroid_lon": 103.790406, "centroid_lat": -1.521918}, "geometry": {"type": "Polygon", "coordinates": [[[103.789291, -1.52184], [103.790241, -1.520947], [103.790837, -1.520954], [103.791414, -1.521982], [103.790426, -1.52314], [103.789291, -1.52184]]]}}, {"type": "Feature", "properties": {"division_code": 1, "block_code": 57, "block_label": "1-57", "planted_ha": 3.18, "palms": 423, "planted_year": 2014, "abw_kg": 21.5, "rotation_target_days": 10, "gang_code": "", "road_condition": "fair", "bunches_per_day": 14.4, "centroid_lon": 103.791884, "centroid_lat": -1.520992}, "geometry": {"type": "Polygon", "coordinates": [[[103.791908, -1.519881], [103.791939, -1.519881], [103.792867, -1.520519], [103.792241, -1.521989], [103.791446, -1.521967], [103.79087, -1.520939], [103.791908, -1.519881]]]}}, {"type": "Feature", "properties": {"division_code": 1, "block_code": 58, "block_label": "1-58", "planted_ha": 3.13, "palms": 434, "planted_year": 2014, "abw_kg": 21.8, "rotation_target_days": 10, "gang_code": "", "road_condition": "good", "bunches_per_day": 15.8, "centroid_lon": 103.793193, "centroid_lat": -1.521734}, "geometry": {"type": "Polygon", "coordinates": [[[103.792902, -1.520529], [103.793127, -1.520516], [103.794325, -1.521986], [103.792967, -1.522841], [103.792273, -1.522004], [103.792902, -1.520529]]]}}, {"type": "Feature", "properties": {"division_code": 1, "block_code": 59, "block_label": "1-59", "planted_ha": 4.92, "palms": 648, "planted_year": 2011, "abw_kg": 22.3, "rotation_target_days": 10, "gang_code": "", "road_condition": "good", "bunches_per_day": 25.9, "centroid_lon": 103.778069, "centroid_lat": -1.522567}, "geometry": {"type": "Polygon", "coordinates": [[[103.7767, -1.522408], [103.778177, -1.521243], [103.778243, -1.521254], [103.779463, -1.522612], [103.779398, -1.522864], [103.778024, -1.523822], [103.776795, -1.522869], [103.7767, -1.522408]]]}}, {"type": "Feature", "properties": {"division_code": 1, "block_code": 60, "block_label": "1-60", "planted_ha": 5.08, "palms": 674, "planted_year": 2013, "abw_kg": 21.7, "rotation_target_days": 10, "gang_code": "", "road_condition": "fair", "bunches_per_day": 26.2, "centroid_lon": 103.780814, "centroid_lat": -1.523003}, "geometry": {"type": "Polygon", "coordinates": [[[103.779433, -1.522871], [103.779499, -1.522618], [103.780663, -1.521837], [103.781136, -1.521892], [103.782049, -1.522682], [103.782119, -1.523187], [103.781287, -1.524071], [103.780427, -1.524189], [103.779433, -1.522871]]]}}, {"type": "Feature", "properties": {"division_code": 1, "block_code": 61, "block_label": "1-61", "planted_ha": 4.63, "palms": 612, "planted_year": 2014, "abw_kg": 22.1, "rotation_target_days": 10, "gang_code": "", "road_condition": "good", "bunches_per_day": 21.8, "centroid_lon": 103.783372, "centroid_lat": -1.522952}, "geometry": {"type": "Polygon", "coordinates": [[[103.782155, -1.523183], [103.782085, -1.522681], [103.783773, -1.521571], [103.784515, -1.523043], [103.783958, -1.524083], [103.783328, -1.524128], [103.782155, -1.523183]]]}}, {"type": "Feature", "properties": {"division_code": 1, "block_code": 62, "block_label": "1-62", "planted_ha": 4.23, "palms": 567, "planted_year": 2014, "abw_kg": 22.0, "rotation_target_days": 10, "gang_code": "", "road_condition": "good", "bunches_per_day": 19.1, "centroid_lon": 103.786661, "centroid_lat": -1.523123}, "geometry": {"type": "Polygon", "coordinates": [[[103.785594, -1.522916], [103.786401, -1.521723], [103.786512, -1.521728], [103.787793, -1.523133], [103.787855, -1.523545], [103.786482, -1.524368], [103.786234, -1.524321], [103.785594, -1.522916]]]}}, {"type": "Feature", "properties": {"division_code": 1, "block_code": 63, "block_label": "1-63", "planted_ha": 4.63, "palms": 636, "planted_year": 2015, "abw_kg": 22.4, "rotation_target_days": 10, "gang_code": "", "road_condition": "good", "bunches_per_day": 22.5, "centroid_lon": 103.789103, "centroid_lat": -1.523195}, "geometry": {"type": "Polygon", "coordinates": [[[103.787891, -1.523545], [103.787829, -1.523131], [103.789199, -1.521848], [103.789257, -1.521856], [103.790409, -1.523175], [103.79043, -1.523387], [103.789157, -1.52434], [103.788725, -1.524282], [103.787891, -1.523545]]]}}, {"type": "Feature", "properties": {"division_code": 1, "block_code": 64, "block_label": "1-64", "planted_ha": 4.4, "palms": 604, "planted_year": 2015, "abw_kg": 22.1, "rotation_target_days": 10, "gang_code": "", "road_condition": "good", "bunches_per_day": 21.7, "centroid_lon": 103.791752, "centroid_lat": -1.52306}, "geometry": {"type": "Polygon", "coordinates": [[[103.790466, -1.523385], [103.790445, -1.523173], [103.791444, -1.522003], [103.792244, -1.522025], [103.792944, -1.52287], [103.792852, -1.523486], [103.791836, -1.524112], [103.79151, -1.524131], [103.790466, -1.523385]]]}}, {"type": "Feature", "properties": {"division_code": 1, "block_code": 65, "block_label": "1-65", "planted_ha": 4.85, "palms": 664, "planted_year": 2015, "abw_kg": 21.6, "rotation_target_days": 10, "gang_code": "", "road_condition": "good", "bunches_per_day": 22.4, "centroid_lon": 103.794188, "centroid_lat": -1.523276}, "geometry": {"type": "Polygon", "coordinates": [[[103.792888, -1.52349], [103.79298, -1.522876], [103.794356, -1.522009], [103.794587, -1.522022], [103.794908, -1.522503], [103.795474, -1.523604], [103.794554, -1.524426], [103.794101, -1.524446], [103.792888, -1.52349]]]}}, {"type": "Feature", "properties": {"division_code": 1, "block_code": 66, "block_label": "1-66", "planted_ha": 3.63, "palms": 496, "planted_year": 2011, "abw_kg": 22.4, "rotation_target_days": 10, "gang_code": "", "road_condition": "fair", "bunches_per_day": 18.4, "centroid_lon": 103.779328, "centroid_lat": -1.524108}, "geometry": {"type": "Polygon", "coordinates": [[[103.779462, -1.52527], [103.778836, -1.524661], [103.778057, -1.523843], [103.77941, -1.5229], [103.780397, -1.524211], [103.779781, -1.525274], [103.779462, -1.52527]]]}}, {"type": "Feature", "properties": {"division_code": 1, "block_code": 67, "block_label": "1-67", "planted_ha": 3.5, "palms": 463, "planted_year": 2014, "abw_kg": 21.6, "rotation_target_days": 10, "gang_code": "", "road_condition": "good", "bunches_per_day": 16.3, "centroid_lon": 103.785091, "centroid_lat": -1.523928}, "geometry": {"type": "Polygon", "coordinates": [[[103.784547, -1.52306], [103.785563, -1.522934], [103.786198, -1.524329], [103.784944, -1.524998], [103.783991, -1.524097], [103.784547, -1.52306]]]}}, {"type": "Feature", "properties": {"division_code": 2, "block_code": 1, "block_label": "2-1", "planted_ha": 3.04, "palms": 419, "planted_year": 2011, "abw_kg": 22.3, "rotation_target_days": 10, "gang_code": "", "road_condition": "good", "bunches_per_day": 15.6, "centroid_lon": 103.777056, "centroid_lat": -1.524176}, "geometry": {"type": "Polygon", "coordinates": [[[103.776535, -1.525263], [103.776455, -1.525189], [103.776507, -1.523139], [103.77678, -1.522902], [103.777982, -1.523846], [103.777263, -1.525321], [103.776535, -1.525263]]]}}, {"type": "Feature", "properties": {"division_code": 2, "block_code": 2, "block_label": "2-2", "planted_ha": 3.96, "palms": 517, "planted_year": 2014, "abw_kg": 21.6, "rotation_target_days": 10, "gang_code": "", "road_condition": "fair", "bunches_per_day": 18.9, "centroid_lon": 103.782259, "centroid_lat": -1.524553}, "geometry": {"type": "Polygon", "coordinates": [[[103.781316, -1.524093], [103.78214, -1.523218], [103.7833, -1.524152], [103.782653, -1.525718], [103.781811, -1.525823], [103.781316, -1.524093]]]}}, {"type": "Feature", "properties": {"division_code": 2, "block_code": 3, "block_label": "2-3", "planted_ha": 3.77, "palms": 494, "planted_year": 2016, "abw_kg": 20.2, "rotation_target_days": 10, "gang_code": "", "road_condition": "poor", "bunches_per_day": 18.4, "centroid_lon": 103.787588, "centroid_lat": -1.524756}, "geometry": {"type": "Polygon", "coordinates": [[[103.786508, -1.524394], [103.787872, -1.523577], [103.788695, -1.524304], [103.788294, -1.525028], [103.787749, -1.52594], [103.78721, -1.526032], [103.786508, -1.524394]]]}}, {"type": "Feature", "properties": {"division_code": 2, "block_code": 4, "block_label": "2-4", "planted_ha": 4.33, "palms": 580, "planted_year": 2016, "abw_kg": 20.5, "rotation_target_days": 10, "gang_code": "", "road_condition": "good", "bunches_per_day": 19.8, "centroid_lon": 103.790386, "centroid_lat": -1.524688}, "geometry": {"type": "Polygon", "coordinates": [[[103.789186, -1.524364], [103.79045, -1.523418], [103.791483, -1.524156], [103.790833, -1.525934], [103.790049, -1.525902], [103.789186, -1.524364]]]}}, {"type": "Feature", "properties": {"division_code": 2, "block_code": 5, "block_label": "2-5", "planted_ha": 3.41, "palms": 460, "planted_year": 2015, "abw_kg": 22.3, "rotation_target_days": 10, "gang_code": "", "road_condition": "good", "bunches_per_day": 16.2, "centroid_lon": 103.792957, "centroid_lat": -1.524615}, "geometry": {"type": "Polygon", "coordinates": [[[103.791866, -1.524136], [103.792867, -1.523519], [103.794071, -1.524469], [103.793237, -1.525734], [103.792745, -1.525737], [103.791866, -1.524136]]]}}, {"type": "Feature", "properties": {"division_code": 2, "block_code": 6, "block_label": "2-6", "planted_ha": 3.48, "palms": 482, "planted_year": 2015, "abw_kg": 21.5, "rotation_target_days": 10, "gang_code": "", "road_condition": "good", "bunches_per_day": 17.4, "centroid_lon": 103.795585, "centroid_lat": -1.524878}, "geometry": {"type": "Polygon", "coordinates": [[[103.795503, -1.523626], [103.795664, -1.523637], [103.796547, -1.524961], [103.795944, -1.526069], [103.7954, -1.526071], [103.794584, -1.524448], [103.795503, -1.523626]]]}}, {"type": "Feature", "properties": {"division_code": 2, "block_code": 7, "block_label": "2-7", "planted_ha": 3.05, "palms": 408, "planted_year": 2012, "abw_kg": 21.7, "rotation_target_days": 10, "gang_code": "", "road_condition": "fair", "bunches_per_day": 15.4, "centroid_lon": 103.776855, "centroid_lat": -1.526326}, "geometry": {"type": "Polygon", "coordinates": [[[103.776589, -1.527402], [103.776075, -1.526927], [103.776093, -1.526092], [103.776444, -1.525687], [103.776449, -1.525453], [103.776537, -1.5253], [103.777263, -1.525357], [103.777835, -1.526335], [103.776835, -1.527411], [103.776589, -1.527402]]]}}, {"type": "Feature", "properties": {"division_code": 2, "block_code": 8, "block_label": "2-8", "planted_ha": 3.39, "palms": 443, "planted_year": 2012, "abw_kg": 22.6, "rotation_target_days": 10, "gang_code": "", "road_condition": "good", "bunches_per_day": 16.8, "centroid_lon": 103.778237, "centroid_lat": -1.52521}, "geometry": {"type": "Polygon", "coordinates": [[[103.778022, -1.523858], [103.778811, -1.524686], [103.779427, -1.525287], [103.778108, -1.526357], [103.777868, -1.526321], [103.777294, -1.525339], [103.778022, -1.523858]]]}}, {"type": "Feature", "properties": {"division_code": 2, "block_code": 9, "block_label": "2-9", "planted_ha": 3.54, "palms": 477, "planted_year": 2013, "abw_kg": 21.6, "rotation_target_days": 10, "gang_code": "", "road_condition": "good", "bunches_per_day": 19.0, "centroid_lon": 103.779398, "centroid_lat": -1.526347}, "geometry": {"type": "Polygon", "coordinates": [[[103.77814, -1.526377], [103.779461, -1.525306], [103.779783, -1.52531], [103.780604, -1.526304], [103.779263, -1.527518], [103.77814, -1.526377]]]}}, {"type": "Feature", "properties": {"division_code": 2, "block_code": 10, "block_label": "2-10", "planted_ha": 3.54, "palms": 478, "planted_year": 2013, "abw_kg": 22.0, "rotation_target_days": 10, "gang_code": "", "road_condition": "fair", "bunches_per_day": 15.6, "centroid_lon": 103.780847, "centroid_lat": -1.525243}, "geometry": {"type": "Polygon", "coordinates": [[[103.779814, -1.52529], [103.78043, -1.524225], [103.781283, -1.524108], [103.781777, -1.525836], [103.781146, -1.526331], [103.780637, -1.526289], [103.779814, -1.52529]]]}}, {"type": "Feature", "properties": {"division_code": 2, "block_code": 11, "block_label": "2-11", "planted_ha": 4.33, "palms": 583, "planted_year": 2015, "abw_kg": 21.9, "rotation_target_days": 10, "gang_code": "", "road_condition": "fair", "bunches_per_day": 20.0, "centroid_lon": 103.78381, "centroid_lat": -1.52531}, "geometry": {"type": "Polygon", "coordinates": [[[103.783334, -1.524164], [103.783962, -1.524119], [103.784923, -1.525029], [103.784941, -1.525628], [103.783678, -1.526503], [103.783391, -1.52646], [103.782687, -1.52573], [103.783334, -1.524164]]]}}, {"type": "Feature", "properties": {"division_code": 2, "block_code": 12, "block_label": "2-12", "planted_ha": 4.22, "palms": 555, "planted_year": 2015, "abw_kg": 21.8, "rotation_target_days": 10, "gang_code": "", "road_condition": "fair", "bunches_per_day": 20.1, "centroid_lon": 103.786074, "centroid_lat": -1.525586}, "geometry": {"type": "Polygon", "coordinates": [[[103.784977, -1.52563], [103.784959, -1.525031], [103.786224, -1.524356], [103.786473, -1.524403], [103.787177, -1.526048], [103.786377, -1.526858], [103.786143, -1.526852], [103.784977, -1.52563]]]}}, {"type": "Feature", "properties": {"division_code": 2, "block_code": 13, "block_label": "2-13", "planted_ha": 3.84, "palms": 519, "planted_year": 2016, "abw_kg": 20.7, "rotation_target_days": 10, "gang_code": "", "road_condition": "good", "bunches_per_day": 19.7, "centroid_lon": 103.788935, "centroid_lat": -1.525625}, "geometry": {"type": "Polygon", "coordinates": [[[103.788325, -1.525046], [103.788727, -1.524319], [103.789151, -1.524375], [103.790016, -1.525917], [103.789143, -1.526853], [103.787785, -1.525951], [103.788325, -1.525046]]]}}, {"type": "Feature", "properties": {"division_code": 2, "block_code": 14, "block_label": "2-14", "planted_ha": 3.18, "palms": 429, "planted_year": 2016, "abw_kg": 20.5, "rotation_target_days": 10, "gang_code": "", "road_condition": "fair", "bunches_per_day": 16.1, "centroid_lon": 103.79174, "centroid_lat": -1.52547}, "geometry": {"type": "Polygon", "coordinates": [[[103.791517, -1.524167], [103.791831, -1.524149], [103.792712, -1.52575], [103.79161, -1.526677], [103.790866, -1.525948], [103.791517, -1.524167]]]}}, {"type": "Feature", "properties": {"division_code": 2, "block_code": 15, "block_label": "2-15", "planted_ha": 3.79, "palms": 520, "planted_year": 2016, "abw_kg": 20.4, "rotation_target_days": 10, "gang_code": "", "road_condition": "fair", "bunches_per_day": 18.4, "centroid_lon": 103.794314, "centroid_lat": -1.525732}, "geometry": {"type": "Polygon", "coordinates": [[[103.793268, -1.525752], [103.794105, -1.524482], [103.794551, -1.524463], [103.795367, -1.526084], [103.794497, -1.526873], [103.794082, -1.526924], [103.793268, -1.525752]]]}}, {"type": "Feature", "properties": {"division_code": 2, "block_code": 16, "block_label": "2-16", "planted_ha": 1.78, "palms": 234, "planted_year": 2016, "abw_kg": 20.2, "rotation_target_days": 10, "gang_code": "", "road_condition": "fair", "bunches_per_day": 7.9, "centroid_lon": 103.796755, "centroid_lat": -1.526065}, "geometry": {"type": "Polygon", "coordinates": [[[103.79657, -1.524995], [103.797563, -1.526485], [103.797052, -1.526947], [103.795978, -1.526083], [103.79657, -1.524995]]]}}, {"type": "Feature", "properties": {"division_code": 2, "block_code": 17, "block_label": "2-17", "planted_ha": 4.0, "palms": 539, "planted_year": 2013, "abw_kg": 22.5, "rotation_target_days": 10, "gang_code": "", "road_condition": "fair", "bunches_per_day": 17.9, "centroid_lon": 103.778055, "centroid_lat": -1.527573}, "geometry": {"type": "Polygon", "coordinates": [[[103.776866, -1.527431], [103.777864, -1.526357], [103.778104, -1.526393], [103.779243, -1.52755], [103.779229, -1.527722], [103.778002, -1.528914], [103.776866, -1.527431]]]}}, {"type": "Feature", "properties": {"division_code": 2, "block_code": 18, "block_label": "2-18", "planted_ha": 4.39, "palms": 596, "planted_year": 2013, "abw_kg": 21.9, "rotation_target_days": 10, "gang_code": "", "road_condition": "good", "bunches_per_day": 20.6, "centroid_lon": 103.780568, "centroid_lat": -1.52758}, "geometry": {"type": "Polygon", "coordinates": [[[103.779265, -1.527723], [103.779279, -1.527552], [103.780635, -1.526325], [103.781138, -1.526367], [103.781662, -1.528005], [103.780647, -1.528881], [103.779265, -1.527723]]]}}, {"type": "Feature", "properties": {"division_code": 2, "block_code": 19, "block_label": "2-19", "planted_ha": 4.1, "palms": 554, "planted_year": 2013, "abw_kg": 21.8, "rotation_target_days": 10, "gang_code": "", "road_condition": "fair", "bunches_per_day": 20.5, "centroid_lon": 103.78222, "centroid_lat": -1.526836}, "geometry": {"type": "Polygon", "coordinates": [[[103.781805, -1.52586], [103.782659, -1.525753], [103.78336, -1.52648], [103.782957, -1.5272], [103.78241, -1.528104], [103.781696, -1.527995], [103.781172, -1.526356], [103.781805, -1.52586]]]}}, {"type": "Feature", "properties": {"division_code": 2, "block_code": 20, "block_label": "2-20", "planted_ha": 3.71, "palms": 505, "planted_year": 2015, "abw_kg": 21.9, "rotation_target_days": 10, "gang_code": "", "road_condition": "fair", "bunches_per_day": 16.7, "centroid_lon": 103.784878, "centroid_lat": -1.526834}, "geometry": {"type": "Polygon", "coordinates": [[[103.783707, -1.526527], [103.784957, -1.525661], [103.786109, -1.526869], [103.78472, -1.528136], [103.783707, -1.526527]]]}}, {"type": "Feature", "properties": {"division_code": 2, "block_code": 21, "block_label": "2-21", "planted_ha": 4.31, "palms": 568, "planted_year": 2017, "abw_kg": 19.0, "rotation_target_days": 10, "gang_code": "", "road_condition": "fair", "bunches_per_day": 23.1, "centroid_lon": 103.787688, "centroid_lat": -1.527037}, "geometry": {"type": "Polygon", "coordinates": [[[103.786408, -1.526878], [103.787207, -1.526069], [103.787757, -1.525976], [103.789127, -1.526886], [103.789127, -1.526942], [103.787719, -1.528199], [103.787264, -1.528129], [103.786408, -1.526878]]]}}, {"type": "Feature", "properties": {"division_code": 2, "block_code": 22, "block_label": "2-22", "planted_ha": 4.39, "palms": 608, "planted_year": 2018, "abw_kg": 17.7, "rotation_target_days": 10, "gang_code": "", "road_condition": "fair", "bunches_per_day": 19.4, "centroid_lon": 103.790397, "centroid_lat": -1.526997}, "geometry": {"type": "Polygon", "coordinates": [[[103.789163, -1.526944], [103.789163, -1.526884], [103.790045, -1.525938], [103.790838, -1.52597], [103.791592, -1.52671], [103.791631, -1.526959], [103.790563, -1.528185], [103.789971, -1.528112], [103.789163, -1.526944]]]}}, {"type": "Feature", "properties": {"division_code": 2, "block_code": 23, "block_label": "2-23", "planted_ha": 3.74, "palms": 496, "planted_year": 2017, "abw_kg": 18.6, "rotation_target_days": 10, "gang_code": "", "road_condition": "good", "bunches_per_day": 18.1, "centroid_lon": 103.792872, "centroid_lat": -1.526798}, "geometry": {"type": "Polygon", "coordinates": [[[103.791629, -1.526709], [103.792741, -1.525773], [103.793237, -1.52577], [103.79405, -1.526941], [103.793074, -1.527945], [103.791666, -1.526954], [103.791629, -1.526709]]]}}, {"type": "Feature", "properties": {"division_code": 2, "block_code": 24, "block_label": "2-24", "planted_ha": 4.48, "palms": 599, "planted_year": 2016, "abw_kg": 20.4, "rotation_target_days": 10, "gang_code": "", "road_condition": "good", "bunches_per_day": 23.9, "centroid_lon": 103.795811, "centroid_lat": -1.527189}, "geometry": {"type": "Polygon", "coordinates": [[[103.794979, -1.527583], [103.794528, -1.526893], [103.795396, -1.526107], [103.795948, -1.526106], [103.797035, -1.526981], [103.797079, -1.527442], [103.795601, -1.528509], [103.79554, -1.528501], [103.794979, -1.527583]]]}}, {"type": "Feature", "properties": {"division_code": 2, "block_code": 25, "block_label": "2-25", "planted_ha": 1.66, "palms": 226, "planted_year": 2016, "abw_kg": 20.6, "rotation_target_days": 10, "gang_code": "", "road_condition": "good", "bunches_per_day": 8.8, "centroid_lon": 103.797769, "centroid_lat": -1.527474}, "geometry": {"type": "Polygon", "coordinates": [[[103.797115, -1.527442], [103.797071, -1.526979], [103.797583, -1.526515], [103.798634, -1.528092], [103.798344, -1.528258], [103.797868, -1.528176], [103.797115, -1.527442]]]}}, {"type": "Feature", "properties": {"division_code": 2, "block_code": 26, "block_label": "2-26", "planted_ha": 4.06, "palms": 561, "planted_year": 2013, "abw_kg": 21.5, "rotation_target_days": 10, "gang_code": "", "road_condition": "good", "bunches_per_day": 18.2, "centroid_lon": 103.776822, "centroid_lat": -1.528777}, "geometry": {"type": "Polygon", "coordinates": [[[103.775932, -1.529444], [103.776023, -1.528163], [103.77659, -1.527439], [103.776833, -1.527447], [103.777981, -1.528946], [103.77796, -1.529105], [103.777086, -1.529852], [103.776389, -1.529834], [103.775932, -1.529444]]]}}, {"type": "Feature", "properties": {"division_code": 2, "block_code": 27, "block_label": "2-27", "planted_ha": 4.51, "palms": 594, "planted_year": 2013, "abw_kg": 21.4, "rotation_target_days": 10, "gang_code": "", "road_condition": "good", "bunches_per_day": 21.4, "centroid_lon": 103.779353, "centroid_lat": -1.529051}, "geometry": {"type": "Polygon", "coordinates": [[[103.777996, -1.529107], [103.778017, -1.52895], [103.779247, -1.527755], [103.780629, -1.528913], [103.780601, -1.529141], [103.779587, -1.530377], [103.777996, -1.529107]]]}}, {"type": "Feature", "properties": {"division_code": 2, "block_code": 28, "block_label": "2-28", "planted_ha": 4.13, "palms": 543, "planted_year": 2013, "abw_kg": 22.1, "rotation_target_days": 10, "gang_code": "", "road_condition": "good", "bunches_per_day": 21.5, "centroid_lon": 103.781949, "centroid_lat": -1.529047}, "geometry": {"type": "Polygon", "coordinates": [[[103.780665, -1.528914], [103.781688, -1.528031], [103.782411, -1.52814], [103.783297, -1.528987], [103.782066, -1.530249], [103.781272, -1.529655], [103.780637, -1.529141], [103.780665, -1.528914]]]}}, {"type": "Feature", "properties": {"division_code": 2, "block_code": 29, "block_label": "2-29", "planted_ha": 3.69, "palms": 488, "planted_year": 2014, "abw_kg": 22.0, "rotation_target_days": 10, "gang_code": "", "road_condition": "good", "bunches_per_day": 19.4, "centroid_lon": 103.783539, "centroid_lat": -1.527822}, "geometry": {"type": "Polygon", "coordinates": [[[103.782442, -1.52812], [103.782988, -1.527219], [103.783392, -1.526497], [103.783672, -1.526539], [103.784697, -1.528166], [103.784687, -1.528197], [103.78333, -1.528968], [103.782442, -1.52812]]]}}, {"type": "Feature", "properties": {"division_code": 2, "block_code": 30, "block_label": "2-30", "planted_ha": 4.57, "palms": 620, "planted_year": 2015, "abw_kg": 21.9, "rotation_target_days": 10, "gang_code": "", "road_condition": "fair", "bunches_per_day": 21.1, "centroid_lon": 103.786055, "centroid_lat": -1.528204}, "geometry": {"type": "Polygon", "coordinates": [[[103.784722, -1.528205], [103.784732, -1.528174], [103.786142, -1.526888], [103.786375, -1.526894], [103.787232, -1.528146], [103.786568, -1.529326], [103.785628, -1.529278], [103.784722, -1.528205]]]}}, {"type": "Feature", "properties": {"division_code": 2, "block_code": 31, "block_label": "2-31", "planted_ha": 3.22, "palms": 428, "planted_year": 2017, "abw_kg": 18.8, "rotation_target_days": 10, "gang_code": "", "road_condition": "good", "bunches_per_day": 16.5, "centroid_lon": 103.788888, "centroid_lat": -1.528178}, "geometry": {"type": "Polygon", "coordinates": [[[103.78775, -1.528219], [103.789142, -1.526977], [103.789938, -1.528128], [103.788848, -1.529343], [103.788778, -1.529342], [103.78775, -1.528219]]]}}, {"type": "Feature", "properties": {"division_code": 2, "block_code": 32, "block_label": "2-32", "planted_ha": 3.81, "palms": 506, "planted_year": 2017, "abw_kg": 18.7, "rotation_target_days": 10, "gang_code": "", "road_condition": "good", "bunches_per_day": 20.0, "centroid_lon": 103.791747, "centroid_lat": -1.528169}, "geometry": {"type": "Polygon", "coordinates": [[[103.790592, -1.528206], [103.791653, -1.526989], [103.793058, -1.527978], [103.793048, -1.528146], [103.791604, -1.529243], [103.791183, -1.529228], [103.790592, -1.528206]]]}}, {"type": "Feature", "properties": {"division_code": 2, "block_code": 33, "block_label": "2-33", "planted_ha": 4.47, "palms": 587, "planted_year": 2018, "abw_kg": 17.5, "rotation_target_days": 10, "gang_code": "", "road_condition": "good", "bunches_per_day": 23.4, "centroid_lon": 103.794259, "centroid_lat": -1.528202}, "geometry": {"type": "Polygon", "coordinates": [[[103.793084, -1.52815], [103.793094, -1.527977], [103.794082, -1.52696], [103.794496, -1.526909], [103.794949, -1.527602], [103.795506, -1.528514], [103.794318, -1.529445], [103.793967, -1.529421], [103.793084, -1.52815]]]}}, {"type": "Feature", "properties": {"division_code": 2, "block_code": 34, "block_label": "2-34", "planted_ha": 3.57, "palms": 487, "planted_year": 2016, "abw_kg": 20.4, "rotation_target_days": 10, "gang_code": "", "road_condition": "good", "bunches_per_day": 18.9, "centroid_lon": 103.796786, "centroid_lat": -1.528674}, "geometry": {"type": "Polygon", "coordinates": [[[103.795631, -1.528531], [103.797095, -1.527474], [103.797837, -1.528196], [103.796868, -1.530024], [103.796709, -1.530038], [103.795631, -1.528531]]]}}, {"type": "Feature", "properties": {"division_code": 2, "block_code": 35, "block_label": "2-35", "planted_ha": 4.08, "palms": 550, "planted_year": 2013, "abw_kg": 22.1, "rotation_target_days": 10, "gang_code": "", "road_condition": "good", "bunches_per_day": 21.5, "centroid_lon": 103.780755, "centroid_lat": -1.530424}, "geometry": {"type": "Polygon", "coordinates": [[[103.779653, -1.530856], [103.779608, -1.530407], [103.78062, -1.529174], [103.78125, -1.529684], [103.782049, -1.530282], [103.782008, -1.530618], [103.780696, -1.531484], [103.780445, -1.531487], [103.779653, -1.530856]]]}}, {"type": "Feature", "properties": {"division_code": 2, "block_code": 36, "block_label": "2-36", "planted_ha": 4.11, "palms": 556, "planted_year": 2014, "abw_kg": 21.5, "rotation_target_days": 10, "gang_code": "", "road_condition": "fair", "bunches_per_day": 18.5, "centroid_lon": 103.784542, "centroid_lat": -1.529512}, "geometry": {"type": "Polygon", "coordinates": [[[103.783369, -1.528993], [103.784698, -1.528232], [103.785598, -1.529298], [103.784864, -1.53086], [103.784437, -1.530914], [103.783369, -1.528993]]]}}, {"type": "Feature", "properties": {"division_code": 2, "block_code": 37, "block_label": "2-37", "planted_ha": 3.76, "palms": 521, "planted_year": 2016, "abw_kg": 20.9, "rotation_target_days": 10, "gang_code": "", "road_condition": "good", "bunches_per_day": 18.3, "centroid_lon": 103.78759, "centroid_lat": -1.529381}, "geometry": {"type": "Polygon", "coordinates": [[[103.787263, -1.528166], [103.787716, -1.528235], [103.788745, -1.52936], [103.787513, -1.530718], [103.787357, -1.530704], [103.786598, -1.529345], [103.787263, -1.528166]]]}}, {"type": "Feature", "properties": {"division_code": 2, "block_code": 38, "block_label": "2-38", "planted_ha": 3.5, "palms": 470, "planted_year": 2017, "abw_kg": 18.8, "rotation_target_days": 10, "gang_code": "", "road_condition": "good", "bunches_per_day": 18.6, "centroid_lon": 103.79007, "centroid_lat": -1.529211}, "geometry": {"type": "Polygon", "coordinates": [[[103.789968, -1.528149], [103.790559, -1.528221], [103.79115, -1.529243], [103.790069, -1.530405], [103.788881, -1.52936], [103.789968, -1.528149]]]}}, {"type": "Feature", "properties": {"division_code": 2, "block_code": 39, "block_label": "2-39", "planted_ha": 4.04, "palms": 560, "planted_year": 2018, "abw_kg": 18.1, "rotation_target_days": 10, "gang_code": "", "road_condition": "good", "bunches_per_day": 20.5, "centroid_lon": 103.792806, "centroid_lat": -1.52951}, "geometry": {"type": "Polygon", "coordinates": [[[103.792674, -1.530974], [103.791634, -1.529265], [103.793062, -1.528181], [103.793935, -1.529438], [103.792726, -1.530969], [103.792674, -1.530974]]]}}, {"type": "Feature", "properties": {"division_code": 2, "block_code": 40, "block_label": "2-40", "planted_ha": 3.77, "palms": 510, "planted_year": 2018, "abw_kg": 17.7, "rotation_target_days": 10, "gang_code": "", "road_condition": "good", "bunches_per_day": 19.2, "centroid_lon": 103.79553, "centroid_lat": -1.529799}, "geometry": {"type": "Polygon", "coordinates": [[[103.794348, -1.529467], [103.795535, -1.528537], [103.795596, -1.528544], [103.796676, -1.530055], [103.79556, -1.531139], [103.794348, -1.529467]]]}}, {"type": "Feature", "properties": {"division_code": 2, "block_code": 41, "block_label": "2-41", "planted_ha": 3.95, "palms": 522, "planted_year": 2016, "abw_kg": 20.4, "rotation_target_days": 10, "gang_code": "", "road_condition": "fair", "bunches_per_day": 20.9, "centroid_lon": 103.798062, "centroid_lat": -1.529576}, "geometry": {"type": "Polygon", "coordinates": [[[103.796903, -1.530034], [103.797869, -1.528213], [103.798335, -1.528293], [103.799167, -1.530174], [103.798183, -1.530712], [103.796903, -1.530034]]]}}, {"type": "Feature", "properties": {"division_code": 2, "block_code": 42, "block_label": "2-42", "planted_ha": 1.25, "palms": 171, "planted_year": 2015, "abw_kg": 22.2, "rotation_target_days": 10, "gang_code": "", "road_condition": "good", "bunches_per_day": 6.7, "centroid_lon": 103.79906, "centroid_lat": -1.529228}, "geometry": {"type": "Polygon", "coordinates": [[[103.798371, -1.528285], [103.798654, -1.528122], [103.798659, -1.52813], [103.799752, -1.529841], [103.799389, -1.530175], [103.799203, -1.530165], [103.798371, -1.528285]]]}}, {"type": "Feature", "properties": {"division_code": 2, "block_code": 43, "block_label": "2-43", "planted_ha": 4.34, "palms": 590, "planted_year": 2013, "abw_kg": 21.9, "rotation_target_days": 10, "gang_code": "", "road_condition": "fair", "bunches_per_day": 19.6, "centroid_lon": 103.776695, "centroid_lat": -1.531216}, "geometry": {"type": "Polygon", "coordinates": [[[103.775836, -1.531779], [103.775871, -1.530666], [103.776392, -1.52987], [103.777079, -1.529888], [103.777705, -1.531757], [103.776688, -1.532669], [103.775836, -1.531779]]]}}, {"type": "Feature", "properties": {"division_code": 2, "block_code": 44, "block_label": "2-44", "planted_ha": 4.93, "palms": 646, "planted_year": 2013, "abw_kg": 22.0, "rotation_target_days": 10, "gang_code": "", "road_condition": "fair", "bunches_per_day": 22.2, "centroid_lon": 103.778286, "centroid_lat": -1.530524}, "geometry": {"type": "Polygon", "coordinates": [[[103.777114, -1.529877], [103.777977, -1.529138], [103.779573, -1.530411], [103.779617, -1.530856], [103.778319, -1.531786], [103.777739, -1.531745], [103.777114, -1.529877]]]}}, {"type": "Feature", "properties": {"division_code": 2, "block_code": 45, "block_label": "2-45", "planted_ha": 3.66, "palms": 504, "planted_year": 2013, "abw_kg": 22.4, "rotation_target_days": 10, "gang_code": "", "road_condition": "fair", "bunches_per_day": 19.5, "centroid_lon": 103.781997, "centroid_lat": -1.531774}, "geometry": {"type": "Polygon", "coordinates": [[[103.780729, -1.531506], [103.782023, -1.530652], [103.783225, -1.531822], [103.782396, -1.532743], [103.781827, -1.53283], [103.780729, -1.531506]]]}}, {"type": "Feature", "properties": {"division_code": 2, "block_code": 46, "block_label": "2-46", "planted_ha": 4.41, "palms": 579, "planted_year": 2013, "abw_kg": 22.6, "rotation_target_days": 10, "gang_code": "", "road_condition": "fair", "bunches_per_day": 20.7, "centroid_lon": 103.783223, "centroid_lat": -1.53052}, "geometry": {"type": "Polygon", "coordinates": [[[103.782044, -1.530622], [103.782086, -1.530281], [103.783334, -1.529004], [103.784405, -1.530929], [103.783476, -1.531788], [103.783257, -1.531803], [103.782044, -1.530622]]]}}, {"type": "Feature", "properties": {"division_code": 2, "block_code": 47, "block_label": "2-47", "planted_ha": 4.34, "palms": 588, "planted_year": 2014, "abw_kg": 21.4, "rotation_target_days": 10, "gang_code": "", "road_condition": "fair", "bunches_per_day": 23.3, "centroid_lon": 103.786105, "centroid_lat": -1.530454}, "geometry": {"type": "Polygon", "coordinates": [[[103.78563, -1.529314], [103.786567, -1.529362], [103.787323, -1.530717], [103.786187, -1.53168], [103.784899, -1.53087], [103.78563, -1.529314]]]}}, {"type": "Feature", "properties": {"division_code": 2, "block_code": 48, "block_label": "2-48", "planted_ha": 3.76, "palms": 493, "planted_year": 2016, "abw_kg": 21.0, "rotation_target_days": 10, "gang_code": "", "road_condition": "fair", "bunches_per_day": 19.1, "centroid_lon": 103.788809, "centroid_lat": -1.530563}, "geometry": {"type": "Polygon", "coordinates": [[[103.788778, -1.529378], [103.788849, -1.529379], [103.790052, -1.530438], [103.790053, -1.530529], [103.788749, -1.531741], [103.787546, -1.530735], [103.788778, -1.529378]]]}}, {"type": "Feature", "properties": {"division_code": 2, "block_code": 49, "block_label": "2-49", "planted_ha": 4.38, "palms": 596, "planted_year": 2017, "abw_kg": 19.0, "rotation_target_days": 10, "gang_code": "", "road_condition": "good", "bunches_per_day": 20.3, "centroid_lon": 103.791377, "centroid_lat": -1.530522}, "geometry": {"type": "Polygon", "coordinates": [[[103.790089, -1.530529], [103.790088, -1.530437], [103.79118, -1.529264], [103.7916, -1.529279], [103.79264, -1.530988], [103.791562, -1.53174], [103.791432, -1.531746], [103.790089, -1.530529]]]}}, {"type": "Feature", "properties": {"division_code": 2, "block_code": 50, "block_label": "2-50", "planted_ha": 4.76, "palms": 639, "planted_year": 2018, "abw_kg": 17.6, "rotation_target_days": 10, "gang_code": "", "road_condition": "good", "bunches_per_day": 25.4, "centroid_lon": 103.794149, "centroid_lat": -1.530803}, "geometry": {"type": "Polygon", "coordinates": [[[103.792761, -1.530983], [103.793966, -1.529457], [103.794314, -1.529481], [103.795538, -1.53117], [103.795528, -1.53122], [103.794103, -1.532031], [103.792761, -1.530983]]]}}, {"type": "Feature", "properties": {"division_code": 2, "block_code": 51, "block_label": "2-51", "planted_ha": 4.35, "palms": 587, "planted_year": 2017, "abw_kg": 19.4, "rotation_target_days": 10, "gang_code": "", "road_condition": "fair", "bunches_per_day": 19.5, "centroid_lon": 103.796855, "centroid_lat": -1.531195}, "geometry": {"type": "Polygon", "coordinates": [[[103.795563, -1.531227], [103.795574, -1.531175], [103.796708, -1.530074], [103.796876, -1.53006], [103.798163, -1.530742], [103.79812, -1.531034], [103.796886, -1.53241], [103.796526, -1.532411], [103.795563, -1.531227]]]}}, {"type": "Feature", "properties": {"division_code": 2, "block_code": 52, "block_label": "2-52", "planted_ha": 4.28, "palms": 585, "planted_year": 2016, "abw_kg": 20.9, "rotation_target_days": 10, "gang_code": "", "road_condition": "good", "bunches_per_day": 21.0, "centroid_lon": 103.799254, "centroid_lat": -1.531426}, "geometry": {"type": "Polygon", "coordinates": [[[103.798155, -1.531039], [103.798199, -1.530744], [103.799195, -1.530201], [103.799387, -1.530211], [103.800401, -1.531417], [103.799717, -1.532607], [103.798969, -1.532662], [103.798155, -1.531039]]]}}, {"type": "Feature", "properties": {"division_code": 2, "block_code": 53, "block_label": "2-53", "planted_ha": 4.43, "palms": 582, "planted_year": 2013, "abw_kg": 22.3, "rotation_target_days": 10, "gang_code": "", "road_condition": "good", "bunches_per_day": 23.5, "centroid_lon": 103.777973, "centroid_lat": -1.53298}, "geometry": {"type": "Polygon", "coordinates": [[[103.777332, -1.533572], [103.776716, -1.532692], [103.777732, -1.531781], [103.778313, -1.531822], [103.779194, -1.533275], [103.777955, -1.534399], [103.777332, -1.533572]]]}}, {"type": "Feature", "properties": {"division_code": 2, "block_code": 54, "block_label": "2-54", "planted_ha": 3.55, "palms": 483, "planted_year": 2013, "abw_kg": 21.6, "rotation_target_days": 10, "gang_code": "", "road_condition": "poor", "bunches_per_day": 18.4, "centroid_lon": 103.779449, "centroid_lat": -1.532064}, "geometry": {"type": "Polygon", "coordinates": [[[103.778347, -1.53181], [103.779635, -1.530888], [103.780418, -1.531511], [103.779816, -1.533213], [103.779226, -1.53326], [103.778347, -1.53181]]]}}, {"type": "Feature", "properties": {"division_code": 2, "block_code": 55, "block_label": "2-55", "planted_ha": 3.25, "palms": 435, "planted_year": 2013, "abw_kg": 22.5, "rotation_target_days": 10, "gang_code": "", "road_condition": "fair", "bunches_per_day": 16.9, "centroid_lon": 103.780762, "centroid_lat": -1.53279}, "geometry": {"type": "Polygon", "coordinates": [[[103.779851, -1.533223], [103.780452, -1.531523], [103.780694, -1.531521], [103.781797, -1.532849], [103.78088, -1.533949], [103.78074, -1.533927], [103.779851, -1.533223]]]}}, {"type": "Feature", "properties": {"division_code": 2, "block_code": 56, "block_label": "2-56", "planted_ha": 3.75, "palms": 519, "planted_year": 2012, "abw_kg": 21.5, "rotation_target_days": 10, "gang_code": "", "road_condition": "fair", "bunches_per_day": 20.2, "centroid_lon": 103.783422, "centroid_lat": -1.533128}, "geometry": {"type": "Polygon", "coordinates": [[[103.782426, -1.532763], [103.783259, -1.531839], [103.783475, -1.531824], [103.784495, -1.53329], [103.783586, -1.534376], [103.78314, -1.534352], [103.782426, -1.532763]]]}}, {"type": "Feature", "properties": {"division_code": 2, "block_code": 57, "block_label": "2-57", "planted_ha": 4.99, "palms": 690, "planted_year": 2013, "abw_kg": 21.8, "rotation_target_days": 10, "gang_code": "", "road_condition": "fair", "bunches_per_day": 23.6, "centroid_lon": 103.784893, "centroid_lat": -1.532057}, "geometry": {"type": "Polygon", "coordinates": [[[103.783507, -1.531808], [103.784435, -1.530951], [103.784872, -1.530896], [103.786172, -1.531713], [103.786209, -1.532332], [103.784884, -1.533317], [103.784528, -1.533274], [103.783507, -1.531808]]]}}, {"type": "Feature", "properties": {"division_code": 2, "block_code": 58, "block_label": "2-58", "planted_ha": 4.69, "palms": 629, "planted_year": 2014, "abw_kg": 21.9, "rotation_target_days": 10, "gang_code": "", "road_condition": "good", "bunches_per_day": 20.7, "centroid_lon": 103.787405, "centroid_lat": -1.531977}, "geometry": {"type": "Polygon", "coordinates": [[[103.786245, -1.532333], [103.786207, -1.531711], [103.787352, -1.530739], [103.787513, -1.530754], [103.788732, -1.531774], [103.788755, -1.531969], [103.787536, -1.533187], [103.787064, -1.533085], [103.786245, -1.532333]]]}}, {"type": "Feature", "properties": {"division_code": 2, "block_code": 59, "block_label": "2-59", "planted_ha": 4.41, "palms": 595, "planted_year": 2016, "abw_kg": 21.1, "rotation_target_days": 10, "gang_code": "", "road_condition": "poor", "bunches_per_day": 21.8, "centroid_lon": 103.790053, "centroid_lat": -1.531859}, "geometry": {"type": "Polygon", "coordinates": [[[103.788768, -1.531772], [103.790071, -1.530561], [103.791399, -1.531765], [103.790073, -1.533204], [103.788791, -1.531967], [103.788768, -1.531772]]]}}, {"type": "Feature", "properties": {"division_code": 2, "block_code": 60, "block_label": "2-60", "planted_ha": 4.94, "palms": 669, "planted_year": 2017, "abw_kg": 19.2, "rotation_target_days": 10, "gang_code": "", "road_condition": "fair", "bunches_per_day": 26.5, "centroid_lon": 103.792868, "centroid_lat": -1.532319}, "geometry": {"type": "Polygon", "coordinates": [[[103.792048, -1.532704], [103.791591, -1.531764], [103.792671, -1.531011], [103.79273, -1.531005], [103.794083, -1.53206], [103.79399, -1.532759], [103.793087, -1.533594], [103.792524, -1.533609], [103.792048, -1.532704]]]}}, {"type": "Feature", "properties": {"division_code": 2, "block_code": 61, "block_label": "2-61", "planted_ha": 4.3, "palms": 564, "planted_year": 2018, "abw_kg": 18.4, "rotation_target_days": 10, "gang_code": "", "road_condition": "good", "bunches_per_day": 20.0, "centroid_lon": 103.795258, "centroid_lat": -1.532454}, "geometry": {"type": "Polygon", "coordinates": [[[103.794026, -1.532759], [103.794119, -1.532063], [103.79554, -1.531255], [103.796496, -1.532431], [103.796018, -1.533316], [103.795051, -1.533462], [103.794026, -1.532759]]]}}, {"type": "Feature", "properties": {"division_code": 2, "block_code": 62, "block_label": "2-62", "planted_ha": 2.99, "palms": 401, "planted_year": 2017, "abw_kg": 18.9, "rotation_target_days": 10, "gang_code": "", "road_condition": "good", "bunches_per_day": 13.2, "centroid_lon": 103.798009, "centroid_lat": -1.532361}, "geometry": {"type": "Polygon", "coordinates": [[[103.798014, -1.533336], [103.79692, -1.532426], [103.798132, -1.531073], [103.798937, -1.532678], [103.7984, -1.533356], [103.798014, -1.533336]]]}}, {"type": "Feature", "properties": {"division_code": 2, "block_code": 63, "block_label": "2-63", "planted_ha": 2.93, "palms": 398, "planted_year": 2015, "abw_kg": 22.2, "rotation_target_days": 10, "gang_code": "", "road_condition": "good", "bunches_per_day": 14.7, "centroid_lon": 103.800699, "centroid_lat": -1.532575}, "geometry": {"type": "Polygon", "coordinates": [[[103.80057, -1.533443], [103.800575, -1.533522], [103.800438, -1.53352], [103.79975, -1.532622], [103.800433, -1.531434], [103.80072, -1.531444], [103.801177, -1.532163], [103.801759, -1.533005], [103.801438, -1.533322], [103.800697, -1.533366], [103.8007, -1.53343], [103.80057, -1.533443]]]}}, {"type": "Feature", "properties": {"division_code": 2, "block_code": 64, "block_label": "2-64", "planted_ha": 3.13, "palms": 425, "planted_year": 2012, "abw_kg": 21.5, "rotation_target_days": 10, "gang_code": "", "road_condition": "good", "bunches_per_day": 14.3, "centroid_lon": 103.785984, "centroid_lat": -1.533464}, "geometry": {"type": "Polygon", "coordinates": [[[103.784913, -1.533341], [103.786226, -1.532365], [103.787032, -1.533104], [103.786048, -1.534596], [103.785741, -1.534616], [103.784913, -1.533341]]]}}, {"type": "Feature", "properties": {"division_code": 2, "block_code": 65, "block_label": "2-65", "planted_ha": 4.7, "palms": 637, "planted_year": 2015, "abw_kg": 21.4, "rotation_target_days": 10, "gang_code": "", "road_condition": "good", "bunches_per_day": 23.4, "centroid_lon": 103.78883, "centroid_lat": -1.533384}, "geometry": {"type": "Polygon", "coordinates": [[[103.787565, -1.53321], [103.788775, -1.532001], [103.790056, -1.533238], [103.790084, -1.533709], [103.788716, -1.534617], [103.788544, -1.534724], [103.788482, -1.534712], [103.787565, -1.53321]]]}}, {"type": "Feature", "properties": {"division_code": 2, "block_code": 66, "block_label": "2-66", "planted_ha": 4.77, "palms": 643, "planted_year": 2016, "abw_kg": 20.7, "rotation_target_days": 10, "gang_code": "", "road_condition": "fair", "bunches_per_day": 24.2, "centroid_lon": 103.791278, "centroid_lat": -1.533312}, "geometry": {"type": "Polygon", "coordinates": [[[103.790092, -1.533236], [103.791433, -1.531782], [103.791557, -1.531777], [103.792016, -1.53272], [103.792491, -1.533623], [103.791329, -1.53468], [103.790814, -1.534284], [103.79012, -1.533709], [103.790092, -1.533236]]]}}, {"type": "Feature", "properties": {"division_code": 2, "block_code": 67, "block_label": "2-67", "planted_ha": 3.36, "palms": 466, "planted_year": 2017, "abw_kg": 19.4, "rotation_target_days": 10, "gang_code": "", "road_condition": "good", "bunches_per_day": 16.6, "centroid_lon": 103.796933, "centroid_lat": -1.533581}, "geometry": {"type": "Polygon", "coordinates": [[[103.796528, -1.532447], [103.796887, -1.532447], [103.797983, -1.533357], [103.796868, -1.535051], [103.796798, -1.535038], [103.79605, -1.533334], [103.796528, -1.532447]]]}}, {"type": "Feature", "properties": {"division_code": 3, "block_code": 1, "block_label": "3-1", "planted_ha": 4.62, "palms": 628, "planted_year": 2012, "abw_kg": 22.4, "rotation_target_days": 10, "gang_code": "", "road_condition": "fair", "bunches_per_day": 23.6, "centroid_lon": 103.776648, "centroid_lat": -1.534184}, "geometry": {"type": "Polygon", "coordinates": [[[103.775741, -1.534936], [103.775739, -1.534853], [103.775785, -1.533399], [103.776684, -1.532709], [103.777303, -1.533593], [103.777935, -1.534431], [103.77793, -1.534553], [103.776563, -1.535411], [103.776193, -1.535394], [103.775741, -1.534936]]]}}, {"type": "Feature", "properties": {"division_code": 3, "block_code": 2, "block_label": "3-2", "planted_ha": 4.22, "palms": 565, "planted_year": 2013, "abw_kg": 22.4, "rotation_target_days": 10, "gang_code": "", "road_condition": "poor", "bunches_per_day": 22.7, "centroid_lon": 103.779293, "centroid_lat": -1.534307}, "geometry": {"type": "Polygon", "coordinates": [[[103.777971, -1.534434], [103.779224, -1.533296], [103.779824, -1.533248], [103.780706, -1.533946], [103.779171, -1.535517], [103.778884, -1.535457], [103.777966, -1.534556], [103.777971, -1.534434]]]}}, {"type": "Feature", "properties": {"division_code": 3, "block_code": 3, "block_label": "3-3", "planted_ha": 3.91, "palms": 535, "planted_year": 2012, "abw_kg": 22.1, "rotation_target_days": 10, "gang_code": "", "road_condition": "fair", "bunches_per_day": 17.3, "centroid_lon": 103.782033, "centroid_lat": -1.534012}, "geometry": {"type": "Polygon", "coordinates": [[[103.781829, -1.532866], [103.782394, -1.532779], [103.783106, -1.534365], [103.781906, -1.535338], [103.78091, -1.53397], [103.781829, -1.532866]]]}}, {"type": "Feature", "properties": {"division_code": 3, "block_code": 4, "block_label": "3-4", "planted_ha": 3.47, "palms": 461, "planted_year": 2013, "abw_kg": 21.5, "rotation_target_days": 10, "gang_code": "", "road_condition": "fair", "bunches_per_day": 15.8, "centroid_lon": 103.784687, "centroid_lat": -1.534492}, "geometry": {"type": "Polygon", "coordinates": [[[103.784645, -1.535693], [103.783617, -1.534395], [103.784525, -1.53331], [103.784878, -1.533353], [103.78571, -1.534634], [103.784887, -1.535695], [103.784645, -1.535693]]]}}, {"type": "Feature", "properties": {"division_code": 3, "block_code": 5, "block_label": "3-5", "planted_ha": 3.67, "palms": 504, "planted_year": 2013, "abw_kg": 22.5, "rotation_target_days": 10, "gang_code": "", "road_condition": "fair", "bunches_per_day": 17.0, "centroid_lon": 103.787275, "centroid_lat": -1.534326}, "geometry": {"type": "Polygon", "coordinates": [[[103.786084, -1.534608], [103.787064, -1.533122], [103.787531, -1.533223], [103.788446, -1.534722], [103.78735, -1.535407], [103.786084, -1.534608]]]}}, {"type": "Feature", "properties": {"division_code": 3, "block_code": 6, "block_label": "3-6", "planted_ha": 3.46, "palms": 464, "planted_year": 2017, "abw_kg": 19.4, "rotation_target_days": 10, "gang_code": "", "road_condition": "fair", "bunches_per_day": 18.1, "centroid_lon": 103.794134, "centroid_lat": -1.533987}, "geometry": {"type": "Polygon", "coordinates": [[[103.793116, -1.533616], [103.794008, -1.532791], [103.795025, -1.533488], [103.794578, -1.535234], [103.793942, -1.535134], [103.793116, -1.533616]]]}}, {"type": "Feature", "properties": {"division_code": 3, "block_code": 7, "block_label": "3-7", "planted_ha": 3.18, "palms": 422, "planted_year": 2016, "abw_kg": 20.9, "rotation_target_days": 10, "gang_code": "", "road_condition": "good", "bunches_per_day": 15.8, "centroid_lon": 103.799415, "centroid_lat": -1.533611}, "geometry": {"type": "Polygon", "coordinates": [[[103.79843, -1.533376], [103.798967, -1.532698], [103.79972, -1.532643], [103.800407, -1.533538], [103.799599, -1.534756], [103.799271, -1.534781], [103.79843, -1.533376]]]}}, {"type": "Feature", "properties": {"division_code": 3, "block_code": 8, "block_label": "3-8", "planted_ha": 3.99, "palms": 526, "planted_year": 2012, "abw_kg": 21.6, "rotation_target_days": 10, "gang_code": "", "road_condition": "fair", "bunches_per_day": 21.3, "centroid_lon": 103.777762, "centroid_lat": -1.535813}, "geometry": {"type": "Polygon", "coordinates": [[[103.777945, -1.534586], [103.778853, -1.535477], [103.778081, -1.537027], [103.777531, -1.537094], [103.776592, -1.535436], [103.777945, -1.534586]]]}}, {"type": "Feature", "properties": {"division_code": 3, "block_code": 9, "block_label": "3-9", "planted_ha": 4.87, "palms": 649, "planted_year": 2012, "abw_kg": 22.4, "rotation_target_days": 10, "gang_code": "", "road_condition": "good", "bunches_per_day": 24.6, "centroid_lon": 103.780645, "centroid_lat": -1.53538}, "geometry": {"type": "Polygon", "coordinates": [[[103.779203, -1.535536], [103.780739, -1.533964], [103.780877, -1.533985], [103.781884, -1.535369], [103.781844, -1.535847], [103.780448, -1.536636], [103.779203, -1.535536]]]}}, {"type": "Feature", "properties": {"division_code": 3, "block_code": 10, "block_label": "3-10", "planted_ha": 4.93, "palms": 658, "planted_year": 2012, "abw_kg": 21.4, "rotation_target_days": 10, "gang_code": "", "road_condition": "good", "bunches_per_day": 23.9, "centroid_lon": 103.783197, "centroid_lat": -1.535599}, "geometry": {"type": "Polygon", "coordinates": [[[103.78192, -1.535373], [103.783134, -1.534388], [103.783585, -1.534412], [103.784611, -1.535709], [103.783386, -1.536775], [103.783038, -1.536801], [103.78188, -1.53585], [103.78192, -1.535373]]]}}, {"type": "Feature", "properties": {"division_code": 3, "block_code": 11, "block_label": "3-11", "planted_ha": 3.87, "palms": 531, "planted_year": 2012, "abw_kg": 21.4, "rotation_target_days": 10, "gang_code": "", "road_condition": "good", "bunches_per_day": 20.0, "centroid_lon": 103.786139, "centroid_lat": -1.535688}, "geometry": {"type": "Polygon", "coordinates": [[[103.784919, -1.535712], [103.785741, -1.534653], [103.786054, -1.534632], [103.78733, -1.535437], [103.787223, -1.536037], [103.78612, -1.536754], [103.785799, -1.536684], [103.784919, -1.535712]]]}}, {"type": "Feature", "properties": {"division_code": 3, "block_code": 12, "block_label": "3-12", "planted_ha": 4.68, "palms": 625, "planted_year": 2014, "abw_kg": 22.6, "rotation_target_days": 10, "gang_code": "", "road_condition": "fair", "bunches_per_day": 25.2, "centroid_lon": 103.789972, "centroid_lat": -1.534958}, "geometry": {"type": "Polygon", "coordinates": [[[103.790102, -1.533741], [103.790791, -1.534312], [103.791314, -1.534714], [103.791328, -1.534797], [103.790597, -1.535905], [103.789347, -1.535984], [103.788572, -1.534749], [103.790102, -1.533741]]]}}, {"type": "Feature", "properties": {"division_code": 3, "block_code": 13, "block_label": "3-13", "planted_ha": 4.13, "palms": 564, "planted_year": 2015, "abw_kg": 22.5, "rotation_target_days": 10, "gang_code": "", "road_condition": "fair", "bunches_per_day": 19.6, "centroid_lon": 103.792683, "centroid_lat": -1.534746}, "geometry": {"type": "Polygon", "coordinates": [[[103.791363, -1.534791], [103.79135, -1.534711], [103.792521, -1.533645], [103.793083, -1.533631], [103.793907, -1.535145], [103.793019, -1.535785], [103.792493, -1.535757], [103.791363, -1.534791]]]}}, {"type": "Feature", "properties": {"division_code": 3, "block_code": 14, "block_label": "3-14", "planted_ha": 4.08, "palms": 541, "planted_year": 2016, "abw_kg": 21.1, "rotation_target_days": 10, "gang_code": "", "road_condition": "good", "bunches_per_day": 20.8, "centroid_lon": 103.795617, "centroid_lat": -1.53457}, "geometry": {"type": "Polygon", "coordinates": [[[103.794612, -1.535247], [103.79506, -1.533497], [103.796019, -1.533353], [103.796762, -1.535046], [103.795477, -1.535688], [103.795051, -1.535597], [103.794612, -1.535247]]]}}, {"type": "Feature", "properties": {"division_code": 3, "block_code": 15, "block_label": "3-15", "planted_ha": 4.05, "palms": 534, "planted_year": 2016, "abw_kg": 20.0, "rotation_target_days": 10, "gang_code": "", "road_condition": "good", "bunches_per_day": 19.8, "centroid_lon": 103.798111, "centroid_lat": -1.53468}, "geometry": {"type": "Polygon", "coordinates": [[[103.798016, -1.533372], [103.798397, -1.533392], [103.799239, -1.534798], [103.798178, -1.535944], [103.796901, -1.535067], [103.798016, -1.533372]]]}}, {"type": "Feature", "properties": {"division_code": 3, "block_code": 16, "block_label": "3-16", "planted_ha": 2.78, "palms": 367, "planted_year": 2016, "abw_kg": 20.9, "rotation_target_days": 10, "gang_code": "", "road_condition": "poor", "bunches_per_day": 12.4, "centroid_lon": 103.799192, "centroid_lat": -1.535773}, "geometry": {"type": "Polygon", "coordinates": [[[103.7982, -1.535973], [103.79927, -1.534817], [103.799605, -1.534792], [103.800483, -1.535405], [103.799911, -1.535562], [103.799286, -1.536555], [103.799117, -1.537032], [103.798261, -1.536233], [103.7982, -1.535973]]]}}, {"type": "Feature", "properties": {"division_code": 3, "block_code": 17, "block_label": "3-17", "planted_ha": 2.43, "palms": 323, "planted_year": 2015, "abw_kg": 21.4, "rotation_target_days": 10, "gang_code": "", "road_condition": "good", "bunches_per_day": 12.8, "centroid_lon": 103.800677, "centroid_lat": -1.534744}, "geometry": {"type": "Polygon", "coordinates": [[[103.799634, -1.534768], [103.800439, -1.533556], [103.800578, -1.533559], [103.800648, -1.534439], [103.801551, -1.53458], [103.801738, -1.535157], [103.801379, -1.53548], [103.800554, -1.535411], [103.799634, -1.534768]]]}}, {"type": "Feature", "properties": {"division_code": 3, "block_code": 18, "block_label": "3-18", "planted_ha": 3.6, "palms": 474, "planted_year": 2010, "abw_kg": 22.4, "rotation_target_days": 10, "gang_code": "", "road_condition": "good", "bunches_per_day": 19.2, "centroid_lon": 103.776509, "centroid_lat": -1.536775}, "geometry": {"type": "Polygon", "coordinates": [[[103.775777, -1.537202], [103.775773, -1.536141], [103.776195, -1.535431], [103.776557, -1.535447], [103.7775, -1.537112], [103.776883, -1.537918], [103.776223, -1.537916], [103.775777, -1.537202]]]}}, {"type": "Feature", "properties": {"division_code": 3, "block_code": 19, "block_label": "3-19", "planted_ha": 4.25, "palms": 567, "planted_year": 2011, "abw_kg": 22.1, "rotation_target_days": 10, "gang_code": "", "road_condition": "fair", "bunches_per_day": 22.1, "centroid_lon": 103.779285, "centroid_lat": -1.53681}, "geometry": {"type": "Polygon", "coordinates": [[[103.778115, -1.537039], [103.778884, -1.535494], [103.779169, -1.535553], [103.780426, -1.536665], [103.780265, -1.537389], [103.779316, -1.538057], [103.778115, -1.537039]]]}}, {"type": "Feature", "properties": {"division_code": 3, "block_code": 20, "block_label": "3-20", "planted_ha": 3.96, "palms": 527, "planted_year": 2012, "abw_kg": 22.2, "rotation_target_days": 10, "gang_code": "", "road_condition": "poor", "bunches_per_day": 21.0, "centroid_lon": 103.784665, "centroid_lat": -1.536917}, "geometry": {"type": "Polygon", "coordinates": [[[103.784086, -1.537521], [103.783419, -1.536794], [103.784643, -1.535729], [103.784888, -1.535731], [103.785768, -1.536703], [103.78484, -1.538332], [103.784753, -1.538315], [103.784086, -1.537521]]]}}, {"type": "Feature", "properties": {"division_code": 3, "block_code": 21, "block_label": "3-21", "planted_ha": 2.77, "palms": 378, "planted_year": 2012, "abw_kg": 21.5, "rotation_target_days": 10, "gang_code": "", "road_condition": "good", "bunches_per_day": 14.6, "centroid_lon": 103.787141, "centroid_lat": -1.537131}, "geometry": {"type": "Polygon", "coordinates": [[[103.786979, -1.538127], [103.786148, -1.536778], [103.787235, -1.536072], [103.788056, -1.537118], [103.787435, -1.538163], [103.786979, -1.538127]]]}}, {"type": "Feature", "properties": {"division_code": 3, "block_code": 22, "block_label": "3-22", "planted_ha": 3.99, "palms": 535, "planted_year": 2012, "abw_kg": 22.5, "rotation_target_days": 10, "gang_code": "", "road_condition": "good", "bunches_per_day": 18.4, "centroid_lon": 103.788322, "centroid_lat": -1.536017}, "geometry": {"type": "Polygon", "coordinates": [[[103.787258, -1.536043], [103.787366, -1.535439], [103.788474, -1.534747], [103.788536, -1.53476], [103.789318, -1.536005], [103.789018, -1.537083], [103.788086, -1.537099], [103.787258, -1.536043]]]}}, {"type": "Feature", "properties": {"division_code": 3, "block_code": 23, "block_label": "3-23", "planted_ha": 3.71, "palms": 500, "planted_year": 2012, "abw_kg": 21.5, "rotation_target_days": 10, "gang_code": "", "road_condition": "good", "bunches_per_day": 16.8, "centroid_lon": 103.790053, "centroid_lat": -1.536941}, "geometry": {"type": "Polygon", "coordinates": [[[103.789352, -1.53602], [103.790595, -1.535942], [103.791107, -1.537415], [103.789901, -1.538131], [103.789051, -1.537097], [103.789352, -1.53602]]]}}, {"type": "Feature", "properties": {"division_code": 3, "block_code": 24, "block_label": "3-24", "planted_ha": 3.31, "palms": 440, "planted_year": 2013, "abw_kg": 22.4, "rotation_target_days": 10, "gang_code": "", "road_condition": "good", "bunches_per_day": 16.5, "centroid_lon": 103.791475, "centroid_lat": -1.536127}, "geometry": {"type": "Polygon", "coordinates": [[[103.790627, -1.535925], [103.79135, -1.534828], [103.792464, -1.535779], [103.791962, -1.536692], [103.791529, -1.537424], [103.791142, -1.537405], [103.790627, -1.535925]]]}}, {"type": "Feature", "properties": {"division_code": 3, "block_code": 25, "block_label": "3-25", "planted_ha": 3.51, "palms": 473, "planted_year": 2013, "abw_kg": 22.5, "rotation_target_days": 10, "gang_code": "", "road_condition": "good", "bunches_per_day": 15.8, "centroid_lon": 103.792624, "centroid_lat": -1.537059}, "geometry": {"type": "Polygon", "coordinates": [[[103.791562, -1.537438], [103.791993, -1.53671], [103.792497, -1.535793], [103.793011, -1.535821], [103.793505, -1.53736], [103.793017, -1.538124], [103.792538, -1.538162], [103.791562, -1.537438]]]}}, {"type": "Feature", "properties": {"division_code": 3, "block_code": 26, "block_label": "3-26", "planted_ha": 3.39, "palms": 447, "planted_year": 2015, "abw_kg": 21.8, "rotation_target_days": 10, "gang_code": "", "road_condition": "poor", "bunches_per_day": 15.7, "centroid_lon": 103.794001, "centroid_lat": -1.536175}, "geometry": {"type": "Polygon", "coordinates": [[[103.793045, -1.535811], [103.793935, -1.53517], [103.794584, -1.535272], [103.795021, -1.535619], [103.794327, -1.537173], [103.793537, -1.537342], [103.793045, -1.535811]]]}}, {"type": "Feature", "properties": {"division_code": 3, "block_code": 27, "block_label": "3-27", "planted_ha": 3.36, "palms": 458, "planted_year": 2015, "abw_kg": 21.9, "rotation_target_days": 10, "gang_code": "", "road_condition": "good", "bunches_per_day": 16.5, "centroid_lon": 103.795311, "centroid_lat": -1.536999}, "geometry": {"type": "Polygon", "coordinates": [[[103.794362, -1.537184], [103.795053, -1.535634], [103.795467, -1.535722], [103.796243, -1.537659], [103.795516, -1.538265], [103.794362, -1.537184]]]}}, {"type": "Feature", "properties": {"division_code": 3, "block_code": 28, "block_label": "3-28", "planted_ha": 5.11, "palms": 688, "planted_year": 2016, "abw_kg": 21.2, "rotation_target_days": 10, "gang_code": "", "road_condition": "good", "bunches_per_day": 23.4, "centroid_lon": 103.796793, "centroid_lat": -1.536301}, "geometry": {"type": "Polygon", "coordinates": [[[103.795502, -1.535715], [103.796788, -1.535073], [103.796869, -1.535088], [103.798165, -1.535978], [103.798225, -1.536236], [103.796711, -1.537679], [103.796277, -1.537647], [103.795502, -1.535715]]]}}, {"type": "Feature", "properties": {"division_code": 3, "block_code": 29, "block_label": "3-29", "planted_ha": 3.96, "palms": 539, "planted_year": 2010, "abw_kg": 21.4, "rotation_target_days": 10, "gang_code": "", "road_condition": "good", "bunches_per_day": 19.5, "centroid_lon": 103.778091, "centroid_lat": -1.538145}, "geometry": {"type": "Polygon", "coordinates": [[[103.776914, -1.537936], [103.777531, -1.537131], [103.778087, -1.537063], [103.779295, -1.538087], [103.779186, -1.538536], [103.777967, -1.539395], [103.776914, -1.537936]]]}}, {"type": "Feature", "properties": {"division_code": 3, "block_code": 30, "block_label": "3-30", "planted_ha": 5.5, "palms": 761, "planted_year": 2012, "abw_kg": 21.7, "rotation_target_days": 10, "gang_code": "", "road_condition": "good", "bunches_per_day": 25.1, "centroid_lon": 103.781651, "centroid_lat": -1.537217}, "geometry": {"type": "Polygon", "coordinates": [[[103.781521, -1.53853], [103.780301, -1.537394], [103.780462, -1.53667], [103.781859, -1.53588], [103.78301, -1.536825], [103.782152, -1.53852], [103.781521, -1.53853]]]}}, {"type": "Feature", "properties": {"division_code": 3, "block_code": 31, "block_label": "3-31", "planted_ha": 4.49, "palms": 609, "planted_year": 2012, "abw_kg": 22.4, "rotation_target_days": 10, "gang_code": "", "road_condition": "poor", "bunches_per_day": 20.9, "centroid_lon": 103.783337, "centroid_lat": -1.538168}, "geometry": {"type": "Polygon", "coordinates": [[[103.783044, -1.536837], [103.783386, -1.536811], [103.784059, -1.537545], [103.784716, -1.538328], [103.782939, -1.539493], [103.782184, -1.538536], [103.783044, -1.536837]]]}}, {"type": "Feature", "properties": {"division_code": 3, "block_code": 32, "block_label": "3-32", "planted_ha": 3.5, "palms": 477, "planted_year": 2013, "abw_kg": 22.5, "rotation_target_days": 10, "gang_code": "", "road_condition": "fair", "bunches_per_day": 17.3, "centroid_lon": 103.785898, "centroid_lat": -1.538025}, "geometry": {"type": "Polygon", "coordinates": [[[103.785799, -1.536721], [103.786112, -1.536789], [103.786946, -1.538142], [103.785794, -1.539286], [103.784872, -1.538349], [103.785799, -1.536721]]]}}, {"type": "Feature", "properties": {"division_code": 3, "block_code": 33, "block_label": "3-33", "planted_ha": 4.2, "palms": 560, "planted_year": 2013, "abw_kg": 22.2, "rotation_target_days": 10, "gang_code": "", "road_condition": "good", "bunches_per_day": 20.3, "centroid_lon": 103.788685, "centroid_lat": -1.538145}, "geometry": {"type": "Polygon", "coordinates": [[[103.787467, -1.53818], [103.788088, -1.537135], [103.789023, -1.537119], [103.789877, -1.538159], [103.789758, -1.538586], [103.789057, -1.53915], [103.788448, -1.539239], [103.787467, -1.53818]]]}}, {"type": "Feature", "properties": {"division_code": 3, "block_code": 34, "block_label": "3-34", "planted_ha": 3.95, "palms": 532, "planted_year": 2013, "abw_kg": 21.5, "rotation_target_days": 10, "gang_code": "", "road_condition": "good", "bunches_per_day": 19.9, "centroid_lon": 103.794289, "centroid_lat": -1.538266}, "geometry": {"type": "Polygon", "coordinates": [[[103.79305, -1.538139], [103.793536, -1.537379], [103.794335, -1.537208], [103.795495, -1.538295], [103.795276, -1.538931], [103.794255, -1.53939], [103.79305, -1.538139]]]}}, {"type": "Feature", "properties": {"division_code": 3, "block_code": 35, "block_label": "3-35", "planted_ha": 3.66, "palms": 487, "planted_year": 2015, "abw_kg": 22.4, "rotation_target_days": 10, "gang_code": "", "road_condition": "good", "bunches_per_day": 19.5, "centroid_lon": 103.797969, "centroid_lat": -1.537509}, "geometry": {"type": "Polygon", "coordinates": [[[103.796743, -1.537698], [103.798245, -1.536267], [103.799104, -1.537069], [103.799026, -1.537287], [103.798096, -1.538541], [103.798041, -1.538635], [103.797566, -1.5386], [103.796743, -1.537698]]]}}, {"type": "Feature", "properties": {"division_code": 3, "block_code": 36, "block_label": "3-36", "planted_ha": 4.76, "palms": 646, "planted_year": 2009, "abw_kg": 21.6, "rotation_target_days": 10, "gang_code": "", "road_condition": "good", "bunches_per_day": 24.1, "centroid_lon": 103.776642, "centroid_lat": -1.539198}, "geometry": {"type": "Polygon", "coordinates": [[[103.775698, -1.539793], [103.775679, -1.539324], [103.775731, -1.538503], [103.776221, -1.537952], [103.776882, -1.537954], [103.777944, -1.539424], [103.777938, -1.539458], [103.776857, -1.540409], [103.775998, -1.540243], [103.775698, -1.539793]]]}}, {"type": "Feature", "properties": {"division_code": 3, "block_code": 37, "block_label": "3-37", "planted_ha": 3.36, "palms": 447, "planted_year": 2009, "abw_kg": 21.5, "rotation_target_days": 10, "gang_code": "", "road_condition": "good", "bunches_per_day": 17.6, "centroid_lon": 103.77917, "centroid_lat": -1.539705}, "geometry": {"type": "Polygon", "coordinates": [[[103.777973, -1.539462], [103.777979, -1.53943], [103.779199, -1.538571], [103.780295, -1.539843], [103.779393, -1.540836], [103.779215, -1.540831], [103.777973, -1.539462]]]}}, {"type": "Feature", "properties": {"division_code": 3, "block_code": 38, "block_label": "3-38", "planted_ha": 3.62, "palms": 498, "planted_year": 2011, "abw_kg": 22.4, "rotation_target_days": 10, "gang_code": "", "road_condition": "fair", "bunches_per_day": 18.2, "centroid_lon": 103.7803, "centroid_lat": -1.538574}, "geometry": {"type": "Polygon", "coordinates": [[[103.779221, -1.538542], [103.779331, -1.538091], [103.780279, -1.537423], [103.781489, -1.53855], [103.780407, -1.53981], [103.780326, -1.539823], [103.779221, -1.538542]]]}}, {"type": "Feature", "properties": {"division_code": 3, "block_code": 39, "block_label": "3-39", "planted_ha": 3.99, "palms": 545, "planted_year": 2011, "abw_kg": 22.4, "rotation_target_days": 10, "gang_code": "", "road_condition": "good", "bunches_per_day": 18.6, "centroid_lon": 103.781735, "centroid_lat": -1.539622}, "geometry": {"type": "Polygon", "coordinates": [[[103.781504, -1.540688], [103.780442, -1.539824], [103.781522, -1.538566], [103.782154, -1.538556], [103.782917, -1.539524], [103.782918, -1.539595], [103.782087, -1.540605], [103.781504, -1.540688]]]}}, {"type": "Feature", "properties": {"division_code": 3, "block_code": 40, "block_label": "3-40", "planted_ha": 4.91, "palms": 655, "planted_year": 2012, "abw_kg": 21.9, "rotation_target_days": 10, "gang_code": "", "road_condition": "good", "bunches_per_day": 24.8, "centroid_lon": 103.78452, "centroid_lat": -1.539586}, "geometry": {"type": "Polygon", "coordinates": [[[103.782953, -1.539527], [103.784747, -1.538351], [103.78484, -1.538369], [103.785777, -1.539319], [103.785852, -1.539774], [103.785049, -1.540553], [103.784088, -1.540625], [103.782954, -1.539594], [103.782953, -1.539527]]]}}, {"type": "Feature", "properties": {"division_code": 3, "block_code": 41, "block_label": "3-41", "planted_ha": 4.41, "palms": 609, "planted_year": 2013, "abw_kg": 21.6, "rotation_target_days": 10, "gang_code": "", "road_condition": "fair", "bunches_per_day": 21.0, "centroid_lon": 103.787102, "centroid_lat": -1.53931}, "geometry": {"type": "Polygon", "coordinates": [[[103.785888, -1.539768], [103.785813, -1.539317], [103.786976, -1.538164], [103.787436, -1.5382], [103.788418, -1.539259], [103.787545, -1.540348], [103.786956, -1.540316], [103.785888, -1.539768]]]}}, {"type": "Feature", "properties": {"division_code": 3, "block_code": 42, "block_label": "3-42", "planted_ha": 3.96, "palms": 548, "planted_year": 2012, "abw_kg": 21.8, "rotation_target_days": 10, "gang_code": "", "road_condition": "good", "bunches_per_day": 19.3, "centroid_lon": 103.790155, "centroid_lat": -1.539919}, "geometry": {"type": "Polygon", "coordinates": [[[103.789086, -1.539173], [103.789774, -1.53862], [103.79149, -1.540143], [103.79046, -1.541051], [103.789663, -1.540877], [103.789086, -1.539173]]]}}, {"type": "Feature", "properties": {"division_code": 3, "block_code": 43, "block_label": "3-43", "planted_ha": 4.98, "palms": 667, "planted_year": 2013, "abw_kg": 22.5, "rotation_target_days": 10, "gang_code": "", "road_condition": "good", "bunches_per_day": 24.4, "centroid_lon": 103.791192, "centroid_lat": -1.538588}, "geometry": {"type": "Polygon", "coordinates": [[[103.789794, -1.53859], [103.789913, -1.538167], [103.791133, -1.537441], [103.791532, -1.537461], [103.79251, -1.538186], [103.791503, -1.540106], [103.789794, -1.53859]]]}}, {"type": "Feature", "properties": {"division_code": 3, "block_code": 44, "block_label": "3-44", "planted_ha": 5.25, "palms": 695, "planted_year": 2012, "abw_kg": 22.6, "rotation_target_days": 10, "gang_code": "", "road_condition": "good", "bunches_per_day": 23.2, "centroid_lon": 103.792879, "centroid_lat": -1.539548}, "geometry": {"type": "Polygon", "coordinates": [[[103.792544, -1.538198], [103.79302, -1.53816], [103.79423, -1.539416], [103.793967, -1.540085], [103.792577, -1.540837], [103.791527, -1.540139], [103.792544, -1.538198]]]}}, {"type": "Feature", "properties": {"division_code": 3, "block_code": 45, "block_label": "3-45", "planted_ha": 2.28, "palms": 300, "planted_year": 2013, "abw_kg": 21.5, "rotation_target_days": 10, "gang_code": "", "road_condition": "fair", "bunches_per_day": 11.4, "centroid_lon": 103.794986, "centroid_lat": -1.539749}, "geometry": {"type": "Polygon", "coordinates": [[[103.794265, -1.539425], [103.795287, -1.538966], [103.79629, -1.539918], [103.79627, -1.539971], [103.795532, -1.539896], [103.795468, -1.540006], [103.795441, -1.540004], [103.795294, -1.540264], [103.794371, -1.540437], [103.794329, -1.540495], [103.794002, -1.540094], [103.794265, -1.539425]]]}}, {"type": "Feature", "properties": {"division_code": 3, "block_code": 46, "block_label": "3-46", "planted_ha": 3.92, "palms": 540, "planted_year": 2014, "abw_kg": 21.9, "rotation_target_days": 10, "gang_code": "", "road_condition": "good", "bunches_per_day": 20.4, "centroid_lon": 103.796433, "centroid_lat": -1.538787}, "geometry": {"type": "Polygon", "coordinates": [[[103.795311, -1.538939], [103.795531, -1.5383], [103.796271, -1.537683], [103.79671, -1.537715], [103.797536, -1.538621], [103.796925, -1.539856], [103.796318, -1.539894], [103.795311, -1.538939]]]}}, {"type": "Feature", "properties": {"division_code": 3, "block_code": 47, "block_label": "3-47", "planted_ha": 3.66, "palms": 484, "planted_year": 2009, "abw_kg": 22.4, "rotation_target_days": 10, "gang_code": "", "road_condition": "fair", "bunches_per_day": 16.5, "centroid_lon": 103.777935, "centroid_lat": -1.540722}, "geometry": {"type": "Polygon", "coordinates": [[[103.776883, -1.540434], [103.777953, -1.539493], [103.779181, -1.540846], [103.777861, -1.541833], [103.777394, -1.541709], [103.776883, -1.540434]]]}}, {"type": "Feature", "properties": {"division_code": 3, "block_code": 48, "block_label": "3-48", "planted_ha": 3.06, "palms": 417, "planted_year": 2009, "abw_kg": 22.1, "rotation_target_days": 10, "gang_code": "", "road_condition": "fair", "bunches_per_day": 14.0, "centroid_lon": 103.780439, "centroid_lat": -1.540923}, "geometry": {"type": "Polygon", "coordinates": [[[103.78006, -1.541846], [103.779423, -1.540856], [103.780328, -1.53986], [103.780411, -1.539846], [103.781475, -1.540711], [103.780797, -1.541856], [103.78006, -1.541846]]]}}, {"type": "Feature", "properties": {"division_code": 3, "block_code": 49, "block_label": "3-49", "planted_ha": 3.67, "palms": 500, "planted_year": 2011, "abw_kg": 22.3, "rotation_target_days": 10, "gang_code": "", "road_condition": "poor", "bunches_per_day": 18.5, "centroid_lon": 103.783065, "centroid_lat": -1.540962}, "geometry": {"type": "Polygon", "coordinates": [[[103.782755, -1.542194], [103.782117, -1.540625], [103.782938, -1.539628], [103.784059, -1.540648], [103.783365, -1.542216], [103.782755, -1.542194]]]}}, {"type": "Feature", "properties": {"division_code": 3, "block_code": 50, "block_label": "3-50", "planted_ha": 3.31, "palms": 456, "planted_year": 2012, "abw_kg": 22.4, "rotation_target_days": 10, "gang_code": "", "road_condition": "good", "bunches_per_day": 17.8, "centroid_lon": 103.785949, "centroid_lat": -1.540929}, "geometry": {"type": "Polygon", "coordinates": [[[103.785875, -1.539802], [103.786929, -1.540343], [103.786237, -1.542072], [103.785398, -1.54193], [103.785076, -1.540577], [103.785875, -1.539802]]]}}, {"type": "Feature", "properties": {"division_code": 3, "block_code": 51, "block_label": "3-51", "planted_ha": 3.88, "palms": 535, "planted_year": 2012, "abw_kg": 22.4, "rotation_target_days": 10, "gang_code": "", "road_condition": "fair", "bunches_per_day": 20.9, "centroid_lon": 103.788629, "centroid_lat": -1.540449}, "geometry": {"type": "Polygon", "coordinates": [[[103.788451, -1.539275], [103.789053, -1.539187], [103.789628, -1.540885], [103.788508, -1.541744], [103.788356, -1.54173], [103.787575, -1.540368], [103.788451, -1.539275]]]}}, {"type": "Feature", "properties": {"division_code": 3, "block_code": 52, "block_label": "3-52", "planted_ha": 3.05, "palms": 418, "planted_year": 2012, "abw_kg": 21.6, "rotation_target_days": 10, "gang_code": "", "road_condition": "fair", "bunches_per_day": 13.7, "centroid_lon": 103.79153, "centroid_lat": -1.541155}, "geometry": {"type": "Polygon", "coordinates": [[[103.791512, -1.540172], [103.792558, -1.540868], [103.792548, -1.541359], [103.792175, -1.541826], [103.792053, -1.541832], [103.790579, -1.541831], [103.790484, -1.541078], [103.791512, -1.540172]]]}}, {"type": "Feature", "properties": {"division_code": 3, "block_code": 53, "block_label": "3-53", "planted_ha": 1.85, "palms": 245, "planted_year": 2012, "abw_kg": 22.2, "rotation_target_days": 10, "gang_code": "", "road_condition": "fair", "bunches_per_day": 9.0, "centroid_lon": 103.793397, "centroid_lat": -1.54094}, "geometry": {"type": "Polygon", "coordinates": [[[103.792594, -1.540869], [103.793977, -1.54012], [103.794306, -1.540524], [103.794296, -1.540526], [103.794192, -1.540684], [103.793572, -1.541535], [103.792938, -1.541672], [103.792584, -1.541358], [103.792594, -1.540869]]]}}, {"type": "Feature", "properties": {"division_code": 3, "block_code": 54, "block_label": "3-54", "planted_ha": 3.49, "palms": 473, "planted_year": 2008, "abw_kg": 22.5, "rotation_target_days": 10, "gang_code": "", "road_condition": "good", "bunches_per_day": 17.1, "centroid_lon": 103.776359, "centroid_lat": -1.541431}, "geometry": {"type": "Polygon", "coordinates": [[[103.775715, -1.540707], [103.775996, -1.540279], [103.776849, -1.540445], [103.777359, -1.541718], [103.77609, -1.542676], [103.775614, -1.542308], [103.775654, -1.541469], [103.775715, -1.540707]]]}}, {"type": "Feature", "properties": {"division_code": 3, "block_code": 55, "block_label": "3-55", "planted_ha": 3.85, "palms": 503, "planted_year": 2008, "abw_kg": 22.4, "rotation_target_days": 10, "gang_code": "", "road_condition": "poor", "bunches_per_day": 19.4, "centroid_lon": 103.778986, "centroid_lat": -1.542103}, "geometry": {"type": "Polygon", "coordinates": [[[103.777887, -1.541859], [103.779213, -1.540867], [103.779391, -1.540872], [103.780029, -1.541864], [103.779134, -1.543367], [103.77861, -1.543312], [103.777887, -1.541859]]]}}, {"type": "Feature", "properties": {"division_code": 3, "block_code": 56, "block_label": "3-56", "planted_ha": 3.13, "palms": 432, "planted_year": 2010, "abw_kg": 21.8, "rotation_target_days": 10, "gang_code": "", "road_condition": "fair", "bunches_per_day": 15.2, "centroid_lon": 103.78179, "centroid_lat": -1.541776}, "geometry": {"type": "Polygon", "coordinates": [[[103.780829, -1.541872], [103.781509, -1.540724], [103.782085, -1.540642], [103.782721, -1.542206], [103.781727, -1.542946], [103.780829, -1.541872]]]}}, {"type": "Feature", "properties": {"division_code": 3, "block_code": 57, "block_label": "3-57", "planted_ha": 3.67, "palms": 506, "planted_year": 2012, "abw_kg": 22.2, "rotation_target_days": 10, "gang_code": "", "road_condition": "poor", "bunches_per_day": 16.4, "centroid_lon": 103.784422, "centroid_lat": -1.541723}, "geometry": {"type": "Polygon", "coordinates": [[[103.784093, -1.540661], [103.785042, -1.54059], [103.785363, -1.54194], [103.784265, -1.543004], [103.783399, -1.54223], [103.784093, -1.540661]]]}}, {"type": "Feature", "properties": {"division_code": 3, "block_code": 58, "block_label": "3-58", "planted_ha": 3.86, "palms": 511, "planted_year": 2012, "abw_kg": 22.1, "rotation_target_days": 10, "gang_code": "", "road_condition": "fair", "bunches_per_day": 20.1, "centroid_lon": 103.787261, "centroid_lat": -1.541634}, "geometry": {"type": "Polygon", "coordinates": [[[103.78627, -1.542088], [103.786964, -1.540353], [103.787542, -1.540384], [103.788323, -1.541745], [103.787171, -1.543003], [103.78627, -1.542088]]]}}, {"type": "Feature", "properties": {"division_code": 3, "block_code": 59, "block_label": "3-59", "planted_ha": 1.67, "palms": 221, "planted_year": 2012, "abw_kg": 22.6, "rotation_target_days": 10, "gang_code": "", "road_condition": "fair", "bunches_per_day": 8.9, "centroid_lon": 103.78815, "centroid_lat": -1.542561}, "geometry": {"type": "Polygon", "coordinates": [[[103.787189, -1.543037], [103.788352, -1.541766], [103.788505, -1.54178], [103.789161, -1.542425], [103.787603, -1.543278], [103.787396, -1.54338], [103.787186, -1.543073], [103.787189, -1.543037]]]}}, {"type": "Feature", "properties": {"division_code": 3, "block_code": 60, "block_label": "3-60", "planted_ha": 2.11, "palms": 284, "planted_year": 2013, "abw_kg": 21.5, "rotation_target_days": 10, "gang_code": "", "road_condition": "good", "bunches_per_day": 11.2, "centroid_lon": 103.78961, "centroid_lat": -1.541619}, "geometry": {"type": "Polygon", "coordinates": [[[103.789653, -1.540911], [103.790449, -1.541086], [103.790543, -1.541831], [103.790245, -1.541831], [103.789194, -1.542407], [103.788541, -1.541765], [103.789653, -1.540911]]]}}, {"type": "Feature", "properties": {"division_code": 3, "block_code": 61, "block_label": "3-61", "planted_ha": 4.36, "palms": 600, "planted_year": 2008, "abw_kg": 22.2, "rotation_target_days": 10, "gang_code": "", "road_condition": "poor", "bunches_per_day": 23.0, "centroid_lon": 103.77734, "centroid_lat": -1.542939}, "geometry": {"type": "Polygon", "coordinates": [[[103.77618, -1.543284], [103.776109, -1.542707], [103.777384, -1.541744], [103.777852, -1.541869], [103.778575, -1.543323], [103.777459, -1.54412], [103.77618, -1.543284]]]}}, {"type": "Feature", "properties": {"division_code": 3, "block_code": 62, "block_label": "3-62", "planted_ha": 4.08, "palms": 541, "planted_year": 2008, "abw_kg": 22.6, "rotation_target_days": 10, "gang_code": "", "road_condition": "fair", "bunches_per_day": 19.3, "centroid_lon": 103.780342, "centroid_lat": -1.542993}, "geometry": {"type": "Polygon", "coordinates": [[[103.779166, -1.543384], [103.780061, -1.541882], [103.780799, -1.541892], [103.781704, -1.542975], [103.781681, -1.543063], [103.781097, -1.543028], [103.781089, -1.543051], [103.781086, -1.543051], [103.780795, -1.543799], [103.780709, -1.543877], [103.780354, -1.544181], [103.779908, -1.54411], [103.779166, -1.543384]]]}}, {"type": "Feature", "properties": {"division_code": 3, "block_code": 63, "block_label": "3-63", "planted_ha": 1.71, "palms": 228, "planted_year": 2010, "abw_kg": 22.0, "rotation_target_days": 10, "gang_code": "", "road_condition": "fair", "bunches_per_day": 8.7, "centroid_lon": 103.783005, "centroid_lat": -1.542749}, "geometry": {"type": "Polygon", "coordinates": [[[103.78362, -1.543089], [103.781801, -1.54307], [103.781717, -1.543065], [103.78174, -1.542982], [103.782748, -1.54223], [103.78337, -1.542253], [103.784249, -1.543038], [103.784251, -1.543106], [103.78362, -1.543089]]]}}, {"type": "Feature", "properties": {"division_code": 3, "block_code": 64, "block_label": "3-64", "planted_ha": 2.87, "palms": 395, "planted_year": 2012, "abw_kg": 21.7, "rotation_target_days": 10, "gang_code": "", "road_condition": "fair", "bunches_per_day": 14.4, "centroid_lon": 103.78577, "centroid_lat": -1.542726}, "geometry": {"type": "Polygon", "coordinates": [[[103.784285, -1.543036], [103.785389, -1.541966], [103.78624, -1.542109], [103.787153, -1.543036], [103.787151, -1.543067], [103.786704, -1.543328], [103.785606, -1.543199], [103.784294, -1.543093], [103.784285, -1.543036]]]}}, {"type": "Feature", "properties": {"division_code": 3, "block_code": 65, "block_label": "3-65", "planted_ha": 3.62, "palms": 484, "planted_year": 2009, "abw_kg": 22.2, "rotation_target_days": 10, "gang_code": "", "road_condition": "fair", "bunches_per_day": 18.3, "centroid_lon": 103.776422, "centroid_lat": -1.544459}, "geometry": {"type": "Polygon", "coordinates": [[[103.777441, -1.544151], [103.777412, -1.544899], [103.776582, -1.545491], [103.776283, -1.545452], [103.775492, -1.544913], [103.775539, -1.54391], [103.776166, -1.543317], [103.777441, -1.544151]]]}}, {"type": "Feature", "properties": {"division_code": 3, "block_code": 66, "block_label": "3-66", "planted_ha": 4.62, "palms": 639, "planted_year": 2009, "abw_kg": 22.5, "rotation_target_days": 10, "gang_code": "", "road_condition": "fair", "bunches_per_day": 22.0, "centroid_lon": 103.778592, "centroid_lat": -1.544492}, "geometry": {"type": "Polygon", "coordinates": [[[103.777477, -1.544152], [103.778603, -1.543347], [103.779135, -1.543404], [103.779877, -1.54413], [103.779309, -1.545029], [103.778939, -1.545655], [103.778166, -1.545604], [103.777448, -1.544901], [103.777477, -1.544152]]]}}, {"type": "Feature", "properties": {"division_code": 3, "block_code": 67, "block_label": "3-67", "planted_ha": 1.22, "palms": 166, "planted_year": 2008, "abw_kg": 21.4, "rotation_target_days": 10, "gang_code": "", "road_condition": "good", "bunches_per_day": 5.6, "centroid_lon": 103.779727, "centroid_lat": -1.545008}, "geometry": {"type": "Polygon", "coordinates": [[[103.780238, -1.544295], [103.780049, -1.54539], [103.779742, -1.545576], [103.779541, -1.545694], [103.778981, -1.545658], [103.779908, -1.544147], [103.780331, -1.544214], [103.780238, -1.544295]]]}}]}