{"type": "FeatureCollection", "features": [{"type": "Feature", "properties": {"division_code": 1, "block_code": 1, "block_label": "1-1", "planted_ha": 3.79, "palms": 507, "planted_year": 2010, "abw_kg": 22.0, "rotation_target_days": 10, "gang_code": "", "road_condition": "fair", "bunches_per_day": 17.1, "centroid_lon": 116.909244, "centroid_lat": 1.121981}, "geometry": {"type": "Polygon", "coordinates": [[[116.910312, 1.122675], [116.90968, 1.120832], [116.908425, 1.121192], [116.908232, 1.121621], [116.908357, 1.122035], [116.908695, 1.122751], [116.908797, 1.122951], [116.909012, 1.123094], [116.910312, 1.122675]]]}}, {"type": "Feature", "properties": {"division_code": 1, "block_code": 2, "block_label": "1-2", "planted_ha": 2.77, "palms": 383, "planted_year": 2010, "abw_kg": 21.5, "rotation_target_days": 10, "gang_code": "", "road_condition": "fair", "bunches_per_day": 13.2, "centroid_lon": 116.91161, "centroid_lat": 1.122942}, "geometry": {"type": "Polygon", "coordinates": [[[116.91079, 1.123432], [116.912408, 1.12364], [116.912625, 1.123557], [116.912246, 1.122201], [116.912037, 1.122059], [116.910457, 1.122751], [116.910628, 1.123408], [116.91079, 1.123432]]]}}, {"type": "Feature", "properties": {"division_code": 1, "block_code": 3, "block_label": "1-3", "planted_ha": 3.41, "palms": 462, "planted_year": 2011, "abw_kg": 21.8, "rotation_target_days": 10, "gang_code": "", "road_condition": "fair", "bunches_per_day": 15.3, "centroid_lon": 116.913423, "centroid_lat": 1.122527}, "geometry": {"type": "Polygon", "coordinates": [[[116.913807, 1.121613], [116.912283, 1.122201], [116.912659, 1.123544], [116.914638, 1.122736], [116.914549, 1.122159], [116.913807, 1.121613]]]}}, {"type": "Feature", "properties": {"division_code": 1, "block_code": 4, "block_label": "1-4", "planted_ha": 1.67, "palms": 226, "planted_year": 2012, "abw_kg": 21.8, "rotation_target_days": 10, "gang_code": "", "road_condition": "good", "bunches_per_day": 7.6, "centroid_lon": 116.915519, "centroid_lat": 1.121992}, "geometry": {"type": "Polygon", "coordinates": [[[116.916192, 1.121141], [116.914585, 1.122158], [116.914673, 1.122723], [116.916277, 1.122143], [116.916255, 1.121167], [116.916192, 1.121141]]]}}, {"type": "Feature", "properties": {"division_code": 1, "block_code": 5, "block_label": "1-5", "planted_ha": 0.97, "palms": 129, "planted_year": 2010, "abw_kg": 21.6, "rotation_target_days": 10, "gang_code": "", "road_condition": "good", "bunches_per_day": 4.4, "centroid_lon": 116.907661, "centroid_lat": 1.120603}, "geometry": {"type": "Polygon", "coordinates": [[[116.908391, 1.121179], [116.907538, 1.119952], [116.906582, 1.120144], [116.907687, 1.120665], [116.908159, 1.12162], [116.908199, 1.121605], [116.908391, 1.121179]]]}}, {"type": "Feature", "properties": {"division_code": 1, "block_code": 6, "block_label": "1-6", "planted_ha": 3.99, "palms": 545, "planted_year": 2010, "abw_kg": 21.6, "rotation_target_days": 10, "gang_code": "", "road_condition": "fair", "bunches_per_day": 18.7, "centroid_lon": 116.91084, "centroid_lat": 1.121545}, "geometry": {"type": "Polygon", "coordinates": [[[116.910437, 1.122721], [116.912017, 1.122028], [116.911675, 1.120862], [116.911608, 1.120797], [116.909916, 1.12058], [116.909712, 1.120814], [116.91035, 1.122674], [116.910437, 1.122721]]]}}, {"type": "Feature", "properties": {"division_code": 1, "block_code": 7, "block_label": "1-7", "planted_ha": 3.84, "palms": 502, "planted_year": 2010, "abw_kg": 22.6, "rotation_target_days": 10, "gang_code": "", "road_condition": "fair", "bunches_per_day": 17.2, "centroid_lon": 116.912911, "centroid_lat": 1.121097}, "geometry": {"type": "Polygon", "coordinates": [[[116.913793, 1.12158], [116.914032, 1.120292], [116.91352, 1.12004], [116.911713, 1.120862], [116.912054, 1.122027], [116.912264, 1.122169], [116.913793, 1.12158]]]}}, {"type": "Feature", "properties": {"division_code": 1, "block_code": 8, "block_label": "1-8", "planted_ha": 3.92, "palms": 513, "planted_year": 2012, "abw_kg": 21.4, "rotation_target_days": 10, "gang_code": "", "road_condition": "poor", "bunches_per_day": 17.5, "centroid_lon": 116.914869, "centroid_lat": 1.12099}, "geometry": {"type": "Polygon", "coordinates": [[[116.916165, 1.121115], [116.915531, 1.120192], [116.915051, 1.119924], [116.914068, 1.120295], [116.913829, 1.121585], [116.914566, 1.122127], [116.916165, 1.121115]]]}}, {"type": "Feature", "properties": {"division_code": 1, "block_code": 9, "block_label": "1-9", "planted_ha": 1.14, "palms": 155, "planted_year": 2013, "abw_kg": 22.6, "rotation_target_days": 10, "gang_code": "", "road_condition": "good", "bunches_per_day": 5.5, "centroid_lon": 116.91689, "centroid_lat": 1.121462}, "geometry": {"type": "Polygon", "coordinates": [[[116.916291, 1.121171], [116.916313, 1.122131], [116.917701, 1.121384], [116.917655, 1.121021], [116.916291, 1.121171]]]}}, {"type": "Feature", "properties": {"division_code": 1, "block_code": 10, "block_label": "1-10", "planted_ha": 1.39, "palms": 189, "planted_year": 2009, "abw_kg": 22.3, "rotation_target_days": 10, "gang_code": "", "road_condition": "good", "bunches_per_day": 7.4, "centroid_lon": 116.901401, "centroid_lat": 1.119599}, "geometry": {"type": "Polygon", "coordinates": [[[116.901948, 1.120292], [116.90193, 1.119178], [116.901532, 1.118995], [116.900403, 1.119475], [116.90186, 1.120347], [116.901948, 1.120292]]]}}, {"type": "Feature", "properties": {"division_code": 1, "block_code": 11, "block_label": "1-11", "planted_ha": 3.21, "palms": 428, "planted_year": 2010, "abw_kg": 21.5, "rotation_target_days": 10, "gang_code": "", "road_condition": "good", "bunches_per_day": 16.9, "centroid_lon": 116.902857, "centroid_lat": 1.119714}, "geometry": {"type": "Polygon", "coordinates": [[[116.903637, 1.120431], [116.903959, 1.120171], [116.903171, 1.118653], [116.901966, 1.119179], [116.901984, 1.120294], [116.902184, 1.120472], [116.902995, 1.120472], [116.903637, 1.120431]]]}}, {"type": "Feature", "properties": {"division_code": 1, "block_code": 12, "block_label": "1-12", "planted_ha": 4.27, "palms": 584, "planted_year": 2011, "abw_kg": 22.3, "rotation_target_days": 10, "gang_code": "", "road_condition": "poor", "bunches_per_day": 19.8, "centroid_lon": 116.904528, "centroid_lat": 1.119199}, "geometry": {"type": "Polygon", "coordinates": [[[116.905564, 1.119878], [116.90542, 1.118195], [116.903246, 1.118546], [116.9032, 1.11863], [116.903994, 1.12016], [116.904487, 1.120295], [116.905564, 1.119878]]]}}, {"type": "Feature", "properties": {"division_code": 1, "block_code": 13, "block_label": "1-13", "planted_ha": 4.69, "palms": 645, "planted_year": 2011, "abw_kg": 22.3, "rotation_target_days": 10, "gang_code": "", "road_condition": "fair", "bunches_per_day": 22.1, "centroid_lon": 116.908802, "centroid_lat": 1.119977}, "geometry": {"type": "Polygon", "coordinates": [[[116.909682, 1.120794], [116.90989, 1.120554], [116.909797, 1.119374], [116.909325, 1.118884], [116.908552, 1.119043], [116.907765, 1.119233], [116.907566, 1.119928], [116.908419, 1.121156], [116.909682, 1.120794]]]}}, {"type": "Feature", "properties": {"division_code": 1, "block_code": 14, "block_label": "1-14", "planted_ha": 3.73, "palms": 504, "planted_year": 2011, "abw_kg": 21.4, "rotation_target_days": 10, "gang_code": "", "road_condition": "poor", "bunches_per_day": 17.8, "centroid_lon": 116.910841, "centroid_lat": 1.119772}, "geometry": {"type": "Polygon", "coordinates": [[[116.9116, 1.12076], [116.911703, 1.118903], [116.9112, 1.11865], [116.909834, 1.119377], [116.909925, 1.120545], [116.9116, 1.12076]]]}}, {"type": "Feature", "properties": {"division_code": 1, "block_code": 15, "block_label": "1-15", "planted_ha": 3.34, "palms": 456, "planted_year": 2011, "abw_kg": 22.6, "rotation_target_days": 10, "gang_code": "", "road_condition": "good", "bunches_per_day": 17.1, "centroid_lon": 116.912432, "centroid_lat": 1.119657}, "geometry": {"type": "Polygon", "coordinates": [[[116.913497, 1.120011], [116.912862, 1.11854], [116.911739, 1.118906], [116.911635, 1.120773], [116.911695, 1.120831], [116.913497, 1.120011]]]}}, {"type": "Feature", "properties": {"division_code": 1, "block_code": 16, "block_label": "1-16", "planted_ha": 3.6, "palms": 496, "planted_year": 2013, "abw_kg": 22.1, "rotation_target_days": 10, "gang_code": "", "road_condition": "fair", "bunches_per_day": 16.7, "centroid_lon": 116.916804, "centroid_lat": 1.120221}, "geometry": {"type": "Polygon", "coordinates": [[[116.917646, 1.120986], [116.917676, 1.11944], [116.917064, 1.11911], [116.915568, 1.120183], [116.916202, 1.121106], [116.916276, 1.121136], [116.917646, 1.120986]]]}}, {"type": "Feature", "properties": {"division_code": 1, "block_code": 17, "block_label": "1-17", "planted_ha": 4.42, "palms": 611, "planted_year": 2013, "abw_kg": 22.5, "rotation_target_days": 10, "gang_code": "", "road_condition": "good", "bunches_per_day": 21.7, "centroid_lon": 116.918708, "centroid_lat": 1.119913}, "geometry": {"type": "Polygon", "coordinates": [[[116.918541, 1.120916], [116.919133, 1.120581], [116.919834, 1.120462], [116.919907, 1.12035], [116.919653, 1.119186], [116.91888, 1.118724], [116.917712, 1.11944], [116.917682, 1.120987], [116.918541, 1.120916]]]}}, {"type": "Feature", "properties": {"division_code": 1, "block_code": 18, "block_label": "1-18", "planted_ha": 3.33, "palms": 440, "planted_year": 2014, "abw_kg": 21.5, "rotation_target_days": 10, "gang_code": "", "road_condition": "poor", "bunches_per_day": 17.8, "centroid_lon": 116.920668, "centroid_lat": 1.119421}, "geometry": {"type": "Polygon", "coordinates": [[[116.921259, 1.120094], [116.921635, 1.119746], [116.921314, 1.118578], [116.920844, 1.118315], [116.919689, 1.119182], [116.91994, 1.120334], [116.9211, 1.120232], [116.921259, 1.120094]]]}}, {"type": "Feature", "properties": {"division_code": 1, "block_code": 19, "block_label": "1-19", "planted_ha": 2.11, "palms": 285, "planted_year": 2009, "abw_kg": 21.7, "rotation_target_days": 10, "gang_code": "", "road_condition": "good", "bunches_per_day": 11.0, "centroid_lon": 116.899092, "centroid_lat": 1.118012}, "geometry": {"type": "Polygon", "coordinates": [[[116.899855, 1.117862], [116.899127, 1.117119], [116.898046, 1.117966], [116.899238, 1.118778], [116.899477, 1.118921], [116.899584, 1.118889], [116.899855, 1.117862]]]}}, {"type": "Feature", "properties": {"division_code": 1, "block_code": 20, "block_label": "1-20", "planted_ha": 2.86, "palms": 375, "planted_year": 2010, "abw_kg": 21.8, "rotation_target_days": 10, "gang_code": "", "road_condition": "fair", "bunches_per_day": 13.3, "centroid_lon": 116.900533, "centroid_lat": 1.118538}, "geometry": {"type": "Polygon", "coordinates": [[[116.901509, 1.118966], [116.900977, 1.117576], [116.89989, 1.117871], [116.899619, 1.118897], [116.900055, 1.119267], [116.900364, 1.119452], [116.901509, 1.118966]]]}}, {"type": "Feature", "properties": {"division_code": 1, "block_code": 21, "block_label": "1-21", "planted_ha": 5.08, "palms": 668, "planted_year": 2010, "abw_kg": 22.6, "rotation_target_days": 10, "gang_code": "", "road_condition": "good", "bunches_per_day": 26.1, "centroid_lon": 116.902148, "centroid_lat": 1.117816}, "geometry": {"type": "Polygon", "coordinates": [[[116.901949, 1.119147], [116.903167, 1.118616], [116.903215, 1.118527], [116.902925, 1.116623], [116.901404, 1.116746], [116.901007, 1.117555], [116.901546, 1.118962], [116.901949, 1.119147]]]}}, {"type": "Feature", "properties": {"division_code": 1, "block_code": 22, "block_label": "1-22", "planted_ha": 5.18, "palms": 714, "planted_year": 2012, "abw_kg": 22.1, "rotation_target_days": 10, "gang_code": "", "road_condition": "fair", "bunches_per_day": 24.4, "centroid_lon": 116.906526, "centroid_lat": 1.118999}, "geometry": {"type": "Polygon", "coordinates": [[[116.906399, 1.120057], [116.906527, 1.120118], [116.907532, 1.119916], [116.907732, 1.119219], [116.907163, 1.117938], [116.906795, 1.117836], [116.905583, 1.11798], [116.905455, 1.118179], [116.905601, 1.11988], [116.905929, 1.120116], [116.906399, 1.120057]]]}}, {"type": "Feature", "properties": {"division_code": 1, "block_code": 23, "block_label": "1-23", "planted_ha": 3.87, "palms": 518, "planted_year": 2012, "abw_kg": 21.8, "rotation_target_days": 10, "gang_code": "", "road_condition": "fair", "bunches_per_day": 18.0, "centroid_lon": 116.908387, "centroid_lat": 1.118146}, "geometry": {"type": "Polygon", "coordinates": [[[116.908544, 1.119008], [116.909312, 1.11885], [116.909233, 1.117292], [116.908782, 1.116976], [116.907199, 1.11793], [116.907761, 1.119197], [116.908544, 1.119008]]]}}, {"type": "Feature", "properties": {"division_code": 1, "block_code": 24, "block_label": "1-24", "planted_ha": 3.66, "palms": 480, "planted_year": 2012, "abw_kg": 22.1, "rotation_target_days": 10, "gang_code": "", "road_condition": "good", "bunches_per_day": 18.3, "centroid_lon": 116.910114, "centroid_lat": 1.118176}, "geometry": {"type": "Polygon", "coordinates": [[[116.911178, 1.118621], [116.910649, 1.117164], [116.909269, 1.117299], [116.909349, 1.118857], [116.909818, 1.119344], [116.911178, 1.118621]]]}}, {"type": "Feature", "properties": {"division_code": 1, "block_code": 25, "block_label": "1-25", "planted_ha": 4.27, "palms": 590, "planted_year": 2012, "abw_kg": 22.0, "rotation_target_days": 10, "gang_code": "", "road_condition": "fair", "bunches_per_day": 21.9, "centroid_lon": 116.914113, "centroid_lat": 1.11911}, "geometry": {"type": "Polygon", "coordinates": [[[116.915111, 1.118225], [116.913048, 1.118265], [116.912892, 1.118519], [116.913534, 1.120007], [116.914053, 1.120263], [116.915035, 1.119891], [116.915111, 1.118225]]]}}, {"type": "Feature", "properties": {"division_code": 1, "block_code": 26, "block_label": "1-26", "planted_ha": 3.62, "palms": 494, "planted_year": 2012, "abw_kg": 22.1, "rotation_target_days": 10, "gang_code": "", "road_condition": "good", "bunches_per_day": 17.7, "centroid_lon": 116.915899, "centroid_lat": 1.118966}, "geometry": {"type": "Polygon", "coordinates": [[[116.915542, 1.120157], [116.91704, 1.119083], [116.916481, 1.117974], [116.915248, 1.118102], [116.915148, 1.118214], [116.915071, 1.119894], [116.915542, 1.120157]]]}}, {"type": "Feature", "properties": {"division_code": 1, "block_code": 27, "block_label": "1-27", "planted_ha": 4.48, "palms": 591, "planted_year": 2013, "abw_kg": 22.2, "rotation_target_days": 10, "gang_code": "", "road_condition": "good", "bunches_per_day": 20.7, "centroid_lon": 116.91773, "centroid_lat": 1.11821}, "geometry": {"type": "Polygon", "coordinates": [[[116.917693, 1.119409], [116.918861, 1.118693], [116.918735, 1.117673], [116.917963, 1.117139], [116.917092, 1.11726], [116.916513, 1.117957], [116.917076, 1.119075], [116.917693, 1.119409]]]}}, {"type": "Feature", "properties": {"division_code": 1, "block_code": 28, "block_label": "1-28", "planted_ha": 3.64, "palms": 496, "planted_year": 2014, "abw_kg": 21.9, "rotation_target_days": 10, "gang_code": "", "road_condition": "good", "bunches_per_day": 16.6, "centroid_lon": 116.919802, "centroid_lat": 1.118041}, "geometry": {"type": "Polygon", "coordinates": [[[116.920823, 1.118286], [116.9206, 1.117298], [116.920498, 1.116901], [116.920474, 1.116888], [116.918772, 1.117673], [116.918897, 1.118692], [116.919668, 1.119152], [116.920823, 1.118286]]]}}, {"type": "Feature", "properties": {"division_code": 1, "block_code": 29, "block_label": "1-29", "planted_ha": 1.9, "palms": 252, "planted_year": 2015, "abw_kg": 22.4, "rotation_target_days": 10, "gang_code": "", "road_condition": "good", "bunches_per_day": 9.5, "centroid_lon": 116.922175, "centroid_lat": 1.118683}, "geometry": {"type": "Polygon", "coordinates": [[[116.921351, 1.118576], [116.921665, 1.119718], [116.923057, 1.118429], [116.923026, 1.117997], [116.922805, 1.117864], [116.921351, 1.118576]]]}}, {"type": "Feature", "properties": {"division_code": 1, "block_code": 30, "block_label": "1-30", "planted_ha": 2.1, "palms": 286, "planted_year": 2011, "abw_kg": 21.7, "rotation_target_days": 10, "gang_code": "", "road_condition": "good", "bunches_per_day": 10.5, "centroid_lon": 116.896896, "centroid_lat": 1.116435}, "geometry": {"type": "Polygon", "coordinates": [[[116.897515, 1.115651], [116.897311, 1.115679], [116.896035, 1.115895], [116.896541, 1.11706], [116.897296, 1.117498], [116.897549, 1.11568], [116.897515, 1.115651]]]}}, {"type": "Feature", "properties": {"division_code": 1, "block_code": 31, "block_label": "1-31", "planted_ha": 3.63, "palms": 483, "planted_year": 2011, "abw_kg": 21.7, "rotation_target_days": 10, "gang_code": "", "road_condition": "good", "bunches_per_day": 16.2, "centroid_lon": 116.898193, "centroid_lat": 1.116743}, "geometry": {"type": "Polygon", "coordinates": [[[116.898014, 1.117945], [116.89911, 1.117086], [116.899039, 1.11607], [116.898762, 1.115827], [116.897583, 1.115693], [116.897329, 1.117517], [116.898014, 1.117945]]]}}, {"type": "Feature", "properties": {"division_code": 1, "block_code": 32, "block_label": "1-32", "planted_ha": 4.16, "palms": 557, "planted_year": 2010, "abw_kg": 22.1, "rotation_target_days": 10, "gang_code": "", "road_condition": "good", "bunches_per_day": 21.3, "centroid_lon": 116.900174, "centroid_lat": 1.116763}, "geometry": {"type": "Polygon", "coordinates": [[[116.899881, 1.117836], [116.900975, 1.117539], [116.901372, 1.116731], [116.900652, 1.115744], [116.899075, 1.116076], [116.899146, 1.117087], [116.899881, 1.117836]]]}}, {"type": "Feature", "properties": {"division_code": 1, "block_code": 33, "block_label": "1-33", "planted_ha": 5.16, "palms": 688, "planted_year": 2011, "abw_kg": 21.6, "rotation_target_days": 10, "gang_code": "", "road_condition": "fair", "bunches_per_day": 27.4, "centroid_lon": 116.904182, "centroid_lat": 1.117411}, "geometry": {"type": "Polygon", "coordinates": [[[116.905552, 1.117961], [116.904998, 1.116506], [116.904576, 1.116308], [116.902959, 1.11661], [116.903249, 1.118509], [116.905426, 1.118157], [116.905552, 1.117961]]]}}, {"type": "Feature", "properties": {"division_code": 1, "block_code": 34, "block_label": "1-34", "planted_ha": 4.05, "palms": 534, "planted_year": 2012, "abw_kg": 22.5, "rotation_target_days": 10, "gang_code": "", "road_condition": "good", "bunches_per_day": 20.5, "centroid_lon": 116.906137, "centroid_lat": 1.11678}, "geometry": {"type": "Polygon", "coordinates": [[[116.907018, 1.115722], [116.906566, 1.115481], [116.905034, 1.1165], [116.905584, 1.117943], [116.90678, 1.117801], [116.907018, 1.115722]]]}}, {"type": "Feature", "properties": {"division_code": 1, "block_code": 35, "block_label": "1-35", "planted_ha": 3.71, "palms": 488, "planted_year": 2013, "abw_kg": 21.7, "rotation_target_days": 10, "gang_code": "", "road_condition": "good", "bunches_per_day": 18.6, "centroid_lon": 116.90771, "centroid_lat": 1.116699}, "geometry": {"type": "Polygon", "coordinates": [[[116.908553, 1.115803], [116.907053, 1.11573], [116.906816, 1.117804], [116.907173, 1.117903], [116.908763, 1.116946], [116.908553, 1.115803]]]}}, {"type": "Feature", "properties": {"division_code": 1, "block_code": 36, "block_label": "1-36", "planted_ha": 4.55, "palms": 629, "planted_year": 2012, "abw_kg": 22.5, "rotation_target_days": 10, "gang_code": "", "road_condition": "good", "bunches_per_day": 22.2, "centroid_lon": 116.911951, "centroid_lat": 1.117729}, "geometry": {"type": "Polygon", "coordinates": [[[116.911723, 1.118873], [116.91286, 1.118503], [116.913019, 1.118244], [116.912748, 1.116549], [116.910682, 1.117148], [116.911215, 1.118617], [116.911723, 1.118873]]]}}, {"type": "Feature", "properties": {"division_code": 1, "block_code": 37, "block_label": "1-37", "planted_ha": 4.82, "palms": 632, "planted_year": 2012, "abw_kg": 22.2, "rotation_target_days": 10, "gang_code": "", "road_condition": "fair", "bunches_per_day": 23.5, "centroid_lon": 116.913951, "centroid_lat": 1.117273}, "geometry": {"type": "Polygon", "coordinates": [[[116.915122, 1.118189], [116.915219, 1.118081], [116.914576, 1.116104], [116.9128, 1.116491], [116.912782, 1.116528], [116.912812, 1.116737], [116.913053, 1.118229], [116.915122, 1.118189]]]}}, {"type": "Feature", "properties": {"division_code": 1, "block_code": 38, "block_label": "1-38", "planted_ha": 5.07, "palms": 669, "planted_year": 2012, "abw_kg": 22.2, "rotation_target_days": 10, "gang_code": "", "road_condition": "fair", "bunches_per_day": 26.7, "centroid_lon": 116.915796, "centroid_lat": 1.116833}, "geometry": {"type": "Polygon", "coordinates": [[[116.917061, 1.117241], [116.916119, 1.115523], [116.914746, 1.115888], [116.914609, 1.116086], [116.915252, 1.118065], [116.916483, 1.117937], [116.917061, 1.117241]]]}}, {"type": "Feature", "properties": {"division_code": 1, "block_code": 39, "block_label": "1-39", "planted_ha": 4.43, "palms": 579, "planted_year": 2014, "abw_kg": 22.2, "rotation_target_days": 10, "gang_code": "", "road_condition": "good", "bunches_per_day": 19.7, "centroid_lon": 116.919165, "centroid_lat": 1.116477}, "geometry": {"type": "Polygon", "coordinates": [[[116.92045, 1.116859], [116.919668, 1.115294], [116.918606, 1.115459], [116.917989, 1.117113], [116.918754, 1.117642], [116.92045, 1.116859]]]}}, {"type": "Feature", "properties": {"division_code": 1, "block_code": 40, "block_label": "1-40", "planted_ha": 3.6, "palms": 472, "planted_year": 2015, "abw_kg": 21.5, "rotation_target_days": 10, "gang_code": "", "road_condition": "good", "bunches_per_day": 17.9, "centroid_lon": 116.921587, "centroid_lat": 1.117507}, "geometry": {"type": "Polygon", "coordinates": [[[116.922782, 1.117835], [116.92224, 1.116754], [116.921868, 1.116545], [116.920536, 1.116902], [116.920859, 1.118282], [116.92133, 1.118545], [116.922782, 1.117835]]]}}, {"type": "Feature", "properties": {"division_code": 1, "block_code": 41, "block_label": "1-41", "planted_ha": 3.81, "palms": 499, "planted_year": 2016, "abw_kg": 20.9, "rotation_target_days": 10, "gang_code": "", "road_condition": "good", "bunches_per_day": 18.7, "centroid_lon": 116.923433, "centroid_lat": 1.116797}, "geometry": {"type": "Polygon", "coordinates": [[[116.923928, 1.117622], [116.924149, 1.117417], [116.924334, 1.115781], [116.92398, 1.11548], [116.922276, 1.116747], [116.922819, 1.11783], [116.923045, 1.117966], [116.923928, 1.117622]]]}}, {"type": "Feature", "properties": {"division_code": 1, "block_code": 42, "block_label": "1-42", "planted_ha": 4.18, "palms": 555, "planted_year": 2010, "abw_kg": 22.4, "rotation_target_days": 10, "gang_code": "", "road_condition": "fair", "bunches_per_day": 21.7, "centroid_lon": 116.901889, "centroid_lat": 1.115742}, "geometry": {"type": "Polygon", "coordinates": [[[116.902933, 1.116585], [116.902789, 1.115177], [116.902203, 1.114591], [116.900751, 1.115283], [116.900678, 1.115719], [116.901401, 1.11671], [116.902933, 1.116585]]]}}, {"type": "Feature", "properties": {"division_code": 1, "block_code": 43, "block_label": "1-43", "planted_ha": 3.63, "palms": 494, "planted_year": 2011, "abw_kg": 21.5, "rotation_target_days": 10, "gang_code": "", "road_condition": "good", "bunches_per_day": 17.9, "centroid_lon": 116.903743, "centroid_lat": 1.115496}, "geometry": {"type": "Polygon", "coordinates": [[[116.90456, 1.116274], [116.904411, 1.114249], [116.904276, 1.114147], [116.902825, 1.115177], [116.902968, 1.116569], [116.90456, 1.116274]]]}}, {"type": "Feature", "properties": {"division_code": 1, "block_code": 44, "block_label": "1-44", "planted_ha": 4.28, "palms": 593, "planted_year": 2011, "abw_kg": 21.8, "rotation_target_days": 10, "gang_code": "", "road_condition": "poor", "bunches_per_day": 18.9, "centroid_lon": 116.905384, "centroid_lat": 1.115199}, "geometry": {"type": "Polygon", "coordinates": [[[116.906545, 1.115451], [116.906446, 1.114636], [116.90567, 1.114196], [116.904447, 1.114257], [116.904596, 1.116277], [116.90501, 1.116472], [116.906545, 1.115451]]]}}, {"type": "Feature", "properties": {"division_code": 1, "block_code": 45, "block_label": "1-45", "planted_ha": 4.62, "palms": 604, "planted_year": 2013, "abw_kg": 21.7, "rotation_target_days": 10, "gang_code": "", "road_condition": "fair", "bunches_per_day": 22.8, "centroid_lon": 116.909676, "centroid_lat": 1.116178}, "geometry": {"type": "Polygon", "coordinates": [[[116.910661, 1.117116], [116.91056, 1.115348], [116.909998, 1.115008], [116.908946, 1.115291], [116.908588, 1.115791], [116.908799, 1.116944], [116.909256, 1.117264], [116.910661, 1.117116]]]}}, {"type": "Feature", "properties": {"division_code": 1, "block_code": 46, "block_label": "1-46", "planted_ha": 3.91, "palms": 526, "planted_year": 2014, "abw_kg": 22.0, "rotation_target_days": 10, "gang_code": "", "road_condition": "good", "bunches_per_day": 21.0, "centroid_lon": 116.911569, "centroid_lat": 1.116023}, "geometry": {"type": "Polygon", "coordinates": [[[116.912768, 1.116474], [116.912218, 1.114987], [116.910597, 1.115352], [116.910696, 1.117098], [116.912751, 1.11651], [116.912768, 1.116474]]]}}, {"type": "Feature", "properties": {"division_code": 1, "block_code": 47, "block_label": "1-47", "planted_ha": 4.29, "palms": 594, "planted_year": 2015, "abw_kg": 21.8, "rotation_target_days": 10, "gang_code": "", "road_condition": "fair", "bunches_per_day": 22.8, "centroid_lon": 116.913481, "centroid_lat": 1.115409}, "geometry": {"type": "Polygon", "coordinates": [[[116.914578, 1.116066], [116.914715, 1.11587], [116.914253, 1.114641], [116.913709, 1.114317], [116.912271, 1.114907], [116.912248, 1.114966], [116.912799, 1.116454], [116.914578, 1.116066]]]}}, {"type": "Feature", "properties": {"division_code": 1, "block_code": 48, "block_label": "1-48", "planted_ha": 4.27, "palms": 559, "planted_year": 2013, "abw_kg": 22.5, "rotation_target_days": 10, "gang_code": "", "road_condition": "fair", "bunches_per_day": 21.3, "centroid_lon": 116.917419, "centroid_lat": 1.116015}, "geometry": {"type": "Polygon", "coordinates": [[[116.918571, 1.11545], [116.917969, 1.114997], [116.91624, 1.115347], [116.916149, 1.115502], [116.917092, 1.117224], [116.917954, 1.117104], [116.918571, 1.11545]]]}}, {"type": "Feature", "properties": {"division_code": 1, "block_code": 49, "block_label": "1-49", "planted_ha": 4.64, "palms": 632, "planted_year": 2014, "abw_kg": 21.9, "rotation_target_days": 10, "gang_code": "", "road_condition": "good", "bunches_per_day": 21.3, "centroid_lon": 116.920877, "centroid_lat": 1.115616}, "geometry": {"type": "Polygon", "coordinates": [[[116.921852, 1.116513], [116.921754, 1.114746], [116.921343, 1.114536], [116.920055, 1.114653], [116.919699, 1.115275], [116.920488, 1.116854], [116.920516, 1.11687], [116.921852, 1.116513]]]}}, {"type": "Feature", "properties": {"division_code": 1, "block_code": 50, "block_label": "1-50", "planted_ha": 4.19, "palms": 575, "planted_year": 2015, "abw_kg": 21.6, "rotation_target_days": 10, "gang_code": "", "road_condition": "poor", "bunches_per_day": 22.3, "centroid_lon": 116.922733, "centroid_lat": 1.115402}, "geometry": {"type": "Polygon", "coordinates": [[[116.922252, 1.11672], [116.923959, 1.115451], [116.923433, 1.114251], [116.92179, 1.114748], [116.921888, 1.116515], [116.922252, 1.11672]]]}}, {"type": "Feature", "properties": {"division_code": 1, "block_code": 51, "block_label": "1-51", "planted_ha": 0.94, "palms": 130, "planted_year": 2016, "abw_kg": 20.6, "rotation_target_days": 10, "gang_code": "", "road_condition": "good", "bunches_per_day": 5.0, "centroid_lon": 116.924602, "centroid_lat": 1.116365}, "geometry": {"type": "Polygon", "coordinates": [[[116.925244, 1.115808], [116.924369, 1.115792], [116.92419, 1.117379], [116.924385, 1.117199], [116.924548, 1.116948], [116.925244, 1.115808]]]}}, {"type": "Feature", "properties": {"division_code": 1, "block_code": 52, "block_label": "1-52", "planted_ha": 3.42, "palms": 466, "planted_year": 2013, "abw_kg": 22.3, "rotation_target_days": 10, "gang_code": "", "road_condition": "fair", "bunches_per_day": 16.3, "centroid_lon": 116.896473, "centroid_lat": 1.114904}, "geometry": {"type": "Polygon", "coordinates": [[[116.897207, 1.114345], [116.896419, 1.113863], [116.895389, 1.11442], [116.895449, 1.114574], [116.89602, 1.115861], [116.897498, 1.115616], [116.897207, 1.114345]]]}}, {"type": "Feature", "properties": {"division_code": 1, "block_code": 53, "block_label": "1-53", "planted_ha": 3.32, "palms": 448, "planted_year": 2012, "abw_kg": 22.1, "rotation_target_days": 10, "gang_code": "", "road_condition": "good", "bunches_per_day": 17.3, "centroid_lon": 116.898161, "centroid_lat": 1.114762}, "geometry": {"type": "Polygon", "coordinates": [[[116.898755, 1.11579], [116.898982, 1.114086], [116.898274, 1.113644], [116.897243, 1.114341], [116.897536, 1.115622], [116.897575, 1.115655], [116.898755, 1.11579]]]}}, {"type": "Feature", "properties": {"division_code": 1, "block_code": 54, "block_label": "1-54", "planted_ha": 3.92, "palms": 541, "planted_year": 2011, "abw_kg": 21.5, "rotation_target_days": 10, "gang_code": "", "road_condition": "good", "bunches_per_day": 17.7, "centroid_lon": 116.899714, "centroid_lat": 1.114975}, "geometry": {"type": "Polygon", "coordinates": [[[116.900716, 1.115272], [116.900163, 1.113753], [116.899018, 1.114091], [116.898789, 1.115803], [116.899061, 1.116042], [116.900644, 1.115708], [116.900716, 1.115272]]]}}, {"type": "Feature", "properties": {"division_code": 1, "block_code": 55, "block_label": "1-55", "planted_ha": 3.84, "palms": 516, "planted_year": 2011, "abw_kg": 22.1, "rotation_target_days": 10, "gang_code": "", "road_condition": "fair", "bunches_per_day": 19.3, "centroid_lon": 116.901248, "centroid_lat": 1.114039}, "geometry": {"type": "Polygon", "coordinates": [[[116.902189, 1.114558], [116.902194, 1.11331], [116.901817, 1.113088], [116.900395, 1.113298], [116.900194, 1.113731], [116.900744, 1.115246], [116.902189, 1.114558]]]}}, {"type": "Feature", "properties": {"division_code": 1, "block_code": 56, "block_label": "1-56", "planted_ha": 3.43, "palms": 472, "planted_year": 2011, "abw_kg": 21.9, "rotation_target_days": 10, "gang_code": "", "road_condition": "good", "bunches_per_day": 17.7, "centroid_lon": 116.903091, "centroid_lat": 1.114018}, "geometry": {"type": "Polygon", "coordinates": [[[116.902808, 1.115145], [116.904254, 1.114119], [116.903873, 1.113362], [116.903386, 1.113116], [116.90223, 1.113315], [116.902225, 1.114562], [116.902808, 1.115145]]]}}, {"type": "Feature", "properties": {"division_code": 1, "block_code": 57, "block_label": "1-57", "planted_ha": 4.47, "palms": 588, "planted_year": 2013, "abw_kg": 21.6, "rotation_target_days": 10, "gang_code": "", "road_condition": "poor", "bunches_per_day": 20.1, "centroid_lon": 116.907684, "centroid_lat": 1.114836}, "geometry": {"type": "Polygon", "coordinates": [[[116.90856, 1.115767], [116.908915, 1.115273], [116.908457, 1.114351], [116.907962, 1.113429], [116.906481, 1.114632], [116.906581, 1.115448], [116.907042, 1.115694], [116.90856, 1.115767]]]}}, {"type": "Feature", "properties": {"division_code": 1, "block_code": 58, "block_label": "1-58", "planted_ha": 4.35, "palms": 582, "planted_year": 2014, "abw_kg": 22.1, "rotation_target_days": 10, "gang_code": "", "road_condition": "good", "bunches_per_day": 23.1, "centroid_lon": 116.909265, "centroid_lat": 1.113993}, "geometry": {"type": "Polygon", "coordinates": [[[116.910181, 1.113987], [116.910312, 1.113181], [116.910051, 1.112997], [116.908019, 1.11325], [116.907987, 1.113398], [116.908489, 1.114334], [116.908945, 1.115254], [116.909985, 1.114974], [116.910181, 1.113987]]]}}, {"type": "Feature", "properties": {"division_code": 1, "block_code": 59, "block_label": "1-59", "planted_ha": 4.62, "palms": 616, "planted_year": 2015, "abw_kg": 22.3, "rotation_target_days": 10, "gang_code": "", "road_condition": "good", "bunches_per_day": 24.8, "centroid_lon": 116.911098, "centroid_lat": 1.114205}, "geometry": {"type": "Polygon", "coordinates": [[[116.912216, 1.11495], [116.912238, 1.114892], [116.912141, 1.114483], [116.911748, 1.113029], [116.910347, 1.113189], [116.910217, 1.113994], [116.910021, 1.11498], [116.910581, 1.115318], [116.912216, 1.11495]]]}}, {"type": "Feature", "properties": {"division_code": 1, "block_code": 60, "block_label": "1-60", "planted_ha": 3.42, "palms": 472, "planted_year": 2015, "abw_kg": 22.2, "rotation_target_days": 10, "gang_code": "", "road_condition": "good", "bunches_per_day": 18.4, "centroid_lon": 116.915282, "centroid_lat": 1.114821}, "geometry": {"type": "Polygon", "coordinates": [[[116.916211, 1.115327], [116.916129, 1.114432], [116.915247, 1.113611], [116.914288, 1.114634], [116.914746, 1.115851], [116.916116, 1.115486], [116.916211, 1.115327]]]}}, {"type": "Feature", "properties": {"division_code": 1, "block_code": 61, "block_label": "1-61", "planted_ha": 3.3, "palms": 448, "planted_year": 2014, "abw_kg": 22.1, "rotation_target_days": 10, "gang_code": "", "road_condition": "good", "bunches_per_day": 16.3, "centroid_lon": 116.917151, "centroid_lat": 1.114336}, "geometry": {"type": "Polygon", "coordinates": [[[116.917955, 1.114963], [116.917964, 1.113464], [116.917293, 1.113192], [116.916165, 1.11443], [116.916245, 1.11531], [116.917955, 1.114963]]]}}, {"type": "Feature", "properties": {"division_code": 1, "block_code": 62, "block_label": "1-62", "planted_ha": 4.57, "palms": 620, "planted_year": 2015, "abw_kg": 22.3, "rotation_target_days": 10, "gang_code": "", "road_condition": "fair", "bunches_per_day": 21.4, "centroid_lon": 116.918928, "centroid_lat": 1.114281}, "geometry": {"type": "Polygon", "coordinates": [[[116.919667, 1.115257], [116.920024, 1.114634], [116.919483, 1.113194], [116.919204, 1.113011], [116.918, 1.113464], [116.917991, 1.114969], [116.918597, 1.115424], [116.919667, 1.115257]]]}}, {"type": "Feature", "properties": {"division_code": 1, "block_code": 63, "block_label": "1-63", "planted_ha": 4.5, "palms": 620, "planted_year": 2015, "abw_kg": 21.5, "rotation_target_days": 10, "gang_code": "", "road_condition": "good", "bunches_per_day": 24.2, "centroid_lon": 116.924694, "centroid_lat": 1.114667}, "geometry": {"type": "Polygon", "coordinates": [[[116.925266, 1.115773], [116.925696, 1.115057], [116.92555, 1.113708], [116.925206, 1.113551], [116.924274, 1.113809], [116.923521, 1.114046], [116.923463, 1.114228], [116.923996, 1.115446], [116.924359, 1.115756], [116.925266, 1.115773]]]}}, {"type": "Feature", "properties": {"division_code": 1, "block_code": 64, "block_label": "1-64", "planted_ha": 2.78, "palms": 363, "planted_year": 2014, "abw_kg": 22.2, "rotation_target_days": 10, "gang_code": "", "road_condition": "good", "bunches_per_day": 12.6, "centroid_lon": 116.895692, "centroid_lat": 1.113289}, "geometry": {"type": "Polygon", "coordinates": [[[116.896477, 1.112788], [116.895911, 1.112351], [116.894759, 1.1128], [116.895376, 1.114386], [116.896402, 1.113831], [116.896477, 1.112788]]]}}, {"type": "Feature", "properties": {"division_code": 1, "block_code": 65, "block_label": "1-65", "planted_ha": 3.24, "palms": 424, "planted_year": 2013, "abw_kg": 22.4, "rotation_target_days": 10, "gang_code": "", "road_condition": "fair", "bunches_per_day": 15.1, "centroid_lon": 116.897357, "centroid_lat": 1.113267}, "geometry": {"type": "Polygon", "coordinates": [[[116.898073, 1.112218], [116.898021, 1.112196], [116.896513, 1.112792], [116.896438, 1.113832], [116.897222, 1.114312], [116.898254, 1.113614], [116.898073, 1.112218]]]}}, {"type": "Feature", "properties": {"division_code": 1, "block_code": 66, "block_label": "1-66", "planted_ha": 3.72, "palms": 505, "planted_year": 2011, "abw_kg": 22.3, "rotation_target_days": 10, "gang_code": "", "road_condition": "fair", "bunches_per_day": 17.1, "centroid_lon": 116.905053, "centroid_lat": 1.113247}, "geometry": {"type": "Polygon", "coordinates": [[[116.905659, 1.11416], [116.906027, 1.112418], [116.905217, 1.112051], [116.903908, 1.113352], [116.904291, 1.114113], [116.904434, 1.114221], [116.905659, 1.11416]]]}}, {"type": "Feature", "properties": {"division_code": 1, "block_code": 67, "block_label": "1-67", "planted_ha": 4.23, "palms": 554, "planted_year": 2013, "abw_kg": 21.8, "rotation_target_days": 10, "gang_code": "", "road_condition": "good", "bunches_per_day": 20.4, "centroid_lon": 116.906744, "centroid_lat": 1.113351}, "geometry": {"type": "Polygon", "coordinates": [[[116.90646, 1.114603], [116.907952, 1.113391], [116.907985, 1.113237], [116.907635, 1.112605], [116.907008, 1.11228], [116.906063, 1.112424], [116.905694, 1.114168], [116.90646, 1.114603]]]}}, {"type": "Feature", "properties": {"division_code": 1, "block_code": 68, "block_label": "1-68", "planted_ha": 3.99, "palms": 531, "planted_year": 2015, "abw_kg": 21.5, "rotation_target_days": 10, "gang_code": "", "road_condition": "good", "bunches_per_day": 20.9, "centroid_lon": 116.912797, "centroid_lat": 1.113595}, "geometry": {"type": "Polygon", "coordinates": [[[116.913692, 1.114285], [116.913648, 1.11341], [116.913574, 1.112524], [116.912793, 1.112632], [116.911974, 1.112774], [116.911781, 1.113014], [116.912018, 1.113848], [116.91227, 1.114869], [116.913692, 1.114285]]]}}, {"type": "Feature", "properties": {"division_code": 1, "block_code": 69, "block_label": "1-69", "planted_ha": 3.29, "palms": 438, "planted_year": 2016, "abw_kg": 20.6, "rotation_target_days": 10, "gang_code": "", "road_condition": "fair", "bunches_per_day": 17.2, "centroid_lon": 116.914344, "centroid_lat": 1.113355}, "geometry": {"type": "Polygon", "coordinates": [[[116.915227, 1.113579], [116.915084, 1.112828], [116.915046, 1.112643], [116.914705, 1.11242], [116.913811, 1.11234], [116.913609, 1.112512], [116.913684, 1.113407], [116.913728, 1.114287], [116.914265, 1.114606], [116.915227, 1.113579]]]}}, {"type": "Feature", "properties": {"division_code": 1, "block_code": 70, "block_label": "1-70", "planted_ha": 3.69, "palms": 493, "planted_year": 2016, "abw_kg": 20.6, "rotation_target_days": 10, "gang_code": "", "road_condition": "fair", "bunches_per_day": 19.1, "centroid_lon": 116.916154, "centroid_lat": 1.113158}, "geometry": {"type": "Polygon", "coordinates": [[[116.917266, 1.113167], [116.916745, 1.112159], [116.916668, 1.112114], [116.915083, 1.112644], [116.915263, 1.113576], [116.916145, 1.114398], [116.917266, 1.113167]]]}}, {"type": "Feature", "properties": {"division_code": 1, "block_code": 71, "block_label": "1-71", "planted_ha": 3.63, "palms": 477, "planted_year": 2015, "abw_kg": 21.7, "rotation_target_days": 10, "gang_code": "", "road_condition": "good", "bunches_per_day": 18.6, "centroid_lon": 116.920622, "centroid_lat": 1.113592}, "geometry": {"type": "Polygon", "coordinates": [[[116.921329, 1.114501], [116.921388, 1.113462], [116.921479, 1.11244], [116.921385, 1.112408], [116.919521, 1.113192], [116.920056, 1.114617], [116.921329, 1.114501]]]}}, {"type": "Feature", "properties": {"division_code": 1, "block_code": 72, "block_label": "1-72", "planted_ha": 4.91, "palms": 671, "planted_year": 2016, "abw_kg": 20.8, "rotation_target_days": 10, "gang_code": "", "road_condition": "good", "bunches_per_day": 22.7, "centroid_lon": 116.922331, "centroid_lat": 1.113483}, "geometry": {"type": "Polygon", "coordinates": [[[116.923488, 1.114031], [116.92302, 1.112435], [116.922691, 1.112225], [116.921515, 1.112442], [116.921424, 1.113465], [116.921365, 1.114507], [116.921773, 1.114716], [116.923429, 1.114214], [116.923488, 1.114031]]]}}, {"type": "Feature", "properties": {"division_code": 2, "block_code": 1, "block_label": "2-1", "planted_ha": 4.43, "palms": 583, "planted_year": 2012, "abw_kg": 21.7, "rotation_target_days": 10, "gang_code": "", "road_condition": "fair", "bunches_per_day": 23.4, "centroid_lon": 116.899193, "centroid_lat": 1.11295}, "geometry": {"type": "Polygon", "coordinates": [[[116.900161, 1.113715], [116.900363, 1.113282], [116.899769, 1.111958], [116.899432, 1.111825], [116.89811, 1.112219], [116.89829, 1.113611], [116.899005, 1.114057], [116.900161, 1.113715]]]}}, {"type": "Feature", "properties": {"division_code": 2, "block_code": 2, "block_label": "2-2", "planted_ha": 4.18, "palms": 549, "planted_year": 2016, "abw_kg": 20.9, "rotation_target_days": 10, "gang_code": "", "road_condition": "fair", "bunches_per_day": 18.4, "centroid_lon": 116.918121, "centroid_lat": 1.1124}, "geometry": {"type": "Polygon", "coordinates": [[[116.919187, 1.112979], [116.918993, 1.111484], [116.918695, 1.111259], [116.917744, 1.111688], [116.916783, 1.112154], [116.917301, 1.113156], [116.917982, 1.113433], [116.919187, 1.112979]]]}}, {"type": "Feature", "properties": {"division_code": 2, "block_code": 3, "block_label": "2-3", "planted_ha": 3.89, "palms": 534, "planted_year": 2015, "abw_kg": 21.8, "rotation_target_days": 10, "gang_code": "", "road_condition": "good", "bunches_per_day": 17.4, "centroid_lon": 116.924157, "centroid_lat": 1.112894}, "geometry": {"type": "Polygon", "coordinates": [[[116.924856, 1.111834], [116.924664, 1.111766], [116.923862, 1.112084], [116.923057, 1.112434], [116.923518, 1.114008], [116.924263, 1.113774], [116.925186, 1.113519], [116.924856, 1.111834]]]}}, {"type": "Feature", "properties": {"division_code": 2, "block_code": 4, "block_label": "2-4", "planted_ha": 2.81, "palms": 388, "planted_year": 2016, "abw_kg": 20.6, "rotation_target_days": 10, "gang_code": "", "road_condition": "good", "bunches_per_day": 13.5, "centroid_lon": 116.925646, "centroid_lat": 1.112539}, "geometry": {"type": "Polygon", "coordinates": [[[116.926261, 1.112383], [116.926195, 1.111507], [116.926101, 1.111447], [116.924892, 1.111833], [116.925223, 1.113519], [116.925568, 1.113676], [116.926148, 1.113472], [116.926261, 1.112383]]]}}, {"type": "Feature", "properties": {"division_code": 2, "block_code": 5, "block_label": "2-5", "planted_ha": 2.99, "palms": 397, "planted_year": 2015, "abw_kg": 21.6, "rotation_target_days": 10, "gang_code": "", "road_condition": "good", "bunches_per_day": 14.7, "centroid_lon": 116.895216, "centroid_lat": 1.111615}, "geometry": {"type": "Polygon", "coordinates": [[[116.895866, 1.110806], [116.895394, 1.11055], [116.894617, 1.110745], [116.894615, 1.110752], [116.894569, 1.112313], [116.894746, 1.112766], [116.895895, 1.112318], [116.895866, 1.110806]]]}}, {"type": "Feature", "properties": {"division_code": 2, "block_code": 6, "block_label": "2-6", "planted_ha": 3.85, "palms": 503, "planted_year": 2015, "abw_kg": 21.8, "rotation_target_days": 10, "gang_code": "", "road_condition": "good", "bunches_per_day": 20.7, "centroid_lon": 116.896782, "centroid_lat": 1.111674}, "geometry": {"type": "Polygon", "coordinates": [[[116.897996, 1.112167], [116.89717, 1.110612], [116.895902, 1.11081], [116.895931, 1.112321], [116.896499, 1.112759], [116.897996, 1.112167]]]}}, {"type": "Feature", "properties": {"division_code": 2, "block_code": 7, "block_label": "2-7", "planted_ha": 4.02, "palms": 532, "planted_year": 2012, "abw_kg": 22.1, "rotation_target_days": 10, "gang_code": "", "road_condition": "good", "bunches_per_day": 19.3, "centroid_lon": 116.90098, "centroid_lat": 1.112201}, "geometry": {"type": "Polygon", "coordinates": [[[116.901803, 1.113053], [116.901886, 1.11139], [116.901212, 1.111022], [116.899805, 1.11195], [116.900393, 1.113262], [116.901803, 1.113053]]]}}, {"type": "Feature", "properties": {"division_code": 2, "block_code": 8, "block_label": "2-8", "planted_ha": 3.37, "palms": 463, "planted_year": 2011, "abw_kg": 22.2, "rotation_target_days": 10, "gang_code": "", "road_condition": "fair", "bunches_per_day": 14.8, "centroid_lon": 116.902596, "centroid_lat": 1.112237}, "geometry": {"type": "Polygon", "coordinates": [[[116.903202, 1.111169], [116.903106, 1.111096], [116.901922, 1.111394], [116.901839, 1.113059], [116.902216, 1.113281], [116.903369, 1.113083], [116.903202, 1.111169]]]}}, {"type": "Feature", "properties": {"division_code": 2, "block_code": 9, "block_label": "2-9", "planted_ha": 3.76, "palms": 502, "planted_year": 2012, "abw_kg": 22.1, "rotation_target_days": 10, "gang_code": "", "road_condition": "fair", "bunches_per_day": 18.5, "centroid_lon": 116.90411, "centroid_lat": 1.112033}, "geometry": {"type": "Polygon", "coordinates": [[[116.905192, 1.112024], [116.904911, 1.111077], [116.904063, 1.111145], [116.903238, 1.111177], [116.903405, 1.113086], [116.903883, 1.113326], [116.905192, 1.112024]]]}}, {"type": "Feature", "properties": {"division_code": 2, "block_code": 10, "block_label": "2-10", "planted_ha": 4.33, "palms": 571, "planted_year": 2012, "abw_kg": 22.6, "rotation_target_days": 10, "gang_code": "", "road_condition": "fair", "bunches_per_day": 21.5, "centroid_lon": 116.906076, "centroid_lat": 1.111314}, "geometry": {"type": "Polygon", "coordinates": [[[116.906992, 1.112246], [116.906958, 1.110393], [116.906698, 1.110242], [116.905226, 1.110521], [116.904944, 1.11106], [116.905228, 1.112016], [116.90605, 1.112389], [116.906992, 1.112246]]]}}, {"type": "Feature", "properties": {"division_code": 2, "block_code": 11, "block_label": "2-11", "planted_ha": 3.98, "palms": 540, "planted_year": 2013, "abw_kg": 21.4, "rotation_target_days": 10, "gang_code": "", "road_condition": "poor", "bunches_per_day": 19.5, "centroid_lon": 116.907832, "centroid_lat": 1.111186}, "geometry": {"type": "Polygon", "coordinates": [[[116.907643, 1.112568], [116.909009, 1.110804], [116.90878, 1.110296], [116.908553, 1.11014], [116.906994, 1.110398], [116.907029, 1.11225], [116.907643, 1.112568]]]}}, {"type": "Feature", "properties": {"division_code": 2, "block_code": 12, "block_label": "2-12", "planted_ha": 4.34, "palms": 598, "planted_year": 2014, "abw_kg": 21.6, "rotation_target_days": 10, "gang_code": "", "road_condition": "good", "bunches_per_day": 19.7, "centroid_lon": 116.908948, "centroid_lat": 1.112213}, "geometry": {"type": "Polygon", "coordinates": [[[116.910034, 1.112963], [116.909711, 1.111233], [116.909035, 1.110831], [116.907669, 1.112593], [116.908013, 1.113215], [116.910034, 1.112963]]]}}, {"type": "Feature", "properties": {"division_code": 2, "block_code": 13, "block_label": "2-13", "planted_ha": 4.68, "palms": 639, "planted_year": 2015, "abw_kg": 21.8, "rotation_target_days": 10, "gang_code": "", "road_condition": "good", "bunches_per_day": 23.3, "centroid_lon": 116.910837, "centroid_lat": 1.112043}, "geometry": {"type": "Polygon", "coordinates": [[[116.911752, 1.112992], [116.911945, 1.112753], [116.911612, 1.111246], [116.910966, 1.110826], [116.909747, 1.111234], [116.910072, 1.112968], [116.910336, 1.113153], [116.911752, 1.112992]]]}}, {"type": "Feature", "properties": {"division_code": 2, "block_code": 14, "block_label": "2-14", "planted_ha": 3.98, "palms": 522, "planted_year": 2016, "abw_kg": 20.9, "rotation_target_days": 10, "gang_code": "", "road_condition": "good", "bunches_per_day": 19.6, "centroid_lon": 116.912692, "centroid_lat": 1.111707}, "geometry": {"type": "Polygon", "coordinates": [[[116.913785, 1.112315], [116.913348, 1.110862], [116.912752, 1.11053], [116.911649, 1.111244], [116.911979, 1.112737], [116.912787, 1.112596], [116.913583, 1.112487], [116.913785, 1.112315]]]}}, {"type": "Feature", "properties": {"division_code": 2, "block_code": 15, "block_label": "2-15", "planted_ha": 3.35, "palms": 455, "planted_year": 2016, "abw_kg": 20.8, "rotation_target_days": 10, "gang_code": "", "road_condition": "fair", "bunches_per_day": 17.5, "centroid_lon": 116.914259, "centroid_lat": 1.111198}, "geometry": {"type": "Polygon", "coordinates": [[[116.915043, 1.11043], [116.914368, 1.109932], [116.913384, 1.110856], [116.913819, 1.112304], [116.914697, 1.112383], [116.915043, 1.11043]]]}}, {"type": "Feature", "properties": {"division_code": 2, "block_code": 16, "block_label": "2-16", "planted_ha": 3.95, "palms": 534, "planted_year": 2016, "abw_kg": 20.5, "rotation_target_days": 10, "gang_code": "", "road_condition": "good", "bunches_per_day": 17.9, "centroid_lon": 116.915671, "centroid_lat": 1.111451}, "geometry": {"type": "Polygon", "coordinates": [[[116.91665, 1.112082], [116.916316, 1.110318], [116.916281, 1.110297], [116.915078, 1.110439], [116.914731, 1.112394], [116.915065, 1.112612], [116.91665, 1.112082]]]}}, {"type": "Feature", "properties": {"division_code": 2, "block_code": 17, "block_label": "2-17", "planted_ha": 4.0, "palms": 545, "planted_year": 2015, "abw_kg": 21.4, "rotation_target_days": 10, "gang_code": "", "road_condition": "fair", "bunches_per_day": 19.6, "centroid_lon": 116.920061, "centroid_lat": 1.112053}, "geometry": {"type": "Polygon", "coordinates": [[[116.921359, 1.11238], [116.920612, 1.111059], [116.920388, 1.110976], [116.91903, 1.111486], [116.919223, 1.11298], [116.9195, 1.113161], [116.921359, 1.11238]]]}}, {"type": "Feature", "properties": {"division_code": 2, "block_code": 18, "block_label": "2-18", "planted_ha": 4.13, "palms": 558, "planted_year": 2016, "abw_kg": 20.1, "rotation_target_days": 10, "gang_code": "", "road_condition": "fair", "bunches_per_day": 20.8, "centroid_lon": 116.921891, "centroid_lat": 1.11129}, "geometry": {"type": "Polygon", "coordinates": [[[116.922677, 1.11219], [116.922786, 1.110324], [116.92228, 1.110071], [116.920649, 1.111051], [116.921397, 1.112374], [116.9215, 1.112409], [116.922677, 1.11219]]]}}, {"type": "Feature", "properties": {"division_code": 2, "block_code": 19, "block_label": "2-19", "planted_ha": 4.03, "palms": 541, "planted_year": 2016, "abw_kg": 20.4, "rotation_target_days": 10, "gang_code": "", "road_condition": "good", "bunches_per_day": 20.0, "centroid_lon": 116.923566, "centroid_lat": 1.11119}, "geometry": {"type": "Polygon", "coordinates": [[[116.924089, 1.110012], [116.923951, 1.109956], [116.922822, 1.110326], [116.922713, 1.112196], [116.923037, 1.112403], [116.923849, 1.112051], [116.924642, 1.111736], [116.924089, 1.110012]]]}}, {"type": "Feature", "properties": {"division_code": 2, "block_code": 20, "block_label": "2-20", "planted_ha": 0.92, "palms": 125, "planted_year": 2014, "abw_kg": 22.1, "rotation_target_days": 10, "gang_code": "", "road_condition": "fair", "bunches_per_day": 4.7, "centroid_lon": 116.895125, "centroid_lat": 1.109973}, "geometry": {"type": "Polygon", "coordinates": [[[116.895437, 1.109165], [116.895248, 1.109036], [116.89502, 1.109493], [116.89463, 1.110704], [116.895379, 1.110516], [116.895437, 1.109165]]]}}, {"type": "Feature", "properties": {"division_code": 2, "block_code": 21, "block_label": "2-21", "planted_ha": 4.7, "palms": 644, "planted_year": 2014, "abw_kg": 21.5, "rotation_target_days": 10, "gang_code": "", "road_condition": "fair", "bunches_per_day": 21.3, "centroid_lon": 116.896469, "centroid_lat": 1.10969}, "geometry": {"type": "Polygon", "coordinates": [[[116.89717, 1.110575], [116.897652, 1.109907], [116.897177, 1.108706], [116.896708, 1.108387], [116.895473, 1.109166], [116.895414, 1.11052], [116.895886, 1.110776], [116.89717, 1.110575]]]}}, {"type": "Feature", "properties": {"division_code": 2, "block_code": 22, "block_label": "2-22", "planted_ha": 4.49, "palms": 611, "planted_year": 2014, "abw_kg": 22.6, "rotation_target_days": 10, "gang_code": "", "road_condition": "poor", "bunches_per_day": 24.1, "centroid_lon": 116.898382, "centroid_lat": 1.110952}, "geometry": {"type": "Polygon", "coordinates": [[[116.898091, 1.112186], [116.899413, 1.111793], [116.899267, 1.110759], [116.899124, 1.109928], [116.897682, 1.109928], [116.897201, 1.110593], [116.898034, 1.112162], [116.898091, 1.112186]]]}}, {"type": "Feature", "properties": {"division_code": 2, "block_code": 23, "block_label": "2-23", "planted_ha": 4.15, "palms": 571, "planted_year": 2013, "abw_kg": 21.4, "rotation_target_days": 10, "gang_code": "", "road_condition": "good", "bunches_per_day": 19.3, "centroid_lon": 116.900167, "centroid_lat": 1.110643}, "geometry": {"type": "Polygon", "coordinates": [[[116.901192, 1.110991], [116.901056, 1.109574], [116.899187, 1.10989], [116.899159, 1.109916], [116.899302, 1.110753], [116.899449, 1.111793], [116.89978, 1.111924], [116.901192, 1.110991]]]}}, {"type": "Feature", "properties": {"division_code": 2, "block_code": 24, "block_label": "2-24", "planted_ha": 4.11, "palms": 540, "planted_year": 2012, "abw_kg": 21.9, "rotation_target_days": 10, "gang_code": "", "road_condition": "good", "bunches_per_day": 19.7, "centroid_lon": 116.902096, "centroid_lat": 1.110296}, "geometry": {"type": "Polygon", "coordinates": [[[116.90309, 1.111063], [116.90289, 1.109288], [116.901155, 1.109469], [116.90109, 1.109558], [116.901228, 1.110989], [116.901907, 1.11136], [116.90309, 1.111063]]]}}, {"type": "Feature", "properties": {"division_code": 2, "block_code": 25, "block_label": "2-25", "planted_ha": 4.54, "palms": 611, "planted_year": 2012, "abw_kg": 22.5, "rotation_target_days": 10, "gang_code": "", "road_condition": "poor", "bunches_per_day": 23.2, "centroid_lon": 116.904003, "centroid_lat": 1.110164}, "geometry": {"type": "Polygon", "coordinates": [[[116.904061, 1.111109], [116.904913, 1.111041], [116.905195, 1.110503], [116.90467, 1.109154], [116.903805, 1.109216], [116.902947, 1.109247], [116.902924, 1.109274], [116.903127, 1.111067], [116.903225, 1.111141], [116.904061, 1.111109]]]}}, {"type": "Feature", "properties": {"division_code": 2, "block_code": 26, "block_label": "2-26", "planted_ha": 3.76, "palms": 501, "planted_year": 2014, "abw_kg": 22.4, "rotation_target_days": 10, "gang_code": "", "road_condition": "good", "bunches_per_day": 20.0, "centroid_lon": 116.910088, "centroid_lat": 1.11022}, "geometry": {"type": "Polygon", "coordinates": [[[116.910952, 1.110793], [116.911142, 1.109453], [116.910243, 1.109171], [116.908816, 1.11029], [116.909044, 1.110794], [116.909729, 1.111202], [116.910952, 1.110793]]]}}, {"type": "Feature", "properties": {"division_code": 2, "block_code": 27, "block_label": "2-27", "planted_ha": 3.22, "palms": 426, "planted_year": 2015, "abw_kg": 21.5, "rotation_target_days": 10, "gang_code": "", "road_condition": "fair", "bunches_per_day": 14.6, "centroid_lon": 116.911823, "centroid_lat": 1.110108}, "geometry": {"type": "Polygon", "coordinates": [[[116.911628, 1.111214], [116.912731, 1.110501], [116.912358, 1.109133], [116.912058, 1.108962], [116.911178, 1.109451], [116.910988, 1.110797], [116.911628, 1.111214]]]}}, {"type": "Feature", "properties": {"division_code": 2, "block_code": 28, "block_label": "2-28", "planted_ha": 3.15, "palms": 423, "planted_year": 2016, "abw_kg": 20.4, "rotation_target_days": 10, "gang_code": "", "road_condition": "fair", "bunches_per_day": 14.2, "centroid_lon": 116.913389, "centroid_lat": 1.109741}, "geometry": {"type": "Polygon", "coordinates": [[[116.913361, 1.110828], [116.914347, 1.109902], [116.914154, 1.108973], [116.91395, 1.108873], [116.912396, 1.109135], [116.912767, 1.110496], [116.913361, 1.110828]]]}}, {"type": "Feature", "properties": {"division_code": 2, "block_code": 29, "block_label": "2-29", "planted_ha": 4.24, "palms": 559, "planted_year": 2017, "abw_kg": 19.6, "rotation_target_days": 10, "gang_code": "", "road_condition": "fair", "bunches_per_day": 19.6, "centroid_lon": 116.917432, "centroid_lat": 1.11088}, "geometry": {"type": "Polygon", "coordinates": [[[116.916759, 1.112125], [116.917728, 1.111655], [116.918674, 1.111228], [116.918192, 1.11001], [116.917843, 1.10975], [116.916353, 1.110317], [116.916686, 1.112083], [116.916759, 1.112125]]]}}, {"type": "Feature", "properties": {"division_code": 2, "block_code": 30, "block_label": "2-30", "planted_ha": 3.72, "palms": 497, "planted_year": 2017, "abw_kg": 19.6, "rotation_target_days": 10, "gang_code": "", "road_condition": "good", "bunches_per_day": 18.7, "centroid_lon": 116.919371, "centroid_lat": 1.110378}, "geometry": {"type": "Polygon", "coordinates": [[[116.920367, 1.110946], [116.920024, 1.109189], [116.91823, 1.110008], [116.918712, 1.111226], [116.919013, 1.111453], [116.920367, 1.110946]]]}}, {"type": "Feature", "properties": {"division_code": 2, "block_code": 31, "block_label": "2-31", "planted_ha": 3.89, "palms": 531, "planted_year": 2016, "abw_kg": 20.3, "rotation_target_days": 10, "gang_code": "", "road_condition": "fair", "bunches_per_day": 18.2, "centroid_lon": 116.92104, "centroid_lat": 1.109807}, "geometry": {"type": "Polygon", "coordinates": [[[116.921776, 1.109092], [116.921353, 1.108794], [116.920125, 1.109027], [116.920056, 1.109166], [116.920403, 1.110944], [116.920623, 1.111024], [116.922255, 1.110043], [116.921776, 1.109092]]]}}, {"type": "Feature", "properties": {"division_code": 2, "block_code": 32, "block_label": "2-32", "planted_ha": 3.76, "palms": 501, "planted_year": 2015, "abw_kg": 22.3, "rotation_target_days": 10, "gang_code": "", "road_condition": "fair", "bunches_per_day": 17.5, "centroid_lon": 116.925207, "centroid_lat": 1.110683}, "geometry": {"type": "Polygon", "coordinates": [[[116.926085, 1.111414], [116.925992, 1.109763], [116.925802, 1.10965], [116.924127, 1.110012], [116.924678, 1.111733], [116.924872, 1.111801], [116.926085, 1.111414]]]}}, {"type": "Feature", "properties": {"division_code": 2, "block_code": 33, "block_label": "2-33", "planted_ha": 2.99, "palms": 392, "planted_year": 2015, "abw_kg": 22.4, "rotation_target_days": 10, "gang_code": "", "road_condition": "poor", "bunches_per_day": 13.4, "centroid_lon": 116.927048, "centroid_lat": 1.110116}, "geometry": {"type": "Polygon", "coordinates": [[[116.926163, 1.111065], [116.926147, 1.110953], [116.926154, 1.110952], [116.926152, 1.110924], [116.928007, 1.11049], [116.928095, 1.109413], [116.927912, 1.109281], [116.926028, 1.109766], [116.926121, 1.111417], [116.926192, 1.111462], [116.926163, 1.111065]]]}}, {"type": "Feature", "properties": {"division_code": 2, "block_code": 34, "block_label": "2-34", "planted_ha": 3.44, "palms": 462, "planted_year": 2014, "abw_kg": 22.4, "rotation_target_days": 10, "gang_code": "", "road_condition": "good", "bunches_per_day": 17.6, "centroid_lon": 116.898328, "centroid_lat": 1.109043}, "geometry": {"type": "Polygon", "coordinates": [[[116.899161, 1.109865], [116.89913, 1.108282], [116.898654, 1.107996], [116.897215, 1.108704], [116.897685, 1.109892], [116.899132, 1.109892], [116.899161, 1.109865]]]}}, {"type": "Feature", "properties": {"division_code": 2, "block_code": 35, "block_label": "2-35", "planted_ha": 3.62, "palms": 481, "planted_year": 2014, "abw_kg": 22.5, "rotation_target_days": 10, "gang_code": "", "road_condition": "fair", "bunches_per_day": 17.8, "centroid_lon": 116.900068, "centroid_lat": 1.108891}, "geometry": {"type": "Polygon", "coordinates": [[[116.901126, 1.109448], [116.900714, 1.107966], [116.900512, 1.107831], [116.899166, 1.108284], [116.899197, 1.109852], [116.901061, 1.109537], [116.901126, 1.109448]]]}}, {"type": "Feature", "properties": {"division_code": 2, "block_code": 36, "block_label": "2-36", "planted_ha": 4.18, "palms": 559, "planted_year": 2014, "abw_kg": 22.4, "rotation_target_days": 10, "gang_code": "", "road_condition": "good", "bunches_per_day": 20.8, "centroid_lon": 116.901911, "centroid_lat": 1.108426}, "geometry": {"type": "Polygon", "coordinates": [[[116.90292, 1.109224], [116.902895, 1.109014], [116.902653, 1.107276], [116.902545, 1.107213], [116.900751, 1.107965], [116.901159, 1.109432], [116.902897, 1.109252], [116.90292, 1.109224]]]}}, {"type": "Feature", "properties": {"division_code": 2, "block_code": 37, "block_label": "2-37", "planted_ha": 3.9, "palms": 526, "planted_year": 2012, "abw_kg": 21.5, "rotation_target_days": 10, "gang_code": "", "road_condition": "fair", "bunches_per_day": 21.0, "centroid_lon": 116.905847, "centroid_lat": 1.109407}, "geometry": {"type": "Polygon", "coordinates": [[[116.906683, 1.110208], [116.906677, 1.109175], [116.906645, 1.108328], [116.906381, 1.108168], [116.904702, 1.109136], [116.905226, 1.110484], [116.906683, 1.110208]]]}}, {"type": "Feature", "properties": {"division_code": 2, "block_code": 38, "block_label": "2-38", "planted_ha": 4.06, "palms": 534, "planted_year": 2013, "abw_kg": 22.0, "rotation_target_days": 10, "gang_code": "", "road_condition": "good", "bunches_per_day": 19.7, "centroid_lon": 116.907527, "centroid_lat": 1.109283}, "geometry": {"type": "Polygon", "coordinates": [[[116.908536, 1.110107], [116.908139, 1.108166], [116.906681, 1.108333], [116.906713, 1.109175], [116.906719, 1.110212], [116.906979, 1.110364], [116.908536, 1.110107]]]}}, {"type": "Feature", "properties": {"division_code": 2, "block_code": 39, "block_label": "2-39", "planted_ha": 3.88, "palms": 520, "planted_year": 2013, "abw_kg": 22.5, "rotation_target_days": 10, "gang_code": "", "road_condition": "fair", "bunches_per_day": 20.9, "centroid_lon": 116.909148, "centroid_lat": 1.108925}, "geometry": {"type": "Polygon", "coordinates": [[[116.908793, 1.110262], [116.910219, 1.109145], [116.909859, 1.107907], [116.909027, 1.108021], [116.908209, 1.108099], [116.908172, 1.10815], [116.908573, 1.110111], [116.908793, 1.110262]]]}}, {"type": "Feature", "properties": {"division_code": 2, "block_code": 40, "block_label": "2-40", "planted_ha": 4.09, "palms": 542, "planted_year": 2015, "abw_kg": 22.2, "rotation_target_days": 10, "gang_code": "", "road_condition": "fair", "bunches_per_day": 20.4, "centroid_lon": 116.911042, "centroid_lat": 1.108344}, "geometry": {"type": "Polygon", "coordinates": [[[116.912039, 1.108931], [116.911842, 1.10723], [116.910011, 1.107744], [116.909892, 1.107891], [116.910254, 1.109137], [116.91116, 1.10942], [116.912039, 1.108931]]]}}, {"type": "Feature", "properties": {"division_code": 2, "block_code": 41, "block_label": "2-41", "planted_ha": 3.82, "palms": 512, "planted_year": 2017, "abw_kg": 19.4, "rotation_target_days": 10, "gang_code": "", "road_condition": "good", "bunches_per_day": 17.6, "centroid_lon": 116.915244, "centroid_lat": 1.109386}, "geometry": {"type": "Polygon", "coordinates": [[[116.916262, 1.110263], [116.916031, 1.109388], [116.915778, 1.108304], [116.915477, 1.108158], [116.91419, 1.108969], [116.914383, 1.109898], [116.915068, 1.110403], [116.916262, 1.110263]]]}}, {"type": "Feature", "properties": {"division_code": 2, "block_code": 42, "block_label": "2-42", "planted_ha": 4.11, "palms": 555, "planted_year": 2017, "abw_kg": 19.7, "rotation_target_days": 10, "gang_code": "", "road_condition": "good", "bunches_per_day": 21.3, "centroid_lon": 116.916872, "centroid_lat": 1.109047}, "geometry": {"type": "Polygon", "coordinates": [[[116.917827, 1.109718], [116.917688, 1.108112], [116.917487, 1.107976], [116.916653, 1.108125], [116.915815, 1.108305], [116.91618, 1.109824], [116.9163, 1.110267], [116.916334, 1.110286], [116.917827, 1.109718]]]}}, {"type": "Feature", "properties": {"division_code": 2, "block_code": 43, "block_label": "2-43", "planted_ha": 4.46, "palms": 591, "planted_year": 2018, "abw_kg": 18.4, "rotation_target_days": 10, "gang_code": "", "road_condition": "good", "bunches_per_day": 22.6, "centroid_lon": 116.918764, "centroid_lat": 1.108783}, "geometry": {"type": "Polygon", "coordinates": [[[116.920024, 1.109149], [116.920092, 1.109012], [116.919246, 1.107611], [116.917724, 1.108115], [116.917863, 1.10972], [116.918209, 1.109978], [116.920024, 1.109149]]]}}, {"type": "Feature", "properties": {"division_code": 2, "block_code": 44, "block_label": "2-44", "planted_ha": 3.49, "palms": 473, "planted_year": 2016, "abw_kg": 20.1, "rotation_target_days": 10, "gang_code": "", "road_condition": "good", "bunches_per_day": 15.6, "centroid_lon": 116.923003, "centroid_lat": 1.109318}, "geometry": {"type": "Polygon", "coordinates": [[[116.923696, 1.108141], [116.921814, 1.109088], [116.922292, 1.110037], [116.922806, 1.110294], [116.923932, 1.109924], [116.923696, 1.108141]]]}}, {"type": "Feature", "properties": {"division_code": 2, "block_code": 45, "block_label": "2-45", "planted_ha": 3.96, "palms": 534, "planted_year": 2016, "abw_kg": 20.1, "rotation_target_days": 10, "gang_code": "", "road_condition": "good", "bunches_per_day": 21.0, "centroid_lon": 116.924689, "centroid_lat": 1.108927}, "geometry": {"type": "Polygon", "coordinates": [[[116.925784, 1.109617], [116.925464, 1.108173], [116.925305, 1.10807], [116.923791, 1.107937], [116.923729, 1.108116], [116.923968, 1.109924], [116.924105, 1.109979], [116.925784, 1.109617]]]}}, {"type": "Feature", "properties": {"division_code": 2, "block_code": 46, "block_label": "2-46", "planted_ha": 4.46, "palms": 613, "planted_year": 2016, "abw_kg": 21.1, "rotation_target_days": 10, "gang_code": "", "road_condition": "good", "bunches_per_day": 20.0, "centroid_lon": 116.926671, "centroid_lat": 1.108658}, "geometry": {"type": "Polygon", "coordinates": [[[116.927894, 1.109248], [116.927644, 1.108118], [116.926929, 1.107486], [116.9255, 1.108172], [116.925821, 1.10962], [116.926012, 1.109733], [116.927894, 1.109248]]]}}, {"type": "Feature", "properties": {"division_code": 2, "block_code": 47, "block_label": "2-47", "planted_ha": 1.3, "palms": 179, "planted_year": 2016, "abw_kg": 20.3, "rotation_target_days": 10, "gang_code": "", "road_condition": "good", "bunches_per_day": 6.5, "centroid_lon": 116.92817, "centroid_lat": 1.108639}, "geometry": {"type": "Polygon", "coordinates": [[[116.92768, 1.108114], [116.927932, 1.10925], [116.928119, 1.109386], [116.928594, 1.109366], [116.928711, 1.10914], [116.928161, 1.107654], [116.92768, 1.108114]]]}}, {"type": "Feature", "properties": {"division_code": 2, "block_code": 48, "block_label": "2-48", "planted_ha": 1.55, "palms": 209, "planted_year": 2014, "abw_kg": 22.6, "rotation_target_days": 10, "gang_code": "", "road_condition": "good", "bunches_per_day": 6.9, "centroid_lon": 116.896059, "centroid_lat": 1.108217}, "geometry": {"type": "Polygon", "coordinates": [[[116.896688, 1.108357], [116.896424, 1.107131], [116.896366, 1.107127], [116.895956, 1.107699], [116.895775, 1.107982], [116.895264, 1.109003], [116.895456, 1.109134], [116.896688, 1.108357]]]}}, {"type": "Feature", "properties": {"division_code": 2, "block_code": 49, "block_label": "2-49", "planted_ha": 3.95, "palms": 534, "planted_year": 2014, "abw_kg": 22.2, "rotation_target_days": 10, "gang_code": "", "road_condition": "good", "bunches_per_day": 20.1, "centroid_lon": 116.897532, "centroid_lat": 1.107571}, "geometry": {"type": "Polygon", "coordinates": [[[116.898505, 1.106892], [116.897876, 1.10664], [116.896701, 1.10684], [116.896458, 1.107119], [116.896725, 1.108355], [116.897193, 1.108674], [116.898635, 1.107965], [116.898505, 1.106892]]]}}, {"type": "Feature", "properties": {"division_code": 2, "block_code": 50, "block_label": "2-50", "planted_ha": 3.31, "palms": 444, "planted_year": 2014, "abw_kg": 21.7, "rotation_target_days": 10, "gang_code": "", "road_condition": "fair", "bunches_per_day": 16.1, "centroid_lon": 116.899496, "centroid_lat": 1.107299}, "geometry": {"type": "Polygon", "coordinates": [[[116.900184, 1.106487], [116.899737, 1.106288], [116.898541, 1.10689], [116.898671, 1.107964], [116.89915, 1.108252], [116.900493, 1.107799], [116.900184, 1.106487]]]}}, {"type": "Feature", "properties": {"division_code": 2, "block_code": 51, "block_label": "2-51", "planted_ha": 4.37, "palms": 571, "planted_year": 2013, "abw_kg": 22.5, "rotation_target_days": 10, "gang_code": "", "road_condition": "poor", "bunches_per_day": 21.6, "centroid_lon": 116.903655, "centroid_lat": 1.10812}, "geometry": {"type": "Polygon", "coordinates": [[[116.903803, 1.10918], [116.904671, 1.109118], [116.904552, 1.108473], [116.904225, 1.106982], [116.903932, 1.106855], [116.902689, 1.107278], [116.902955, 1.109211], [116.903803, 1.10918]]]}}, {"type": "Feature", "properties": {"division_code": 2, "block_code": 52, "block_label": "2-52", "planted_ha": 3.95, "palms": 536, "planted_year": 2013, "abw_kg": 21.5, "rotation_target_days": 10, "gang_code": "", "road_condition": "fair", "bunches_per_day": 20.4, "centroid_lon": 116.905253, "centroid_lat": 1.10774}, "geometry": {"type": "Polygon", "coordinates": [[[116.90579, 1.10661], [116.904262, 1.106982], [116.90471, 1.109077], [116.906359, 1.108139], [116.90579, 1.10661]]]}}, {"type": "Feature", "properties": {"division_code": 2, "block_code": 53, "block_label": "2-53", "planted_ha": 5.23, "palms": 687, "planted_year": 2013, "abw_kg": 22.0, "rotation_target_days": 10, "gang_code": "", "road_condition": "fair", "bunches_per_day": 23.5, "centroid_lon": 116.907061, "centroid_lat": 1.107115}, "geometry": {"type": "Polygon", "coordinates": [[[116.908143, 1.108129], [116.90818, 1.108077], [116.907947, 1.106289], [116.907492, 1.105917], [116.905994, 1.106205], [116.905821, 1.10659], [116.906395, 1.108135], [116.906667, 1.108298], [116.908143, 1.108129]]]}}, {"type": "Feature", "properties": {"division_code": 2, "block_code": 54, "block_label": "2-54", "planted_ha": 4.02, "palms": 528, "planted_year": 2013, "abw_kg": 22.5, "rotation_target_days": 10, "gang_code": "", "road_condition": "good", "bunches_per_day": 20.4, "centroid_lon": 116.908947, "centroid_lat": 1.107026}, "geometry": {"type": "Polygon", "coordinates": [[[116.909981, 1.107724], [116.909474, 1.105817], [116.907983, 1.106292], [116.908215, 1.108063], [116.909023, 1.107985], [116.909862, 1.10787], [116.909981, 1.107724]]]}}, {"type": "Feature", "properties": {"division_code": 2, "block_code": 55, "block_label": "2-55", "planted_ha": 4.24, "palms": 585, "planted_year": 2015, "abw_kg": 22.3, "rotation_target_days": 10, "gang_code": "", "road_condition": "good", "bunches_per_day": 20.4, "centroid_lon": 116.912805, "centroid_lat": 1.107995}, "geometry": {"type": "Polygon", "coordinates": [[[116.913277, 1.106827], [116.912005, 1.106987], [116.911875, 1.107212], [116.912075, 1.10893], [116.912377, 1.109102], [116.91393, 1.108839], [116.913277, 1.106827]]]}}, {"type": "Feature", "properties": {"division_code": 2, "block_code": 56, "block_label": "2-56", "planted_ha": 4.6, "palms": 623, "planted_year": 2017, "abw_kg": 19.5, "rotation_target_days": 10, "gang_code": "", "road_condition": "good", "bunches_per_day": 24.7, "centroid_lon": 116.914414, "centroid_lat": 1.107522}, "geometry": {"type": "Polygon", "coordinates": [[[116.915456, 1.108128], [116.915139, 1.106427], [116.913792, 1.106455], [116.91331, 1.106813], [116.913968, 1.108841], [116.914169, 1.10894], [116.915456, 1.108128]]]}}, {"type": "Feature", "properties": {"division_code": 2, "block_code": 57, "block_label": "2-57", "planted_ha": 4.53, "palms": 612, "planted_year": 2017, "abw_kg": 19.8, "rotation_target_days": 10, "gang_code": "", "road_condition": "fair", "bunches_per_day": 24.2, "centroid_lon": 116.91628, "centroid_lat": 1.107189}, "geometry": {"type": "Polygon", "coordinates": [[[116.916646, 1.108089], [116.917469, 1.107943], [116.917074, 1.106255], [116.916229, 1.106228], [116.915356, 1.106238], [116.915173, 1.106415], [116.915492, 1.108125], [116.915796, 1.108272], [116.916646, 1.108089]]]}}, {"type": "Feature", "properties": {"division_code": 2, "block_code": 58, "block_label": "2-58", "planted_ha": 4.41, "palms": 602, "planted_year": 2017, "abw_kg": 19.0, "rotation_target_days": 10, "gang_code": "", "road_condition": "good", "bunches_per_day": 21.3, "centroid_lon": 116.920666, "centroid_lat": 1.107855}, "geometry": {"type": "Polygon", "coordinates": [[[116.920122, 1.108991], [116.921342, 1.108759], [116.921825, 1.106965], [116.921381, 1.106682], [116.919278, 1.107595], [116.920122, 1.108991]]]}}, {"type": "Feature", "properties": {"division_code": 2, "block_code": 59, "block_label": "2-59", "planted_ha": 4.19, "palms": 551, "planted_year": 2017, "abw_kg": 18.6, "rotation_target_days": 10, "gang_code": "", "road_condition": "fair", "bunches_per_day": 20.7, "centroid_lon": 116.922508, "centroid_lat": 1.107858}, "geometry": {"type": "Polygon", "coordinates": [[[116.923696, 1.108101], [116.923759, 1.107919], [116.923245, 1.106812], [116.92186, 1.106973], [116.921377, 1.108767], [116.921792, 1.109059], [116.923696, 1.108101]]]}}, {"type": "Feature", "properties": {"division_code": 2, "block_code": 60, "block_label": "2-60", "planted_ha": 4.21, "palms": 582, "planted_year": 2016, "abw_kg": 20.7, "rotation_target_days": 10, "gang_code": "", "road_condition": "fair", "bunches_per_day": 21.1, "centroid_lon": 116.924493, "centroid_lat": 1.106991}, "geometry": {"type": "Polygon", "coordinates": [[[116.925294, 1.108033], [116.92542, 1.105971], [116.925079, 1.105832], [116.923468, 1.106493], [116.923277, 1.106794], [116.923791, 1.107901], [116.925294, 1.108033]]]}}, {"type": "Feature", "properties": {"division_code": 2, "block_code": 61, "block_label": "2-61", "planted_ha": 3.35, "palms": 460, "planted_year": 2015, "abw_kg": 22.6, "rotation_target_days": 10, "gang_code": "", "road_condition": "fair", "bunches_per_day": 15.0, "centroid_lon": 116.926079, "centroid_lat": 1.106933}, "geometry": {"type": "Polygon", "coordinates": [[[116.926787, 1.105949], [116.925456, 1.105977], [116.925329, 1.108043], [116.925481, 1.108142], [116.926913, 1.107454], [116.926787, 1.105949]]]}}, {"type": "Feature", "properties": {"division_code": 2, "block_code": 62, "block_label": "2-62", "planted_ha": 2.15, "palms": 285, "planted_year": 2016, "abw_kg": 20.3, "rotation_target_days": 10, "gang_code": "", "road_condition": "poor", "bunches_per_day": 10.4, "centroid_lon": 116.927396, "centroid_lat": 1.106975}, "geometry": {"type": "Polygon", "coordinates": [[[116.928148, 1.107617], [116.92791, 1.106975], [116.927178, 1.105742], [116.927036, 1.105758], [116.926822, 1.105938], [116.926949, 1.107456], [116.92766, 1.108084], [116.928148, 1.107617]]]}}, {"type": "Feature", "properties": {"division_code": 2, "block_code": 63, "block_label": "2-63", "planted_ha": 1.83, "palms": 242, "planted_year": 2013, "abw_kg": 21.4, "rotation_target_days": 10, "gang_code": "", "road_condition": "good", "bunches_per_day": 9.2, "centroid_lon": 116.897572, "centroid_lat": 1.105899}, "geometry": {"type": "Polygon", "coordinates": [[[116.898209, 1.104885], [116.897817, 1.104737], [116.896964, 1.106295], [116.896689, 1.106681], [116.896707, 1.106802], [116.897863, 1.106606], [116.898209, 1.104885]]]}}, {"type": "Feature", "properties": {"division_code": 2, "block_code": 64, "block_label": "2-64", "planted_ha": 3.51, "palms": 471, "planted_year": 2013, "abw_kg": 22.1, "rotation_target_days": 10, "gang_code": "", "road_condition": "good", "bunches_per_day": 17.7, "centroid_lon": 116.898807, "centroid_lat": 1.105757}, "geometry": {"type": "Polygon", "coordinates": [[[116.899392, 1.104585], [116.898245, 1.104888], [116.897899, 1.106611], [116.898521, 1.106859], [116.899716, 1.106258], [116.899392, 1.104585]]]}}, {"type": "Feature", "properties": {"division_code": 2, "block_code": 65, "block_label": "2-65", "planted_ha": 3.62, "palms": 487, "planted_year": 2013, "abw_kg": 21.6, "rotation_target_days": 10, "gang_code": "", "road_condition": "poor", "bunches_per_day": 18.1, "centroid_lon": 116.901287, "centroid_lat": 1.106882}, "geometry": {"type": "Polygon", "coordinates": [[[116.90252, 1.107184], [116.901749, 1.105783], [116.90022, 1.106484], [116.900531, 1.1078], [116.900732, 1.107934], [116.90252, 1.107184]]]}}, {"type": "Feature", "properties": {"division_code": 2, "block_code": 66, "block_label": "2-66", "planted_ha": 3.95, "palms": 517, "planted_year": 2013, "abw_kg": 22.1, "rotation_target_days": 10, "gang_code": "", "road_condition": "fair", "bunches_per_day": 19.5, "centroid_lon": 116.902975, "centroid_lat": 1.106114}, "geometry": {"type": "Polygon", "coordinates": [[[116.902671, 1.107246], [116.903914, 1.106823], [116.903772, 1.104999], [116.902793, 1.105296], [116.901818, 1.105563], [116.901776, 1.105757], [116.902559, 1.10718], [116.902671, 1.107246]]]}}, {"type": "Feature", "properties": {"division_code": 2, "block_code": 67, "block_label": "2-67", "planted_ha": 4.81, "palms": 653, "planted_year": 2013, "abw_kg": 22.2, "rotation_target_days": 10, "gang_code": "", "road_condition": "fair", "bunches_per_day": 25.9, "centroid_lon": 116.904779, "centroid_lat": 1.105757}, "geometry": {"type": "Polygon", "coordinates": [[[116.905789, 1.106574], [116.905962, 1.106189], [116.905358, 1.104705], [116.905042, 1.104531], [116.903944, 1.104747], [116.903807, 1.10498], [116.90395, 1.106823], [116.904242, 1.10695], [116.905789, 1.106574]]]}}, {"type": "Feature", "properties": {"division_code": 2, "block_code": 68, "block_label": "2-68", "planted_ha": 4.7, "palms": 627, "planted_year": 2014, "abw_kg": 22.1, "rotation_target_days": 10, "gang_code": "", "road_condition": "good", "bunches_per_day": 23.8, "centroid_lon": 116.910657, "centroid_lat": 1.106512}, "geometry": {"type": "Polygon", "coordinates": [[[116.911973, 1.10697], [116.911244, 1.105529], [116.909757, 1.105483], [116.909506, 1.105798], [116.910013, 1.107706], [116.911845, 1.107192], [116.911973, 1.10697]]]}}, {"type": "Feature", "properties": {"division_code": 2, "block_code": 69, "block_label": "2-69", "planted_ha": 4.74, "palms": 648, "planted_year": 2014, "abw_kg": 22.2, "rotation_target_days": 10, "gang_code": "", "road_condition": "fair", "bunches_per_day": 22.7, "centroid_lon": 116.912542, "centroid_lat": 1.105857}, "geometry": {"type": "Polygon", "coordinates": [[[116.913282, 1.106789], [116.913766, 1.10643], [116.913404, 1.105187], [116.912632, 1.104673], [116.911458, 1.105176], [116.911275, 1.105511], [116.912004, 1.106951], [116.913282, 1.106789]]]}}, {"type": "Feature", "properties": {"division_code": 2, "block_code": 70, "block_label": "2-70", "planted_ha": 4.61, "palms": 639, "planted_year": 2018, "abw_kg": 18.4, "rotation_target_days": 10, "gang_code": "", "road_condition": "good", "bunches_per_day": 23.8, "centroid_lon": 116.918161, "centroid_lat": 1.10683}, "geometry": {"type": "Polygon", "coordinates": [[[116.919237, 1.107576], [116.91895, 1.105979], [116.918654, 1.10574], [116.917605, 1.105729], [116.917108, 1.106243], [116.917507, 1.107946], [116.917708, 1.108083], [116.919237, 1.107576]]]}}, {"type": "Feature", "properties": {"division_code": 2, "block_code": 71, "block_label": "2-71", "planted_ha": 3.95, "palms": 543, "planted_year": 2018, "abw_kg": 17.2, "rotation_target_days": 10, "gang_code": "", "road_condition": "fair", "bunches_per_day": 18.4, "centroid_lon": 116.920115, "centroid_lat": 1.106398}, "geometry": {"type": "Polygon", "coordinates": [[[116.920966, 1.105465], [116.920778, 1.105355], [116.918987, 1.105982], [116.91927, 1.107559], [116.92136, 1.106652], [116.920966, 1.105465]]]}}, {"type": "Feature", "properties": {"division_code": 2, "block_code": 72, "block_label": "2-72", "planted_ha": 4.63, "palms": 637, "planted_year": 2017, "abw_kg": 18.8, "rotation_target_days": 10, "gang_code": "", "road_condition": "good", "bunches_per_day": 24.2, "centroid_lon": 116.922247, "centroid_lat": 1.105907}, "geometry": {"type": "Polygon", "coordinates": [[[116.923246, 1.106775], [116.923436, 1.106475], [116.922987, 1.105074], [116.922329, 1.104686], [116.921003, 1.10546], [116.921397, 1.10665], [116.92185, 1.106938], [116.923246, 1.106775]]]}}, {"type": "Feature", "properties": {"division_code": 3, "block_code": 1, "block_label": "3-1", "planted_ha": 1.06, "palms": 143, "planted_year": 2013, "abw_kg": 21.7, "rotation_target_days": 10, "gang_code": "", "road_condition": "fair", "bunches_per_day": 5.1, "centroid_lon": 116.898614, "centroid_lat": 1.104435}, "geometry": {"type": "Polygon", "coordinates": [[[116.899395, 1.104546], [116.899442, 1.104481], [116.899307, 1.104123], [116.898135, 1.104091], [116.897833, 1.104705], [116.89823, 1.104855], [116.899395, 1.104546]]]}}, {"type": "Feature", "properties": {"division_code": 3, "block_code": 2, "block_label": "3-2", "planted_ha": 4.42, "palms": 602, "planted_year": 2013, "abw_kg": 22.4, "rotation_target_days": 10, "gang_code": "", "road_condition": "fair", "bunches_per_day": 20.5, "centroid_lon": 116.900529, "centroid_lat": 1.105307}, "geometry": {"type": "Polygon", "coordinates": [[[116.901784, 1.105549], [116.901438, 1.104599], [116.900191, 1.104289], [116.899474, 1.1045], [116.899425, 1.104566], [116.899752, 1.106255], [116.9002, 1.106454], [116.901741, 1.105747], [116.901784, 1.105549]]]}}, {"type": "Feature", "properties": {"division_code": 3, "block_code": 3, "block_label": "3-3", "planted_ha": 1.94, "palms": 255, "planted_year": 2014, "abw_kg": 22.1, "rotation_target_days": 10, "gang_code": "", "road_condition": "good", "bunches_per_day": 8.9, "centroid_lon": 116.902714, "centroid_lat": 1.104894}, "geometry": {"type": "Polygon", "coordinates": [[[116.902783, 1.105261], [116.903777, 1.10496], [116.903911, 1.104731], [116.903575, 1.10419], [116.903524, 1.104277], [116.90349, 1.10429], [116.903481, 1.104306], [116.9031, 1.104428], [116.902118, 1.104775], [116.90148, 1.10461], [116.901814, 1.105526], [116.902783, 1.105261]]]}}, {"type": "Feature", "properties": {"division_code": 3, "block_code": 4, "block_label": "3-4", "planted_ha": 4.3, "palms": 587, "planted_year": 2013, "abw_kg": 22.5, "rotation_target_days": 10, "gang_code": "", "road_condition": "good", "bunches_per_day": 20.3, "centroid_lon": 116.906597, "centroid_lat": 1.105043}, "geometry": {"type": "Polygon", "coordinates": [[[116.907521, 1.104318], [116.907012, 1.103788], [116.905395, 1.1047], [116.905993, 1.106169], [116.907479, 1.105883], [116.907521, 1.104318]]]}}, {"type": "Feature", "properties": {"division_code": 3, "block_code": 5, "block_label": "3-5", "planted_ha": 4.62, "palms": 609, "planted_year": 2013, "abw_kg": 22.2, "rotation_target_days": 10, "gang_code": "", "road_condition": "good", "bunches_per_day": 22.0, "centroid_lon": 116.908527, "centroid_lat": 1.10511}, "geometry": {"type": "Polygon", "coordinates": [[[116.909476, 1.105778], [116.909728, 1.105462], [116.909271, 1.104083], [116.909109, 1.103977], [116.907556, 1.104326], [116.907515, 1.105889], [116.907968, 1.106259], [116.909476, 1.105778]]]}}, {"type": "Feature", "properties": {"division_code": 3, "block_code": 6, "block_label": "3-6", "planted_ha": 3.81, "palms": 500, "planted_year": 2012, "abw_kg": 21.9, "rotation_target_days": 10, "gang_code": "", "road_condition": "good", "bunches_per_day": 19.9, "centroid_lon": 116.910431, "centroid_lat": 1.104575}, "geometry": {"type": "Polygon", "coordinates": [[[116.911244, 1.105492], [116.911426, 1.10516], [116.911087, 1.103694], [116.910711, 1.103472], [116.909309, 1.104081], [116.909761, 1.105447], [116.911244, 1.105492]]]}}, {"type": "Feature", "properties": {"division_code": 3, "block_code": 7, "block_label": "3-7", "planted_ha": 4.43, "palms": 590, "planted_year": 2014, "abw_kg": 22.3, "rotation_target_days": 10, "gang_code": "", "road_condition": "fair", "bunches_per_day": 21.1, "centroid_lon": 116.914556, "centroid_lat": 1.105325}, "geometry": {"type": "Polygon", "coordinates": [[[116.915331, 1.106212], [116.915431, 1.104272], [116.914802, 1.103943], [116.91344, 1.105182], [116.9138, 1.106419], [116.915146, 1.106391], [116.915331, 1.106212]]]}}, {"type": "Feature", "properties": {"division_code": 3, "block_code": 8, "block_label": "3-8", "planted_ha": 4.89, "palms": 667, "planted_year": 2017, "abw_kg": 19.8, "rotation_target_days": 10, "gang_code": "", "road_condition": "good", "bunches_per_day": 25.2, "centroid_lon": 116.916369, "centroid_lat": 1.105175}, "geometry": {"type": "Polygon", "coordinates": [[[116.917577, 1.105706], [116.916795, 1.103813], [116.915467, 1.104274], [116.915368, 1.106201], [116.916229, 1.106192], [116.917081, 1.106219], [116.917577, 1.105706]]]}}, {"type": "Feature", "properties": {"division_code": 3, "block_code": 9, "block_label": "3-9", "planted_ha": 3.83, "palms": 525, "planted_year": 2017, "abw_kg": 19.0, "rotation_target_days": 10, "gang_code": "", "road_condition": "good", "bunches_per_day": 17.8, "centroid_lon": 116.917963, "centroid_lat": 1.104602}, "geometry": {"type": "Polygon", "coordinates": [[[116.918908, 1.10405], [116.918209, 1.103639], [116.91687, 1.103726], [116.916826, 1.103792], [116.91761, 1.105693], [116.918646, 1.105704], [116.918908, 1.10405]]]}}, {"type": "Feature", "properties": {"division_code": 3, "block_code": 10, "block_label": "3-10", "planted_ha": 3.88, "palms": 508, "planted_year": 2018, "abw_kg": 18.0, "rotation_target_days": 10, "gang_code": "", "road_condition": "good", "bunches_per_day": 17.6, "centroid_lon": 116.919645, "centroid_lat": 1.104829}, "geometry": {"type": "Polygon", "coordinates": [[[116.920757, 1.105324], [116.920159, 1.103608], [116.918944, 1.104054], [116.91868, 1.105715], [116.91897, 1.105949], [116.920757, 1.105324]]]}}, {"type": "Feature", "properties": {"division_code": 3, "block_code": 11, "block_label": "3-11", "planted_ha": 3.68, "palms": 490, "planted_year": 2016, "abw_kg": 20.6, "rotation_target_days": 10, "gang_code": "", "road_condition": "good", "bunches_per_day": 16.8, "centroid_lon": 116.924051, "centroid_lat": 1.105311}, "geometry": {"type": "Polygon", "coordinates": [[[116.924972, 1.104902], [116.924105, 1.1041], [116.923023, 1.105067], [116.923467, 1.106454], [116.925059, 1.105801], [116.924972, 1.104902]]]}}, {"type": "Feature", "properties": {"division_code": 3, "block_code": 12, "block_label": "3-12", "planted_ha": 3.0, "palms": 416, "planted_year": 2016, "abw_kg": 20.1, "rotation_target_days": 10, "gang_code": "", "road_condition": "fair", "bunches_per_day": 14.1, "centroid_lon": 116.925932, "centroid_lat": 1.105232}, "geometry": {"type": "Polygon", "coordinates": [[[116.926797, 1.105913], [116.927009, 1.105734], [116.926941, 1.105343], [116.926804, 1.105111], [116.925784, 1.104149], [116.925008, 1.1049], [116.925095, 1.105799], [116.925442, 1.105941], [116.926797, 1.105913]]]}}, {"type": "Feature", "properties": {"division_code": 3, "block_code": 13, "block_label": "3-13", "planted_ha": 2.63, "palms": 354, "planted_year": 2012, "abw_kg": 22.5, "rotation_target_days": 10, "gang_code": "", "road_condition": "good", "bunches_per_day": 12.0, "centroid_lon": 116.904463, "centroid_lat": 1.103743}, "geometry": {"type": "Polygon", "coordinates": [[[116.905084, 1.10284], [116.904606, 1.102538], [116.904527, 1.102555], [116.904145, 1.103194], [116.903596, 1.104155], [116.903941, 1.10471], [116.905027, 1.104496], [116.905084, 1.10284]]]}}, {"type": "Feature", "properties": {"division_code": 3, "block_code": 14, "block_label": "3-14", "planted_ha": 3.74, "palms": 496, "planted_year": 2013, "abw_kg": 22.5, "rotation_target_days": 10, "gang_code": "", "road_condition": "good", "bunches_per_day": 17.8, "centroid_lon": 116.905953, "centroid_lat": 1.103487}, "geometry": {"type": "Polygon", "coordinates": [[[116.905372, 1.104672], [116.906996, 1.103755], [116.906874, 1.102762], [116.906537, 1.102432], [116.90512, 1.102844], [116.905063, 1.104501], [116.905372, 1.104672]]]}}, {"type": "Feature", "properties": {"division_code": 3, "block_code": 15, "block_label": "3-15", "planted_ha": 4.05, "palms": 549, "planted_year": 2013, "abw_kg": 22.4, "rotation_target_days": 10, "gang_code": "", "road_condition": "good", "bunches_per_day": 19.1, "centroid_lon": 116.908027, "centroid_lat": 1.103295}, "geometry": {"type": "Polygon", "coordinates": [[[116.909093, 1.103944], [116.908972, 1.102572], [116.908153, 1.102308], [116.906911, 1.102765], [116.907032, 1.103757], [116.907545, 1.104291], [116.909093, 1.103944]]]}}, {"type": "Feature", "properties": {"division_code": 3, "block_code": 16, "block_label": "3-16", "planted_ha": 3.45, "palms": 476, "planted_year": 2013, "abw_kg": 22.5, "rotation_target_days": 10, "gang_code": "", "road_condition": "good", "bunches_per_day": 17.7, "centroid_lon": 116.909862, "centroid_lat": 1.102894}, "geometry": {"type": "Polygon", "coordinates": [[[116.910621, 1.102034], [116.910076, 1.101693], [116.909008, 1.102566], [116.909129, 1.103947], [116.909288, 1.10405], [116.910694, 1.10344], [116.910621, 1.102034]]]}}, {"type": "Feature", "properties": {"division_code": 3, "block_code": 17, "block_label": "3-17", "planted_ha": 2.88, "palms": 379, "planted_year": 2013, "abw_kg": 22.4, "rotation_target_days": 10, "gang_code": "", "road_condition": "good", "bunches_per_day": 13.9, "centroid_lon": 116.912037, "centroid_lat": 1.104051}, "geometry": {"type": "Polygon", "coordinates": [[[116.912948, 1.103071], [116.912846, 1.103005], [116.911124, 1.103694], [116.911457, 1.105137], [116.912618, 1.10464], [116.912948, 1.103071]]]}}, {"type": "Feature", "properties": {"division_code": 3, "block_code": 18, "block_label": "3-18", "planted_ha": 3.54, "palms": 462, "planted_year": 2014, "abw_kg": 21.7, "rotation_target_days": 10, "gang_code": "", "road_condition": "good", "bunches_per_day": 17.3, "centroid_lon": 116.913602, "centroid_lat": 1.103981}, "geometry": {"type": "Polygon", "coordinates": [[[116.914775, 1.103919], [116.91415, 1.103046], [116.912982, 1.10308], [116.912654, 1.104644], [116.913417, 1.105153], [116.914775, 1.103919]]]}}, {"type": "Feature", "properties": {"division_code": 3, "block_code": 19, "block_label": "3-19", "planted_ha": 5.11, "palms": 686, "planted_year": 2014, "abw_kg": 21.5, "rotation_target_days": 10, "gang_code": "", "road_condition": "good", "bunches_per_day": 24.1, "centroid_lon": 116.915639, "centroid_lat": 1.103107}, "geometry": {"type": "Polygon", "coordinates": [[[116.916794, 1.103775], [116.916841, 1.103704], [116.916653, 1.102129], [116.916492, 1.101988], [116.915672, 1.102167], [116.91461, 1.102435], [116.914181, 1.103027], [116.914811, 1.103907], [116.915451, 1.104242], [116.916794, 1.103775]]]}}, {"type": "Feature", "properties": {"division_code": 3, "block_code": 20, "block_label": "3-20", "planted_ha": 3.81, "palms": 507, "planted_year": 2016, "abw_kg": 20.7, "rotation_target_days": 10, "gang_code": "", "road_condition": "good", "bunches_per_day": 18.7, "centroid_lon": 116.919155, "centroid_lat": 1.102901}, "geometry": {"type": "Polygon", "coordinates": [[[116.920165, 1.10355], [116.919629, 1.101786], [116.91862, 1.101745], [116.918233, 1.103612], [116.918929, 1.104021], [116.920156, 1.10357], [116.920165, 1.10355]]]}}, {"type": "Feature", "properties": {"division_code": 3, "block_code": 21, "block_label": "3-21", "planted_ha": 4.0, "palms": 534, "planted_year": 2018, "abw_kg": 17.3, "rotation_target_days": 10, "gang_code": "", "road_condition": "good", "bunches_per_day": 18.3, "centroid_lon": 116.921311, "centroid_lat": 1.104177}, "geometry": {"type": "Polygon", "coordinates": [[[116.922309, 1.104655], [116.922063, 1.103057], [116.920833, 1.103383], [116.920197, 1.103567], [116.920189, 1.103585], [116.920795, 1.105323], [116.920981, 1.105431], [116.922309, 1.104655]]]}}, {"type": "Feature", "properties": {"division_code": 3, "block_code": 22, "block_label": "3-22", "planted_ha": 4.01, "palms": 553, "planted_year": 2017, "abw_kg": 18.9, "rotation_target_days": 10, "gang_code": "", "road_condition": "poor", "bunches_per_day": 20.5, "centroid_lon": 116.923062, "centroid_lat": 1.103784}, "geometry": {"type": "Polygon", "coordinates": [[[116.924086, 1.104068], [116.923976, 1.103071], [116.923641, 1.102869], [116.922216, 1.102858], [116.922097, 1.103039], [116.922345, 1.104654], [116.923, 1.105039], [116.924086, 1.104068]]]}}, {"type": "Feature", "properties": {"division_code": 3, "block_code": 23, "block_label": "3-23", "planted_ha": 2.05, "palms": 272, "planted_year": 2016, "abw_kg": 20.6, "rotation_target_days": 10, "gang_code": "", "road_condition": "fair", "bunches_per_day": 10.1, "centroid_lon": 116.924777, "centroid_lat": 1.103942}, "geometry": {"type": "Polygon", "coordinates": [[[116.925757, 1.104125], [116.925627, 1.104002], [116.924946, 1.103435], [116.924157, 1.103025], [116.924012, 1.103073], [116.924122, 1.104066], [116.924989, 1.104868], [116.925757, 1.104125]]]}}, {"type": "Feature", "properties": {"division_code": 3, "block_code": 24, "block_label": "3-24", "planted_ha": 4.12, "palms": 552, "planted_year": 2013, "abw_kg": 21.6, "rotation_target_days": 10, "gang_code": "", "road_condition": "good", "bunches_per_day": 20.9, "centroid_lon": 116.905502, "centroid_lat": 1.101693}, "geometry": {"type": "Polygon", "coordinates": [[[116.906522, 1.102398], [116.90623, 1.10075], [116.906063, 1.100649], [116.904682, 1.100726], [116.904627, 1.102508], [116.905105, 1.10281], [116.906522, 1.102398]]]}}, {"type": "Feature", "properties": {"division_code": 3, "block_code": 25, "block_label": "3-25", "planted_ha": 3.42, "palms": 460, "planted_year": 2012, "abw_kg": 22.0, "rotation_target_days": 10, "gang_code": "", "road_condition": "good", "bunches_per_day": 18.3, "centroid_lon": 116.911599, "centroid_lat": 1.102692}, "geometry": {"type": "Polygon", "coordinates": [[[116.912823, 1.102976], [116.912252, 1.101826], [116.910657, 1.102039], [116.91073, 1.103441], [116.911104, 1.103663], [116.912823, 1.102976]]]}}, {"type": "Feature", "properties": {"division_code": 3, "block_code": 26, "block_label": "3-26", "planted_ha": 4.89, "palms": 656, "planted_year": 2012, "abw_kg": 21.6, "rotation_target_days": 10, "gang_code": "", "road_condition": "good", "bunches_per_day": 24.5, "centroid_lon": 116.913524, "centroid_lat": 1.101942}, "geometry": {"type": "Polygon", "coordinates": [[[116.91415, 1.10301], [116.91458, 1.102414], [116.914392, 1.100914], [116.913909, 1.100704], [116.912445, 1.10136], [116.912281, 1.101805], [116.912862, 1.102973], [116.912973, 1.103044], [116.91415, 1.10301]]]}}, {"type": "Feature", "properties": {"division_code": 3, "block_code": 27, "block_label": "3-27", "planted_ha": 3.52, "palms": 488, "planted_year": 2015, "abw_kg": 21.7, "rotation_target_days": 10, "gang_code": "", "road_condition": "poor", "bunches_per_day": 17.9, "centroid_lon": 116.917621, "centroid_lat": 1.102696}, "geometry": {"type": "Polygon", "coordinates": [[[116.918198, 1.103604], [116.918585, 1.101736], [116.918408, 1.101633], [116.91669, 1.102134], [116.916876, 1.103689], [116.918198, 1.103604]]]}}, {"type": "Feature", "properties": {"division_code": 3, "block_code": 28, "block_label": "3-28", "planted_ha": 4.7, "palms": 634, "planted_year": 2017, "abw_kg": 19.3, "rotation_target_days": 10, "gang_code": "", "road_condition": "fair", "bunches_per_day": 22.3, "centroid_lon": 116.920893, "centroid_lat": 1.102381}, "geometry": {"type": "Polygon", "coordinates": [[[116.922186, 1.102837], [116.921712, 1.101456], [116.920731, 1.101459], [116.919923, 1.101493], [116.919663, 1.101774], [116.920197, 1.103529], [116.922067, 1.103019], [116.922186, 1.102837]]]}}, {"type": "Feature", "properties": {"division_code": 3, "block_code": 29, "block_label": "3-29", "planted_ha": 2.09, "palms": 275, "planted_year": 2016, "abw_kg": 20.5, "rotation_target_days": 10, "gang_code": "", "road_condition": "good", "bunches_per_day": 10.2, "centroid_lon": 116.922462, "centroid_lat": 1.10203}, "geometry": {"type": "Polygon", "coordinates": [[[116.923628, 1.102833], [116.923628, 1.102731], [116.923066, 1.102395], [116.922346, 1.101076], [116.922305, 1.100888], [116.921935, 1.100942], [116.921744, 1.101439], [116.922219, 1.102822], [116.923628, 1.102833]]]}}, {"type": "Feature", "properties": {"division_code": 3, "block_code": 30, "block_label": "3-30", "planted_ha": 4.29, "palms": 562, "planted_year": 2012, "abw_kg": 22.2, "rotation_target_days": 10, "gang_code": "", "road_condition": "fair", "bunches_per_day": 20.2, "centroid_lon": 116.907267, "centroid_lat": 1.101477}, "geometry": {"type": "Polygon", "coordinates": [[[116.908134, 1.102276], [116.908123, 1.100566], [116.90748, 1.100312], [116.906267, 1.100751], [116.906559, 1.102403], [116.906896, 1.102732], [116.908134, 1.102276]]]}}, {"type": "Feature", "properties": {"division_code": 3, "block_code": 31, "block_label": "3-31", "planted_ha": 3.96, "palms": 526, "planted_year": 2013, "abw_kg": 22.5, "rotation_target_days": 10, "gang_code": "", "road_condition": "fair", "bunches_per_day": 19.9, "centroid_lon": 116.909016, "centroid_lat": 1.101378}, "geometry": {"type": "Polygon", "coordinates": [[[116.908985, 1.102538], [116.910054, 1.101664], [116.90973, 1.100306], [116.908159, 1.100568], [116.90817, 1.102276], [116.908985, 1.102538]]]}}, {"type": "Feature", "properties": {"division_code": 3, "block_code": 32, "block_label": "3-32", "planted_ha": 5.26, "palms": 699, "planted_year": 2012, "abw_kg": 22.2, "rotation_target_days": 10, "gang_code": "", "road_condition": "good", "bunches_per_day": 24.7, "centroid_lon": 116.911062, "centroid_lat": 1.100928}, "geometry": {"type": "Polygon", "coordinates": [[[116.912249, 1.10179], [116.912411, 1.101347], [116.911557, 1.099689], [116.909807, 1.1002], [116.909763, 1.100288], [116.91009, 1.10166], [116.910642, 1.102005], [116.912249, 1.10179]]]}}, {"type": "Feature", "properties": {"division_code": 3, "block_code": 33, "block_label": "3-33", "planted_ha": 3.63, "palms": 476, "planted_year": 2013, "abw_kg": 22.4, "rotation_target_days": 10, "gang_code": "", "road_condition": "good", "bunches_per_day": 19.1, "centroid_lon": 116.915433, "centroid_lat": 1.101384}, "geometry": {"type": "Polygon", "coordinates": [[[116.915664, 1.102132], [116.916476, 1.101955], [116.916172, 1.100458], [116.915966, 1.10032], [116.914428, 1.100913], [116.914614, 1.102396], [116.915664, 1.102132]]]}}, {"type": "Feature", "properties": {"division_code": 3, "block_code": 34, "block_label": "3-34", "planted_ha": 3.75, "palms": 513, "planted_year": 2014, "abw_kg": 22.2, "rotation_target_days": 10, "gang_code": "", "road_condition": "good", "bunches_per_day": 19.2, "centroid_lon": 116.917257, "centroid_lat": 1.101079}, "geometry": {"type": "Polygon", "coordinates": [[[116.918389, 1.101601], [116.91814, 1.100539], [116.917456, 1.100085], [116.916209, 1.100459], [116.916514, 1.101959], [116.916675, 1.1021], [116.918389, 1.101601]]]}}, {"type": "Feature", "properties": {"division_code": 3, "block_code": 35, "block_label": "3-35", "planted_ha": 3.58, "palms": 476, "planted_year": 2015, "abw_kg": 21.7, "rotation_target_days": 10, "gang_code": "", "road_condition": "good", "bunches_per_day": 17.0, "centroid_lon": 116.919165, "centroid_lat": 1.100765}, "geometry": {"type": "Polygon", "coordinates": [[[116.919636, 1.10175], [116.919897, 1.101468], [116.91996, 1.099897], [116.919378, 1.099557], [116.918176, 1.100535], [116.918426, 1.101601], [116.91861, 1.101709], [116.919636, 1.10175]]]}}, {"type": "Feature", "properties": {"division_code": 3, "block_code": 36, "block_label": "3-36", "planted_ha": 3.95, "palms": 519, "planted_year": 2015, "abw_kg": 22.2, "rotation_target_days": 10, "gang_code": "", "road_condition": "fair", "bunches_per_day": 21.1, "centroid_lon": 116.920882, "centroid_lat": 1.100543}, "geometry": {"type": "Polygon", "coordinates": [[[116.921903, 1.100925], [116.921403, 1.099319], [116.919996, 1.099899], [116.919934, 1.101457], [116.92073, 1.101423], [116.921713, 1.10142], [116.921903, 1.100925]]]}}, {"type": "Feature", "properties": {"division_code": 3, "block_code": 37, "block_label": "3-37", "planted_ha": 3.54, "palms": 484, "planted_year": 2011, "abw_kg": 21.8, "rotation_target_days": 10, "gang_code": "", "road_condition": "good", "bunches_per_day": 19.0, "centroid_lon": 116.905177, "centroid_lat": 1.099748}, "geometry": {"type": "Polygon", "coordinates": [[[116.906047, 1.100613], [116.905771, 1.098665], [116.905396, 1.098456], [116.904112, 1.099721], [116.904513, 1.100615], [116.904668, 1.100691], [116.906047, 1.100613]]]}}, {"type": "Feature", "properties": {"division_code": 3, "block_code": 38, "block_label": "3-38", "planted_ha": 4.15, "palms": 558, "planted_year": 2011, "abw_kg": 22.0, "rotation_target_days": 10, "gang_code": "", "road_condition": "fair", "bunches_per_day": 19.9, "centroid_lon": 116.906739, "centroid_lat": 1.099426}, "geometry": {"type": "Polygon", "coordinates": [[[116.907463, 1.10028], [116.907632, 1.098454], [116.907263, 1.098242], [116.905807, 1.098668], [116.906084, 1.100619], [116.906248, 1.100719], [116.907463, 1.10028]]]}}, {"type": "Feature", "properties": {"division_code": 3, "block_code": 39, "block_label": "3-39", "planted_ha": 4.87, "palms": 649, "planted_year": 2013, "abw_kg": 22.0, "rotation_target_days": 10, "gang_code": "", "road_condition": "good", "bunches_per_day": 22.5, "centroid_lon": 116.908546, "centroid_lat": 1.099449}, "geometry": {"type": "Polygon", "coordinates": [[[116.909732, 1.100269], [116.909775, 1.100184], [116.909234, 1.098493], [116.908816, 1.098239], [116.907667, 1.098459], [116.907499, 1.100281], [116.908142, 1.100535], [116.909732, 1.100269]]]}}, {"type": "Feature", "properties": {"division_code": 3, "block_code": 40, "block_label": "3-40", "planted_ha": 4.66, "palms": 619, "planted_year": 2013, "abw_kg": 21.4, "rotation_target_days": 10, "gang_code": "", "road_condition": "fair", "bunches_per_day": 21.0, "centroid_lon": 116.910464, "centroid_lat": 1.098943}, "geometry": {"type": "Polygon", "coordinates": [[[116.911553, 1.099652], [116.9116, 1.099553], [116.911174, 1.097883], [116.910799, 1.097655], [116.909271, 1.09849], [116.909806, 1.100163], [116.911553, 1.099652]]]}}, {"type": "Feature", "properties": {"division_code": 3, "block_code": 41, "block_label": "3-41", "planted_ha": 4.2, "palms": 576, "planted_year": 2012, "abw_kg": 22.1, "rotation_target_days": 10, "gang_code": "", "road_condition": "fair", "bunches_per_day": 22.2, "centroid_lon": 116.912838, "centroid_lat": 1.100099}, "geometry": {"type": "Polygon", "coordinates": [[[116.913889, 1.100673], [116.913673, 1.099213], [116.913306, 1.099], [116.912462, 1.099304], [116.911632, 1.09957], [116.911586, 1.099667], [116.912439, 1.101323], [116.913889, 1.100673]]]}}, {"type": "Feature", "properties": {"division_code": 3, "block_code": 42, "block_label": "3-42", "planted_ha": 4.2, "palms": 562, "planted_year": 2012, "abw_kg": 22.4, "rotation_target_days": 10, "gang_code": "", "road_condition": "fair", "bunches_per_day": 19.4, "centroid_lon": 116.914789, "centroid_lat": 1.099791}, "geometry": {"type": "Polygon", "coordinates": [[[116.915496, 1.098707], [116.915403, 1.098658], [116.913709, 1.099214], [116.913925, 1.100671], [116.914408, 1.100882], [116.915947, 1.100289], [116.915496, 1.098707]]]}}, {"type": "Feature", "properties": {"division_code": 3, "block_code": 43, "block_label": "3-43", "planted_ha": 4.24, "palms": 578, "planted_year": 2013, "abw_kg": 21.5, "rotation_target_days": 10, "gang_code": "", "road_condition": "good", "bunches_per_day": 21.7, "centroid_lon": 116.916644, "centroid_lat": 1.099256}, "geometry": {"type": "Polygon", "coordinates": [[[116.917443, 1.100051], [116.917701, 1.098556], [116.916748, 1.098153], [116.915533, 1.098704], [116.915984, 1.100289], [116.916191, 1.100427], [116.917443, 1.100051]]]}}, {"type": "Feature", "properties": {"division_code": 3, "block_code": 44, "block_label": "3-44", "planted_ha": 3.36, "palms": 453, "planted_year": 2013, "abw_kg": 21.6, "rotation_target_days": 10, "gang_code": "", "road_condition": "good", "bunches_per_day": 17.1, "centroid_lon": 116.918345, "centroid_lat": 1.099344}, "geometry": {"type": "Polygon", "coordinates": [[[116.918155, 1.100506], [116.919354, 1.09953], [116.918769, 1.098199], [116.917737, 1.098558], [116.917479, 1.100057], [116.918155, 1.100506]]]}}, {"type": "Feature", "properties": {"division_code": 3, "block_code": 45, "block_label": "3-45", "planted_ha": 0.97, "palms": 134, "planted_year": 2015, "abw_kg": 22.2, "rotation_target_days": 10, "gang_code": "", "road_condition": "fair", "bunches_per_day": 5.1, "centroid_lon": 116.921895, "centroid_lat": 1.099985}, "geometry": {"type": "Polygon", "coordinates": [[[116.922298, 1.100852], [116.922027, 1.099531], [116.922014, 1.099105], [116.92144, 1.099318], [116.921934, 1.100905], [116.922298, 1.100852]]]}}, {"type": "Feature", "properties": {"division_code": 3, "block_code": 46, "block_label": "3-46", "planted_ha": 2.91, "palms": 384, "planted_year": 2010, "abw_kg": 22.6, "rotation_target_days": 10, "gang_code": "", "road_condition": "good", "bunches_per_day": 15.4, "centroid_lon": 116.904377, "centroid_lat": 1.098523}, "geometry": {"type": "Polygon", "coordinates": [[[116.903672, 1.099462], [116.904087, 1.099694], [116.90537, 1.098431], [116.904807, 1.097535], [116.90406, 1.097516], [116.903629, 1.098893], [116.903581, 1.099308], [116.903672, 1.099462]]]}}, {"type": "Feature", "properties": {"division_code": 3, "block_code": 47, "block_label": "3-47", "planted_ha": 3.67, "palms": 506, "planted_year": 2011, "abw_kg": 22.6, "rotation_target_days": 10, "gang_code": "", "road_condition": "good", "bunches_per_day": 19.0, "centroid_lon": 116.906135, "centroid_lat": 1.097719}, "geometry": {"type": "Polygon", "coordinates": [[[116.907245, 1.09821], [116.907101, 1.097085], [116.906695, 1.096819], [116.905065, 1.097255], [116.904839, 1.097518], [116.905406, 1.09842], [116.90579, 1.098635], [116.907245, 1.09821]]]}}, {"type": "Feature", "properties": {"division_code": 3, "block_code": 48, "block_label": "3-48", "planted_ha": 4.04, "palms": 555, "planted_year": 2012, "abw_kg": 21.5, "rotation_target_days": 10, "gang_code": "", "road_condition": "fair", "bunches_per_day": 18.8, "centroid_lon": 116.912279, "centroid_lat": 1.098364}, "geometry": {"type": "Polygon", "coordinates": [[[116.912451, 1.099269], [116.913288, 1.098968], [116.913112, 1.097631], [116.912596, 1.097188], [116.91121, 1.097882], [116.911631, 1.099532], [116.912451, 1.099269]]]}}, {"type": "Feature", "properties": {"division_code": 3, "block_code": 49, "block_label": "3-49", "planted_ha": 3.74, "palms": 508, "planted_year": 2012, "abw_kg": 21.9, "rotation_target_days": 10, "gang_code": "", "road_condition": "good", "bunches_per_day": 18.7, "centroid_lon": 116.914176, "centroid_lat": 1.098183}, "geometry": {"type": "Polygon", "coordinates": [[[116.914725, 1.097122], [116.913149, 1.097634], [116.913325, 1.098969], [116.913691, 1.099182], [116.91538, 1.098627], [116.914725, 1.097122]]]}}, {"type": "Feature", "properties": {"division_code": 3, "block_code": 50, "block_label": "3-50", "planted_ha": 3.8, "palms": 507, "planted_year": 2013, "abw_kg": 22.0, "rotation_target_days": 10, "gang_code": "", "road_condition": "good", "bunches_per_day": 16.8, "centroid_lon": 116.915831, "centroid_lat": 1.097489}, "geometry": {"type": "Polygon", "coordinates": [[[116.916729, 1.098122], [116.916681, 1.096517], [116.914849, 1.096754], [116.914754, 1.097098], [116.915418, 1.098625], [116.915512, 1.098674], [116.916729, 1.098122]]]}}, {"type": "Feature", "properties": {"division_code": 3, "block_code": 51, "block_label": "3-51", "planted_ha": 4.56, "palms": 632, "planted_year": 2014, "abw_kg": 22.2, "rotation_target_days": 10, "gang_code": "", "road_condition": "good", "bunches_per_day": 24.3, "centroid_lon": 116.920094, "centroid_lat": 1.098716}, "geometry": {"type": "Polygon", "coordinates": [[[116.921379, 1.099288], [116.920624, 1.097557], [116.919847, 1.097775], [116.919038, 1.098037], [116.918839, 1.098105], [116.918799, 1.098178], [116.91939, 1.099522], [116.91998, 1.099866], [116.921379, 1.099288]]]}}, {"type": "Feature", "properties": {"division_code": 3, "block_code": 52, "block_label": "3-52", "planted_ha": 2.15, "palms": 293, "planted_year": 2013, "abw_kg": 21.9, "rotation_target_days": 10, "gang_code": "", "road_condition": "fair", "bunches_per_day": 11.4, "centroid_lon": 116.921431, "centroid_lat": 1.098177}, "geometry": {"type": "Polygon", "coordinates": [[[116.922012, 1.099067], [116.921983, 1.098404], [116.921706, 1.097224], [116.920692, 1.097432], [116.920653, 1.097535], [116.921416, 1.099286], [116.922012, 1.099067]]]}}, {"type": "Feature", "properties": {"division_code": 3, "block_code": 53, "block_label": "3-53", "planted_ha": 2.7, "palms": 373, "planted_year": 2009, "abw_kg": 21.5, "rotation_target_days": 10, "gang_code": "", "road_condition": "good", "bunches_per_day": 12.5, "centroid_lon": 116.904544, "centroid_lat": 1.096484}, "geometry": {"type": "Polygon", "coordinates": [[[116.904809, 1.097498], [116.905038, 1.097231], [116.905158, 1.095591], [116.904485, 1.095209], [116.903995, 1.096256], [116.903851, 1.097387], [116.90405, 1.097479], [116.904809, 1.097498]]]}}, {"type": "Feature", "properties": {"division_code": 3, "block_code": 54, "block_label": "3-54", "planted_ha": 2.94, "palms": 403, "planted_year": 2009, "abw_kg": 22.4, "rotation_target_days": 10, "gang_code": "", "road_condition": "good", "bunches_per_day": 13.6, "centroid_lon": 116.905872, "centroid_lat": 1.09621}, "geometry": {"type": "Polygon", "coordinates": [[[116.906507, 1.095148], [116.905194, 1.095594], [116.905076, 1.097215], [116.906679, 1.096786], [116.906507, 1.095148]]]}}, {"type": "Feature", "properties": {"division_code": 3, "block_code": 55, "block_label": "3-55", "planted_ha": 3.58, "palms": 487, "planted_year": 2012, "abw_kg": 22.5, "rotation_target_days": 10, "gang_code": "", "road_condition": "fair", "bunches_per_day": 17.5, "centroid_lon": 116.908102, "centroid_lat": 1.09739}, "geometry": {"type": "Polygon", "coordinates": [[[116.908802, 1.098204], [116.908927, 1.096318], [116.908669, 1.096151], [116.907137, 1.097084], [116.907282, 1.098212], [116.907654, 1.098425], [116.908802, 1.098204]]]}}, {"type": "Feature", "properties": {"division_code": 3, "block_code": 56, "block_label": "3-56", "planted_ha": 3.88, "palms": 518, "planted_year": 2011, "abw_kg": 22.5, "rotation_target_days": 10, "gang_code": "", "road_condition": "good", "bunches_per_day": 20.4, "centroid_lon": 116.909694, "centroid_lat": 1.097258}, "geometry": {"type": "Polygon", "coordinates": [[[116.910379, 1.096345], [116.910189, 1.096211], [116.908963, 1.096325], [116.908838, 1.09821], [116.90925, 1.09846], [116.910778, 1.097625], [116.910379, 1.096345]]]}}, {"type": "Feature", "properties": {"division_code": 3, "block_code": 57, "block_label": "3-57", "planted_ha": 3.96, "palms": 547, "planted_year": 2012, "abw_kg": 22.5, "rotation_target_days": 10, "gang_code": "", "road_condition": "good", "bunches_per_day": 18.4, "centroid_lon": 116.911574, "centroid_lat": 1.096729}, "geometry": {"type": "Polygon", "coordinates": [[[116.91258, 1.097156], [116.912599, 1.096136], [116.912009, 1.095643], [116.910416, 1.096344], [116.910815, 1.097622], [116.91119, 1.097851], [116.91258, 1.097156]]]}}, {"type": "Feature", "properties": {"division_code": 3, "block_code": 58, "block_label": "3-58", "planted_ha": 4.12, "palms": 558, "planted_year": 2013, "abw_kg": 21.8, "rotation_target_days": 10, "gang_code": "", "road_condition": "good", "bunches_per_day": 19.5, "centroid_lon": 116.913685, "centroid_lat": 1.096548}, "geometry": {"type": "Polygon", "coordinates": [[[116.91472, 1.097085], [116.914816, 1.096738], [116.914322, 1.095331], [116.912634, 1.096139], [116.912616, 1.097158], [116.913133, 1.097601], [116.91472, 1.097085]]]}}, {"type": "Feature", "properties": {"division_code": 3, "block_code": 59, "block_label": "3-59", "planted_ha": 4.57, "palms": 620, "planted_year": 2012, "abw_kg": 22.2, "rotation_target_days": 10, "gang_code": "", "road_condition": "good", "bunches_per_day": 24.1, "centroid_lon": 116.917676, "centroid_lat": 1.09737}, "geometry": {"type": "Polygon", "coordinates": [[[116.918766, 1.098162], [116.918807, 1.098088], [116.918327, 1.096419], [116.917905, 1.096199], [116.916779, 1.096416], [116.916716, 1.096501], [116.916765, 1.098122], [116.917721, 1.098525], [116.918766, 1.098162]]]}}, {"type": "Feature", "properties": {"division_code": 3, "block_code": 60, "block_label": "3-60", "planted_ha": 4.54, "palms": 624, "planted_year": 2012, "abw_kg": 22.1, "rotation_target_days": 10, "gang_code": "", "road_condition": "good", "bunches_per_day": 21.7, "centroid_lon": 116.919551, "centroid_lat": 1.096856}, "geometry": {"type": "Polygon", "coordinates": [[[116.919837, 1.097741], [116.92062, 1.09752], [116.92066, 1.097415], [116.920295, 1.095694], [116.920129, 1.095595], [116.919351, 1.095938], [116.918363, 1.096417], [116.918839, 1.098067], [116.919837, 1.097741]]]}}, {"type": "Feature", "properties": {"division_code": 3, "block_code": 61, "block_label": "3-61", "planted_ha": 1.64, "palms": 224, "planted_year": 2013, "abw_kg": 22.2, "rotation_target_days": 10, "gang_code": "", "road_condition": "fair", "bunches_per_day": 8.8, "centroid_lon": 116.920929, "centroid_lat": 1.096575}, "geometry": {"type": "Polygon", "coordinates": [[[116.921697, 1.097189], [116.921651, 1.096998], [116.920727, 1.095563], [116.920332, 1.095694], [116.920692, 1.097395], [116.921697, 1.097189]]]}}, {"type": "Feature", "properties": {"division_code": 3, "block_code": 62, "block_label": "3-62", "planted_ha": 2.69, "palms": 366, "planted_year": 2009, "abw_kg": 21.8, "rotation_target_days": 10, "gang_code": "", "road_condition": "good", "bunches_per_day": 13.7, "centroid_lon": 116.905546, "centroid_lat": 1.094776}, "geometry": {"type": "Polygon", "coordinates": [[[116.906637, 1.094944], [116.906127, 1.094051], [116.90499, 1.094096], [116.9045, 1.095176], [116.905179, 1.095561], [116.906511, 1.095108], [116.906637, 1.094944]]]}}, {"type": "Feature", "properties": {"division_code": 3, "block_code": 63, "block_label": "3-63", "planted_ha": 4.01, "palms": 534, "planted_year": 2009, "abw_kg": 21.6, "rotation_target_days": 10, "gang_code": "", "road_condition": "good", "bunches_per_day": 18.9, "centroid_lon": 116.907462, "centroid_lat": 1.095829}, "geometry": {"type": "Polygon", "coordinates": [[[116.908646, 1.096123], [116.907995, 1.094764], [116.906669, 1.094963], [116.90654, 1.095128], [116.906715, 1.096789], [116.907118, 1.097053], [116.908646, 1.096123]]]}}, {"type": "Feature", "properties": {"division_code": 3, "block_code": 64, "block_label": "3-64", "planted_ha": 4.4, "palms": 591, "planted_year": 2010, "abw_kg": 21.9, "rotation_target_days": 10, "gang_code": "", "road_condition": "fair", "bunches_per_day": 19.6, "centroid_lon": 116.909248, "centroid_lat": 1.095204}, "geometry": {"type": "Polygon", "coordinates": [[[116.910179, 1.095311], [116.910144, 1.094209], [116.908269, 1.094359], [116.908026, 1.094745], [116.908683, 1.096118], [116.90895, 1.09629], [116.910176, 1.096175], [116.910179, 1.095311]]]}}, {"type": "Feature", "properties": {"division_code": 3, "block_code": 65, "block_label": "3-65", "planted_ha": 3.91, "palms": 515, "planted_year": 2011, "abw_kg": 21.5, "rotation_target_days": 10, "gang_code": "", "road_condition": "good", "bunches_per_day": 19.7, "centroid_lon": 116.910992, "centroid_lat": 1.09509}, "geometry": {"type": "Polygon", "coordinates": [[[116.911993, 1.095611], [116.911779, 1.094184], [116.911733, 1.094152], [116.910275, 1.094094], [116.910179, 1.094197], [116.910215, 1.095311], [116.910212, 1.096183], [116.910396, 1.096313], [116.911993, 1.095611]]]}}, {"type": "Feature", "properties": {"division_code": 3, "block_code": 66, "block_label": "3-66", "planted_ha": 4.65, "palms": 611, "planted_year": 2013, "abw_kg": 22.5, "rotation_target_days": 10, "gang_code": "", "road_condition": "fair", "bunches_per_day": 22.3, "centroid_lon": 116.91295, "centroid_lat": 1.094909}, "geometry": {"type": "Polygon", "coordinates": [[[116.914318, 1.095293], [116.914325, 1.095272], [116.91351, 1.093838], [116.912849, 1.093931], [116.912626, 1.093932], [116.911816, 1.094186], [116.912029, 1.095613], [116.912619, 1.096107], [116.914318, 1.095293]]]}}, {"type": "Feature", "properties": {"division_code": 3, "block_code": 67, "block_label": "3-67", "planted_ha": 4.06, "palms": 532, "planted_year": 2012, "abw_kg": 21.5, "rotation_target_days": 10, "gang_code": "", "road_condition": "good", "bunches_per_day": 19.9, "centroid_lon": 116.915536, "centroid_lat": 1.095758}, "geometry": {"type": "Polygon", "coordinates": [[[116.916748, 1.096397], [116.916149, 1.094848], [116.91566, 1.094674], [116.914359, 1.095283], [116.914351, 1.095306], [116.914847, 1.096718], [116.916688, 1.096479], [116.916748, 1.096397]]]}}, {"type": "Feature", "properties": {"division_code": 3, "block_code": 68, "block_label": "3-68", "planted_ha": 3.03, "palms": 412, "planted_year": 2012, "abw_kg": 21.6, "rotation_target_days": 10, "gang_code": "", "road_condition": "fair", "bunches_per_day": 14.8, "centroid_lon": 116.917182, "centroid_lat": 1.095409}, "geometry": {"type": "Polygon", "coordinates": [[[116.918066, 1.09478], [116.91805, 1.094776], [116.91671, 1.094566], [116.916185, 1.094843], [116.91678, 1.096379], [116.917891, 1.096165], [116.918066, 1.09478]]]}}, {"type": "Feature", "properties": {"division_code": 3, "block_code": 69, "block_label": "3-69", "planted_ha": 2.66, "palms": 351, "planted_year": 2013, "abw_kg": 21.7, "rotation_target_days": 10, "gang_code": "", "road_condition": "good", "bunches_per_day": 13.4, "centroid_lon": 116.918837, "centroid_lat": 1.095535}, "geometry": {"type": "Polygon", "coordinates": [[[116.919336, 1.095905], [116.920107, 1.095566], [116.919893, 1.095096], [116.918541, 1.094887], [116.918102, 1.094788], [116.917927, 1.09617], [116.918342, 1.096387], [116.919336, 1.095905]]]}}, {"type": "Feature", "properties": {"division_code": 3, "block_code": 70, "block_label": "3-70", "planted_ha": 1.82, "palms": 244, "planted_year": 2010, "abw_kg": 22.4, "rotation_target_days": 10, "gang_code": "", "road_condition": "good", "bunches_per_day": 9.1, "centroid_lon": 116.907257, "centroid_lat": 1.094382}, "geometry": {"type": "Polygon", "coordinates": [[[116.908239, 1.094338], [116.908186, 1.09396], [116.90754, 1.093965], [116.906167, 1.094048], [116.906668, 1.094926], [116.907995, 1.094727], [116.908239, 1.094338]]]}}, {"type": "Feature", "properties": {"division_code": 3, "block_code": 71, "block_label": "3-71", "planted_ha": 2.6, "palms": 354, "planted_year": 2013, "abw_kg": 22.1, "rotation_target_days": 10, "gang_code": "", "road_condition": "fair", "bunches_per_day": 12.4, "centroid_lon": 116.914675, "centroid_lat": 1.094335}, "geometry": {"type": "Polygon", "coordinates": [[[116.91564, 1.094643], [116.915582, 1.094093], [116.91528, 1.093657], [116.913759, 1.093803], [116.913548, 1.093833], [116.914352, 1.095246], [116.91564, 1.094643]]]}}]}