{"type": "FeatureCollection", "features": [{"type": "Feature", "properties": {"division_code": 1, "block_code": 1, "block_label": "1-1", "planted_ha": 1.08, "palms": 145, "planted_year": 2010, "abw_kg": 22.0, "rotation_target_days": 10, "gang_code": "", "road_condition": "fair", "bunches_per_day": 4.9, "centroid_lon": 100.008392, "centroid_lat": 1.871957, "estate": "MSUM"}, "geometry": {"type": "Polygon", "coordinates": [[[100.008121, 1.871394], [100.007831, 1.871938], [100.008549, 1.872812], [100.008891, 1.871721], [100.008567, 1.871369], [100.008121, 1.871394]]]}}, {"type": "Feature", "properties": {"division_code": 1, "block_code": 2, "block_label": "1-2", "planted_ha": 0.93, "palms": 129, "planted_year": 2010, "abw_kg": 21.5, "rotation_target_days": 10, "gang_code": "", "road_condition": "fair", "bunches_per_day": 4.4, "centroid_lon": 100.014052, "centroid_lat": 1.871954, "estate": "MSUM"}, "geometry": {"type": "Polygon", "coordinates": [[[100.0135, 1.871375], [100.013793, 1.872392], [100.014624, 1.872477], [100.014317, 1.871559], [100.0135, 1.871375]]]}}, {"type": "Feature", "properties": {"division_code": 1, "block_code": 3, "block_label": "1-3", "planted_ha": 2.74, "palms": 371, "planted_year": 2011, "abw_kg": 21.8, "rotation_target_days": 10, "gang_code": "", "road_condition": "fair", "bunches_per_day": 12.3, "centroid_lon": 100.015266, "centroid_lat": 1.871733, "estate": "MSUM"}, "geometry": {"type": "Polygon", "coordinates": [[[100.015122, 1.87072], [100.014351, 1.871548], [100.014663, 1.872481], [100.014737, 1.872488], [100.015702, 1.872519], [100.016324, 1.871634], [100.015122, 1.87072]]]}}, {"type": "Feature", "properties": {"division_code": 1, "block_code": 4, "block_label": "1-4", "planted_ha": 1.16, "palms": 157, "planted_year": 2010, "abw_kg": 21.8, "rotation_target_days": 10, "gang_code": "", "road_condition": "good", "bunches_per_day": 5.3, "centroid_lon": 100.016568, "centroid_lat": 1.872174, "estate": "MSUM"}, "geometry": {"type": "Polygon", "coordinates": [[[100.016786, 1.871599], [100.016359, 1.871648], [100.015745, 1.87252], [100.017329, 1.872571], [100.017341, 1.872546], [100.016786, 1.871599]]]}}, {"type": "Feature", "properties": {"division_code": 1, "block_code": 5, "block_label": "1-5", "planted_ha": 3.37, "palms": 448, "planted_year": 2009, "abw_kg": 21.6, "rotation_target_days": 10, "gang_code": "", "road_condition": "good", "bunches_per_day": 15.4, "centroid_lon": 100.017847, "centroid_lat": 1.871648, "estate": "MSUM"}, "geometry": {"type": "Polygon", "coordinates": [[[100.018943, 1.871382], [100.017573, 1.87051], [100.016816, 1.871581], [100.017373, 1.87253], [100.017646, 1.872581], [100.018321, 1.872602], [100.018943, 1.871382]]]}}, {"type": "Feature", "properties": {"division_code": 1, "block_code": 6, "block_label": "1-6", "planted_ha": 4.04, "palms": 552, "planted_year": 2010, "abw_kg": 21.6, "rotation_target_days": 10, "gang_code": "", "road_condition": "fair", "bunches_per_day": 18.9, "centroid_lon": 100.008228, "centroid_lat": 1.870217, "estate": "MSUM"}, "geometry": {"type": "Polygon", "coordinates": [[[100.009303, 1.870056], [100.008823, 1.869137], [100.008088, 1.869068], [100.007023, 1.870466], [100.007014, 1.870589], [100.008115, 1.871358], [100.008564, 1.871333], [100.009303, 1.870056]]]}}, {"type": "Feature", "properties": {"division_code": 1, "block_code": 7, "block_label": "1-7", "planted_ha": 1.3, "palms": 170, "planted_year": 2009, "abw_kg": 22.6, "rotation_target_days": 10, "gang_code": "", "road_condition": "fair", "bunches_per_day": 5.8, "centroid_lon": 100.009594, "centroid_lat": 1.870587, "estate": "MSUM"}, "geometry": {"type": "Polygon", "coordinates": [[[100.009235, 1.870628], [100.010783, 1.870642], [100.010232, 1.87005], [100.009334, 1.870074], [100.008597, 1.871348], [100.008903, 1.871682], [100.009235, 1.870628]]]}}, {"type": "Feature", "properties": {"division_code": 1, "block_code": 8, "block_label": "1-8", "planted_ha": 4.09, "palms": 536, "planted_year": 2011, "abw_kg": 21.4, "rotation_target_days": 10, "gang_code": "", "road_condition": "poor", "bunches_per_day": 18.3, "centroid_lon": 100.014013, "centroid_lat": 1.870434, "estate": "MSUM"}, "geometry": {"type": "Polygon", "coordinates": [[[100.013347, 1.870855], [100.013358, 1.870892], [100.013382, 1.870893], [100.013473, 1.87128], [100.013489, 1.871335], [100.014325, 1.871524], [100.0151, 1.870689], [100.014989, 1.869791], [100.013832, 1.869333], [100.012655, 1.870474], [100.012904, 1.870807], [100.013347, 1.870855]]]}}, {"type": "Feature", "properties": {"division_code": 1, "block_code": 9, "block_label": "1-9", "planted_ha": 5.14, "palms": 698, "planted_year": 2010, "abw_kg": 22.6, "rotation_target_days": 10, "gang_code": "", "road_condition": "good", "bunches_per_day": 24.9, "centroid_lon": 100.016247, "centroid_lat": 1.870316, "estate": "MSUM"}, "geometry": {"type": "Polygon", "coordinates": [[[100.016785, 1.871563], [100.01755, 1.87048], [100.017547, 1.870379], [100.016278, 1.868896], [100.015025, 1.869787], [100.015136, 1.870686], [100.016354, 1.871612], [100.016785, 1.871563]]]}}, {"type": "Feature", "properties": {"division_code": 1, "block_code": 10, "block_label": "1-10", "planted_ha": 0.91, "palms": 124, "planted_year": 2014, "abw_kg": 22.3, "rotation_target_days": 10, "gang_code": "", "road_condition": "good", "bunches_per_day": 4.8, "centroid_lon": 100.031263, "centroid_lat": 1.870239, "estate": "MSUM"}, "geometry": {"type": "Polygon", "coordinates": [[[100.031147, 1.869831], [100.030338, 1.870539], [100.030515, 1.870543], [100.031981, 1.870485], [100.031763, 1.869904], [100.031147, 1.869831]]]}}, {"type": "Feature", "properties": {"division_code": 1, "block_code": 11, "block_label": "1-11", "planted_ha": 0.84, "palms": 112, "planted_year": 2009, "abw_kg": 21.5, "rotation_target_days": 10, "gang_code": "", "road_condition": "good", "bunches_per_day": 4.4, "centroid_lon": 100.006356, "centroid_lat": 1.869753, "estate": "MSUM"}, "geometry": {"type": "Polygon", "coordinates": [[[100.006987, 1.870464], [100.005842, 1.868616], [100.005739, 1.868636], [100.006119, 1.869852], [100.006805, 1.870688], [100.006978, 1.870588], [100.006987, 1.870464]]]}}, {"type": "Feature", "properties": {"division_code": 1, "block_code": 12, "block_label": "1-12", "planted_ha": 3.87, "palms": 529, "planted_year": 2010, "abw_kg": 22.3, "rotation_target_days": 10, "gang_code": "", "road_condition": "poor", "bunches_per_day": 17.9, "centroid_lon": 100.006978, "centroid_lat": 1.868938, "estate": "MSUM"}, "geometry": {"type": "Polygon", "coordinates": [[[100.007199, 1.867776], [100.006663, 1.867801], [100.005873, 1.868598], [100.007007, 1.870428], [100.008057, 1.869048], [100.007199, 1.867776]]]}}, {"type": "Feature", "properties": {"division_code": 1, "block_code": 13, "block_label": "1-13", "planted_ha": 3.22, "palms": 443, "planted_year": 2009, "abw_kg": 22.3, "rotation_target_days": 10, "gang_code": "", "road_condition": "fair", "bunches_per_day": 15.2, "centroid_lon": 100.009821, "centroid_lat": 1.869059, "estate": "MSUM"}, "geometry": {"type": "Polygon", "coordinates": [[[100.00989, 1.867793], [100.009832, 1.867803], [100.008855, 1.869121], [100.009334, 1.870038], [100.010229, 1.870014], [100.010769, 1.86886], [100.00989, 1.867793]]]}}, {"type": "Feature", "properties": {"division_code": 1, "block_code": 14, "block_label": "1-14", "planted_ha": 3.07, "palms": 415, "planted_year": 2010, "abw_kg": 21.4, "rotation_target_days": 10, "gang_code": "", "road_condition": "poor", "bunches_per_day": 14.6, "centroid_lon": 100.011237, "centroid_lat": 1.869831, "estate": "MSUM"}, "geometry": {"type": "Polygon", "coordinates": [[[100.011908, 1.869633], [100.011612, 1.868852], [100.010802, 1.868876], [100.010261, 1.870028], [100.01069, 1.870491], [100.010834, 1.870644], [100.011653, 1.870691], [100.012234, 1.870409], [100.011908, 1.869633]]]}}, {"type": "Feature", "properties": {"division_code": 1, "block_code": 15, "block_label": "1-15", "planted_ha": 3.86, "palms": 527, "planted_year": 2011, "abw_kg": 22.6, "rotation_target_days": 10, "gang_code": "", "road_condition": "good", "bunches_per_day": 19.8, "centroid_lon": 100.012657, "centroid_lat": 1.869201, "estate": "MSUM"}, "geometry": {"type": "Polygon", "coordinates": [[[100.013647, 1.868899], [100.012454, 1.867918], [100.011645, 1.868838], [100.011941, 1.86962], [100.01227, 1.870401], [100.012625, 1.870452], [100.013807, 1.869308], [100.013647, 1.868899]]]}}, {"type": "Feature", "properties": {"division_code": 1, "block_code": 16, "block_label": "1-16", "planted_ha": 5.22, "palms": 720, "planted_year": 2012, "abw_kg": 22.1, "rotation_target_days": 10, "gang_code": "", "road_condition": "fair", "bunches_per_day": 24.2, "centroid_lon": 100.01778, "centroid_lat": 1.868919, "estate": "MSUM"}, "geometry": {"type": "Polygon", "coordinates": [[[100.019254, 1.868669], [100.018012, 1.867724], [100.017534, 1.867775], [100.0163, 1.868866], [100.017567, 1.870346], [100.019242, 1.868903], [100.019254, 1.868669]]]}}, {"type": "Feature", "properties": {"division_code": 1, "block_code": 17, "block_label": "1-17", "planted_ha": 3.73, "palms": 515, "planted_year": 2010, "abw_kg": 22.5, "rotation_target_days": 10, "gang_code": "", "road_condition": "good", "bunches_per_day": 18.3, "centroid_lon": 100.018916, "centroid_lat": 1.870194, "estate": "MSUM"}, "geometry": {"type": "Polygon", "coordinates": [[[100.019255, 1.868939], [100.017583, 1.87038], [100.017586, 1.870476], [100.01896, 1.87135], [100.019138, 1.871019], [100.020092, 1.870273], [100.020165, 1.870274], [100.019255, 1.868939]]]}}, {"type": "Feature", "properties": {"division_code": 1, "block_code": 18, "block_label": "1-18", "planted_ha": 5.1, "palms": 673, "planted_year": 2011, "abw_kg": 21.5, "rotation_target_days": 10, "gang_code": "", "road_condition": "poor", "bunches_per_day": 27.3, "centroid_lon": 100.020572, "centroid_lat": 1.869027, "estate": "MSUM"}, "geometry": {"type": "Polygon", "coordinates": [[[100.020764, 1.870278], [100.021864, 1.869227], [100.021688, 1.868532], [100.020605, 1.867772], [100.020247, 1.867887], [100.01929, 1.868669], [100.019277, 1.868907], [100.019728, 1.869589], [100.020205, 1.870267], [100.020764, 1.870278]]]}}, {"type": "Feature", "properties": {"division_code": 1, "block_code": 19, "block_label": "1-19", "planted_ha": 2.0, "palms": 271, "planted_year": 2011, "abw_kg": 21.7, "rotation_target_days": 10, "gang_code": "", "road_condition": "good", "bunches_per_day": 10.4, "centroid_lon": 100.022183, "centroid_lat": 1.869911, "estate": "MSUM"}, "geometry": {"type": "Polygon", "coordinates": [[[100.023287, 1.86981], [100.021888, 1.869253], [100.020817, 1.870279], [100.023346, 1.870292], [100.023361, 1.870272], [100.023287, 1.86981]]]}}, {"type": "Feature", "properties": {"division_code": 1, "block_code": 20, "block_label": "1-20", "planted_ha": 2.75, "palms": 361, "planted_year": 2012, "abw_kg": 21.8, "rotation_target_days": 10, "gang_code": "", "road_condition": "fair", "bunches_per_day": 12.8, "centroid_lon": 100.024429, "centroid_lat": 1.869791, "estate": "MSUM"}, "geometry": {"type": "Polygon", "coordinates": [[[100.02421, 1.86882], [100.023322, 1.869802], [100.023397, 1.870267], [100.023429, 1.870294], [100.024456, 1.870325], [100.025461, 1.870383], [100.025756, 1.870051], [100.02421, 1.86882]]]}}, {"type": "Feature", "properties": {"division_code": 1, "block_code": 21, "block_label": "1-21", "planted_ha": 3.41, "palms": 448, "planted_year": 2013, "abw_kg": 22.6, "rotation_target_days": 10, "gang_code": "", "road_condition": "good", "bunches_per_day": 17.5, "centroid_lon": 100.02712, "centroid_lat": 1.869721, "estate": "MSUM"}, "geometry": {"type": "Polygon", "coordinates": [[[100.028339, 1.869799], [100.027169, 1.86864], [100.026918, 1.868627], [100.025919, 1.870041], [100.026312, 1.87044], [100.027804, 1.870477], [100.028339, 1.869799]]]}}, {"type": "Feature", "properties": {"division_code": 1, "block_code": 22, "block_label": "1-22", "planted_ha": 3.93, "palms": 542, "planted_year": 2015, "abw_kg": 22.1, "rotation_target_days": 10, "gang_code": "", "road_condition": "fair", "bunches_per_day": 18.5, "centroid_lon": 100.029912, "centroid_lat": 1.869584, "estate": "MSUM"}, "geometry": {"type": "Polygon", "coordinates": [[[100.030112, 1.868317], [100.029858, 1.868335], [100.028685, 1.869791], [100.029372, 1.870515], [100.030284, 1.870538], [100.031117, 1.869809], [100.030112, 1.868317]]]}}, {"type": "Feature", "properties": {"division_code": 1, "block_code": 23, "block_label": "1-23", "planted_ha": 2.36, "palms": 316, "planted_year": 2014, "abw_kg": 21.8, "rotation_target_days": 10, "gang_code": "", "road_condition": "fair", "bunches_per_day": 11.0, "centroid_lon": 100.03277, "centroid_lat": 1.86972, "estate": "MSUM"}, "geometry": {"type": "Polygon", "coordinates": [[[100.032019, 1.870484], [100.032178, 1.87048], [100.032954, 1.870236], [100.033527, 1.870081], [100.03379, 1.869496], [100.032804, 1.868813], [100.031796, 1.869891], [100.032019, 1.870484]]]}}, {"type": "Feature", "properties": {"division_code": 1, "block_code": 24, "block_label": "1-24", "planted_ha": 1.52, "palms": 199, "planted_year": 2010, "abw_kg": 22.1, "rotation_target_days": 10, "gang_code": "", "road_condition": "good", "bunches_per_day": 7.6, "centroid_lon": 100.006017, "centroid_lat": 1.867567, "estate": "MSUM"}, "geometry": {"type": "Polygon", "coordinates": [[[100.006633, 1.86778], [100.006027, 1.866591], [100.005671, 1.866569], [100.005676, 1.868437], [100.005728, 1.868601], [100.005842, 1.868579], [100.006633, 1.86778]]]}}, {"type": "Feature", "properties": {"division_code": 1, "block_code": 25, "block_label": "1-25", "planted_ha": 3.95, "palms": 545, "planted_year": 2010, "abw_kg": 22.0, "rotation_target_days": 10, "gang_code": "", "road_condition": "fair", "bunches_per_day": 20.3, "centroid_lon": 100.008471, "centroid_lat": 1.86803, "estate": "MSUM"}, "geometry": {"type": "Polygon", "coordinates": [[[100.009795, 1.867792], [100.008214, 1.866927], [100.007232, 1.86776], [100.00809, 1.869031], [100.008826, 1.869101], [100.009795, 1.867792]]]}}, {"type": "Feature", "properties": {"division_code": 1, "block_code": 26, "block_label": "1-26", "planted_ha": 4.42, "palms": 603, "planted_year": 2010, "abw_kg": 22.1, "rotation_target_days": 10, "gang_code": "", "road_condition": "good", "bunches_per_day": 21.6, "centroid_lon": 100.011221, "centroid_lat": 1.86778, "estate": "MSUM"}, "geometry": {"type": "Polygon", "coordinates": [[[100.012434, 1.867886], [100.012397, 1.867411], [100.011207, 1.866633], [100.010843, 1.86671], [100.009921, 1.867773], [100.010799, 1.868839], [100.011616, 1.868816], [100.012434, 1.867886]]]}}, {"type": "Feature", "properties": {"division_code": 1, "block_code": 27, "block_label": "1-27", "planted_ha": 3.72, "palms": 491, "planted_year": 2011, "abw_kg": 22.2, "rotation_target_days": 10, "gang_code": "", "road_condition": "good", "bunches_per_day": 17.2, "centroid_lon": 100.013505, "centroid_lat": 1.867573, "estate": "MSUM"}, "geometry": {"type": "Polygon", "coordinates": [[[100.014546, 1.86751], [100.013955, 1.866448], [100.013532, 1.86646], [100.012433, 1.867408], [100.01247, 1.867883], [100.013657, 1.868861], [100.014546, 1.86751]]]}}, {"type": "Feature", "properties": {"division_code": 1, "block_code": 28, "block_label": "1-28", "planted_ha": 4.24, "palms": 578, "planted_year": 2011, "abw_kg": 21.9, "rotation_target_days": 10, "gang_code": "", "road_condition": "good", "bunches_per_day": 19.3, "centroid_lon": 100.014908, "centroid_lat": 1.868684, "estate": "MSUM"}, "geometry": {"type": "Polygon", "coordinates": [[[100.016265, 1.86886], [100.01537, 1.867728], [100.014575, 1.867532], [100.013682, 1.86889], [100.013842, 1.869298], [100.015003, 1.869758], [100.016265, 1.86886]]]}}, {"type": "Feature", "properties": {"division_code": 1, "block_code": 29, "block_label": "1-29", "planted_ha": 3.71, "palms": 492, "planted_year": 2012, "abw_kg": 22.4, "rotation_target_days": 10, "gang_code": "", "road_condition": "good", "bunches_per_day": 18.6, "centroid_lon": 100.016373, "centroid_lat": 1.86751, "estate": "MSUM"}, "geometry": {"type": "Polygon", "coordinates": [[[100.017502, 1.867755], [100.016277, 1.866094], [100.016113, 1.866076], [100.015401, 1.867709], [100.016286, 1.868829], [100.017502, 1.867755]]]}}, {"type": "Feature", "properties": {"division_code": 1, "block_code": 30, "block_label": "1-30", "planted_ha": 4.73, "palms": 643, "planted_year": 2012, "abw_kg": 21.7, "rotation_target_days": 10, "gang_code": "", "road_condition": "good", "bunches_per_day": 23.7, "centroid_lon": 100.022999, "centroid_lat": 1.868584, "estate": "MSUM"}, "geometry": {"type": "Polygon", "coordinates": [[[100.024191, 1.868788], [100.024238, 1.868474], [100.023524, 1.86753], [100.022878, 1.867376], [100.022298, 1.867933], [100.021724, 1.868526], [100.021899, 1.869219], [100.023298, 1.869775], [100.024191, 1.868788]]]}}, {"type": "Feature", "properties": {"division_code": 1, "block_code": 31, "block_label": "1-31", "planted_ha": 4.09, "palms": 544, "planted_year": 2013, "abw_kg": 21.7, "rotation_target_days": 10, "gang_code": "", "road_condition": "good", "bunches_per_day": 18.3, "centroid_lon": 100.025601, "centroid_lat": 1.868813, "estate": "MSUM"}, "geometry": {"type": "Polygon", "coordinates": [[[100.025886, 1.870025], [100.026885, 1.868612], [100.025957, 1.867789], [100.025862, 1.867769], [100.024273, 1.868482], [100.024227, 1.868788], [100.025788, 1.87003], [100.025886, 1.870025]]]}}, {"type": "Feature", "properties": {"division_code": 1, "block_code": 32, "block_label": "1-32", "planted_ha": 4.71, "palms": 631, "planted_year": 2014, "abw_kg": 22.1, "rotation_target_days": 10, "gang_code": "", "road_condition": "good", "bunches_per_day": 24.1, "centroid_lon": 100.028526, "centroid_lat": 1.868475, "estate": "MSUM"}, "geometry": {"type": "Polygon", "coordinates": [[[100.029826, 1.868317], [100.029102, 1.867408], [100.028203, 1.867327], [100.027201, 1.868621], [100.02837, 1.869779], [100.028652, 1.869774], [100.029826, 1.868317]]]}}, {"type": "Feature", "properties": {"division_code": 1, "block_code": 33, "block_label": "1-33", "planted_ha": 4.4, "palms": 587, "planted_year": 2015, "abw_kg": 21.6, "rotation_target_days": 10, "gang_code": "", "road_condition": "fair", "bunches_per_day": 23.3, "centroid_lon": 100.031485, "centroid_lat": 1.868712, "estate": "MSUM"}, "geometry": {"type": "Polygon", "coordinates": [[[100.032708, 1.868373], [100.031144, 1.867585], [100.030146, 1.868303], [100.031152, 1.869795], [100.031768, 1.869868], [100.032782, 1.868783], [100.032708, 1.868373]]]}}, {"type": "Feature", "properties": {"division_code": 1, "block_code": 34, "block_label": "1-34", "planted_ha": 3.94, "palms": 519, "planted_year": 2015, "abw_kg": 22.5, "rotation_target_days": 10, "gang_code": "", "road_condition": "good", "bunches_per_day": 20.0, "centroid_lon": 100.03383, "centroid_lat": 1.868335, "estate": "MSUM"}, "geometry": {"type": "Polygon", "coordinates": [[[100.034787, 1.868612], [100.0346, 1.867717], [100.034036, 1.867076], [100.033745, 1.867079], [100.032744, 1.868366], [100.032818, 1.868779], [100.033819, 1.869473], [100.034159, 1.86952], [100.034787, 1.868612]]]}}, {"type": "Feature", "properties": {"division_code": 1, "block_code": 35, "block_label": "1-35", "planted_ha": 4.6, "palms": 606, "planted_year": 2011, "abw_kg": 21.7, "rotation_target_days": 10, "gang_code": "", "road_condition": "good", "bunches_per_day": 23.1, "centroid_lon": 100.007157, "centroid_lat": 1.866511, "estate": "MSUM"}, "geometry": {"type": "Polygon", "coordinates": [[[100.008194, 1.866897], [100.008255, 1.866072], [100.007265, 1.865299], [100.006719, 1.86527], [100.006059, 1.866574], [100.006666, 1.867765], [100.007201, 1.86774], [100.008194, 1.866897]]]}}, {"type": "Feature", "properties": {"division_code": 1, "block_code": 36, "block_label": "1-36", "planted_ha": 4.59, "palms": 635, "planted_year": 2010, "abw_kg": 22.5, "rotation_target_days": 10, "gang_code": "", "road_condition": "good", "bunches_per_day": 22.4, "centroid_lon": 100.009451, "centroid_lat": 1.86656, "estate": "MSUM"}, "geometry": {"type": "Polygon", "coordinates": [[[100.009888, 1.867756], [100.010809, 1.866694], [100.009512, 1.865292], [100.00829, 1.866074], [100.008231, 1.866895], [100.009825, 1.867768], [100.009888, 1.867756]]]}}, {"type": "Feature", "properties": {"division_code": 1, "block_code": 37, "block_label": "1-37", "planted_ha": 4.02, "palms": 527, "planted_year": 2010, "abw_kg": 22.2, "rotation_target_days": 10, "gang_code": "", "road_condition": "fair", "bunches_per_day": 19.6, "centroid_lon": 100.012355, "centroid_lat": 1.866166, "estate": "MSUM"}, "geometry": {"type": "Polygon", "coordinates": [[[100.013503, 1.866438], [100.012703, 1.864994], [100.011915, 1.865054], [100.011233, 1.866607], [100.012413, 1.867378], [100.013503, 1.866438]]]}}, {"type": "Feature", "properties": {"division_code": 1, "block_code": 38, "block_label": "1-38", "planted_ha": 3.34, "palms": 440, "planted_year": 2011, "abw_kg": 22.2, "rotation_target_days": 10, "gang_code": "", "road_condition": "fair", "bunches_per_day": 17.6, "centroid_lon": 100.015054, "centroid_lat": 1.866583, "estate": "MSUM"}, "geometry": {"type": "Polygon", "coordinates": [[[100.01537, 1.867691], [100.016079, 1.866064], [100.015391, 1.865611], [100.014865, 1.865656], [100.013988, 1.866433], [100.014579, 1.867495], [100.01537, 1.867691]]]}}, {"type": "Feature", "properties": {"division_code": 1, "block_code": 39, "block_label": "1-39", "planted_ha": 4.36, "palms": 569, "planted_year": 2013, "abw_kg": 22.2, "rotation_target_days": 10, "gang_code": "", "road_condition": "good", "bunches_per_day": 19.3, "centroid_lon": 100.017623, "centroid_lat": 1.866404, "estate": "MSUM"}, "geometry": {"type": "Polygon", "coordinates": [[[100.018753, 1.866006], [100.018207, 1.865364], [100.017313, 1.865393], [100.016312, 1.866082], [100.017535, 1.867739], [100.018004, 1.867689], [100.018753, 1.866006]]]}}, {"type": "Feature", "properties": {"division_code": 1, "block_code": 40, "block_label": "1-40", "planted_ha": 4.09, "palms": 537, "planted_year": 2013, "abw_kg": 21.5, "rotation_target_days": 10, "gang_code": "", "road_condition": "good", "bunches_per_day": 20.3, "centroid_lon": 100.019125, "centroid_lat": 1.867347, "estate": "MSUM"}, "geometry": {"type": "Polygon", "coordinates": [[[100.019317, 1.865984], [100.018787, 1.866021], [100.018039, 1.8677], [100.019272, 1.868637], [100.020216, 1.867866], [100.019317, 1.865984]]]}}, {"type": "Feature", "properties": {"division_code": 1, "block_code": 41, "block_label": "1-41", "planted_ha": 3.75, "palms": 491, "planted_year": 2014, "abw_kg": 22.3, "rotation_target_days": 10, "gang_code": "", "road_condition": "good", "bunches_per_day": 18.4, "centroid_lon": 100.020431, "centroid_lat": 1.866429, "estate": "MSUM"}, "geometry": {"type": "Polygon", "coordinates": [[[100.020684, 1.865223], [100.019351, 1.865972], [100.020248, 1.867849], [100.020596, 1.867737], [100.021472, 1.866062], [100.020684, 1.865223]]]}}, {"type": "Feature", "properties": {"division_code": 1, "block_code": 42, "block_label": "1-42", "planted_ha": 3.74, "palms": 496, "planted_year": 2012, "abw_kg": 22.4, "rotation_target_days": 10, "gang_code": "", "road_condition": "fair", "bunches_per_day": 19.4, "centroid_lon": 100.021733, "centroid_lat": 1.867272, "estate": "MSUM"}, "geometry": {"type": "Polygon", "coordinates": [[[100.022273, 1.867907], [100.022849, 1.867353], [100.02204, 1.866093], [100.021505, 1.866078], [100.020632, 1.867746], [100.021701, 1.868497], [100.022273, 1.867907]]]}}, {"type": "Feature", "properties": {"division_code": 1, "block_code": 43, "block_label": "1-43", "planted_ha": 3.57, "palms": 486, "planted_year": 2013, "abw_kg": 21.5, "rotation_target_days": 10, "gang_code": "", "road_condition": "good", "bunches_per_day": 17.6, "centroid_lon": 100.023208, "centroid_lat": 1.866352, "estate": "MSUM"}, "geometry": {"type": "Polygon", "coordinates": [[[100.024319, 1.866145], [100.02317, 1.865205], [100.022074, 1.86608], [100.022883, 1.86734], [100.023526, 1.867493], [100.024319, 1.866145]]]}}, {"type": "Feature", "properties": {"division_code": 1, "block_code": 44, "block_label": "1-44", "planted_ha": 3.81, "palms": 528, "planted_year": 2012, "abw_kg": 21.8, "rotation_target_days": 10, "gang_code": "", "road_condition": "poor", "bunches_per_day": 16.8, "centroid_lon": 100.024642, "centroid_lat": 1.867307, "estate": "MSUM"}, "geometry": {"type": "Polygon", "coordinates": [[[100.025835, 1.867742], [100.024908, 1.866103], [100.024353, 1.866158], [100.023556, 1.867513], [100.024262, 1.868447], [100.025835, 1.867742]]]}}, {"type": "Feature", "properties": {"division_code": 1, "block_code": 45, "block_label": "1-45", "planted_ha": 3.42, "palms": 447, "planted_year": 2013, "abw_kg": 21.7, "rotation_target_days": 10, "gang_code": "", "road_condition": "fair", "bunches_per_day": 16.9, "centroid_lon": 100.025945, "centroid_lat": 1.866363, "estate": "MSUM"}, "geometry": {"type": "Polygon", "coordinates": [[[100.027054, 1.866112], [100.025701, 1.86518], [100.02494, 1.866086], [100.025872, 1.867734], [100.025958, 1.867752], [100.027054, 1.866112]]]}}, {"type": "Feature", "properties": {"division_code": 1, "block_code": 46, "block_label": "1-46", "planted_ha": 3.93, "palms": 528, "planted_year": 2014, "abw_kg": 22.0, "rotation_target_days": 10, "gang_code": "", "road_condition": "good", "bunches_per_day": 21.1, "centroid_lon": 100.027147, "centroid_lat": 1.867345, "estate": "MSUM"}, "geometry": {"type": "Polygon", "coordinates": [[[100.028174, 1.867305], [100.027677, 1.866078], [100.027089, 1.866124], [100.02599, 1.867769], [100.026916, 1.868591], [100.027168, 1.868604], [100.028174, 1.867305]]]}}, {"type": "Feature", "properties": {"division_code": 1, "block_code": 47, "block_label": "1-47", "planted_ha": 3.95, "palms": 546, "planted_year": 2015, "abw_kg": 21.8, "rotation_target_days": 10, "gang_code": "", "road_condition": "fair", "bunches_per_day": 21.0, "centroid_lon": 100.028768, "centroid_lat": 1.866236, "estate": "MSUM"}, "geometry": {"type": "Polygon", "coordinates": [[[100.029953, 1.865668], [100.028909, 1.865218], [100.028343, 1.865238], [100.027709, 1.866061], [100.028207, 1.867291], [100.0291, 1.867371], [100.029953, 1.865668]]]}}, {"type": "Feature", "properties": {"division_code": 1, "block_code": 48, "block_label": "1-48", "planted_ha": 3.54, "palms": 464, "planted_year": 2014, "abw_kg": 22.5, "rotation_target_days": 10, "gang_code": "", "road_condition": "fair", "bunches_per_day": 17.6, "centroid_lon": 100.030109, "centroid_lat": 1.86715, "estate": "MSUM"}, "geometry": {"type": "Polygon", "coordinates": [[[100.031125, 1.867554], [100.031137, 1.867392], [100.030056, 1.865664], [100.02999, 1.865675], [100.029132, 1.867388], [100.029857, 1.868299], [100.030115, 1.868281], [100.031125, 1.867554]]]}}, {"type": "Feature", "properties": {"division_code": 1, "block_code": 49, "block_label": "1-49", "planted_ha": 4.24, "palms": 578, "planted_year": 2015, "abw_kg": 21.9, "rotation_target_days": 10, "gang_code": "", "road_condition": "good", "bunches_per_day": 19.4, "centroid_lon": 100.032472, "centroid_lat": 1.867152, "estate": "MSUM"}, "geometry": {"type": "Polygon", "coordinates": [[[100.032987, 1.866121], [100.032205, 1.866065], [100.031173, 1.867394], [100.031161, 1.867553], [100.032719, 1.868338], [100.033714, 1.867062], [100.032987, 1.866121]]]}}, {"type": "Feature", "properties": {"division_code": 1, "block_code": 50, "block_label": "1-50", "planted_ha": 1.42, "palms": 195, "planted_year": 2011, "abw_kg": 21.6, "rotation_target_days": 10, "gang_code": "", "road_condition": "poor", "bunches_per_day": 7.6, "centroid_lon": 100.006094, "centroid_lat": 1.865584, "estate": "MSUM"}, "geometry": {"type": "Polygon", "coordinates": [[[100.006687, 1.865254], [100.005977, 1.864494], [100.0057, 1.865862], [100.00567, 1.866397], [100.005671, 1.866532], [100.006028, 1.866555], [100.006687, 1.865254]]]}}, {"type": "Feature", "properties": {"division_code": 1, "block_code": 51, "block_label": "1-51", "planted_ha": 3.37, "palms": 466, "planted_year": 2011, "abw_kg": 22.0, "rotation_target_days": 10, "gang_code": "", "road_condition": "good", "bunches_per_day": 17.8, "centroid_lon": 100.008397, "centroid_lat": 1.864974, "estate": "MSUM"}, "geometry": {"type": "Polygon", "coordinates": [[[100.009509, 1.865219], [100.008681, 1.863898], [100.008147, 1.863911], [100.007296, 1.865278], [100.008274, 1.866042], [100.009499, 1.865257], [100.009509, 1.865219]]]}}, {"type": "Feature", "properties": {"division_code": 1, "block_code": 52, "block_label": "1-52", "planted_ha": 4.28, "palms": 584, "planted_year": 2011, "abw_kg": 22.3, "rotation_target_days": 10, "gang_code": "", "road_condition": "fair", "bunches_per_day": 20.4, "centroid_lon": 100.010804, "centroid_lat": 1.865318, "estate": "MSUM"}, "geometry": {"type": "Polygon", "coordinates": [[[100.011882, 1.86504], [100.010954, 1.863933], [100.009545, 1.865225], [100.009535, 1.865263], [100.010839, 1.866674], [100.011198, 1.866598], [100.011882, 1.86504]]]}}, {"type": "Feature", "properties": {"division_code": 1, "block_code": 53, "block_label": "1-53", "planted_ha": 3.33, "palms": 450, "planted_year": 2011, "abw_kg": 22.1, "rotation_target_days": 10, "gang_code": "", "road_condition": "good", "bunches_per_day": 17.4, "centroid_lon": 100.013742, "centroid_lat": 1.865324, "estate": "MSUM"}, "geometry": {"type": "Polygon", "coordinates": [[[100.013695, 1.864097], [100.013572, 1.864088], [100.012735, 1.864978], [100.013536, 1.866424], [100.013959, 1.866411], [100.014834, 1.865636], [100.013695, 1.864097]]]}}, {"type": "Feature", "properties": {"division_code": 1, "block_code": 54, "block_label": "1-54", "planted_ha": 3.64, "palms": 502, "planted_year": 2013, "abw_kg": 21.5, "rotation_target_days": 10, "gang_code": "", "road_condition": "good", "bunches_per_day": 16.4, "centroid_lon": 100.016323, "centroid_lat": 1.864899, "estate": "MSUM"}, "geometry": {"type": "Polygon", "coordinates": [[[100.017286, 1.865368], [100.016725, 1.863682], [100.015868, 1.863784], [100.015417, 1.865585], [100.016108, 1.866039], [100.016282, 1.866058], [100.017286, 1.865368]]]}}, {"type": "Feature", "properties": {"division_code": 1, "block_code": 55, "block_label": "1-55", "planted_ha": 4.57, "palms": 614, "planted_year": 2014, "abw_kg": 22.1, "rotation_target_days": 10, "gang_code": "", "road_condition": "fair", "bunches_per_day": 22.9, "centroid_lon": 100.019386, "centroid_lat": 1.864881, "estate": "MSUM"}, "geometry": {"type": "Polygon", "coordinates": [[[100.020669, 1.865189], [100.020689, 1.864583], [100.01884, 1.863541], [100.018236, 1.865342], [100.018782, 1.865985], [100.019322, 1.865947], [100.020669, 1.865189]]]}}, {"type": "Feature", "properties": {"division_code": 1, "block_code": 56, "block_label": "1-56", "planted_ha": 4.62, "palms": 635, "planted_year": 2014, "abw_kg": 21.9, "rotation_target_days": 10, "gang_code": "", "road_condition": "good", "bunches_per_day": 23.9, "centroid_lon": 100.021824, "centroid_lat": 1.864913, "estate": "MSUM"}, "geometry": {"type": "Polygon", "coordinates": [[[100.023155, 1.865157], [100.022133, 1.863734], [100.021456, 1.863764], [100.020725, 1.86458], [100.020705, 1.865193], [100.021502, 1.866041], [100.022045, 1.866057], [100.023155, 1.865157]]]}}, {"type": "Feature", "properties": {"division_code": 1, "block_code": 57, "block_label": "1-57", "planted_ha": 4.44, "palms": 584, "planted_year": 2014, "abw_kg": 21.6, "rotation_target_days": 10, "gang_code": "", "road_condition": "poor", "bunches_per_day": 19.9, "centroid_lon": 100.024535, "centroid_lat": 1.864978, "estate": "MSUM"}, "geometry": {"type": "Polygon", "coordinates": [[[100.024909, 1.866066], [100.02568, 1.865149], [100.025681, 1.864845], [100.024617, 1.863545], [100.023189, 1.865174], [100.024348, 1.866122], [100.024909, 1.866066]]]}}, {"type": "Feature", "properties": {"division_code": 1, "block_code": 58, "block_label": "1-58", "planted_ha": 4.34, "palms": 580, "planted_year": 2014, "abw_kg": 22.1, "rotation_target_days": 10, "gang_code": "", "road_condition": "good", "bunches_per_day": 23.1, "centroid_lon": 100.027087, "centroid_lat": 1.865025, "estate": "MSUM"}, "geometry": {"type": "Polygon", "coordinates": [[[100.027432, 1.863751], [100.025717, 1.864848], [100.025716, 1.865146], [100.027084, 1.866088], [100.027679, 1.866041], [100.028312, 1.865219], [100.027432, 1.863751]]]}}, {"type": "Feature", "properties": {"division_code": 1, "block_code": 59, "block_label": "1-59", "planted_ha": 3.31, "palms": 441, "planted_year": 2015, "abw_kg": 22.3, "rotation_target_days": 10, "gang_code": "", "road_condition": "good", "bunches_per_day": 17.7, "centroid_lon": 100.03114, "centroid_lat": 1.865992, "estate": "MSUM"}, "geometry": {"type": "Polygon", "coordinates": [[[100.031162, 1.864779], [100.030089, 1.865648], [100.031157, 1.867356], [100.032173, 1.866047], [100.031162, 1.864779]]]}}, {"type": "Feature", "properties": {"division_code": 1, "block_code": 60, "block_label": "1-60", "planted_ha": 4.49, "palms": 619, "planted_year": 2016, "abw_kg": 20.8, "rotation_target_days": 10, "gang_code": "", "road_condition": "good", "bunches_per_day": 24.1, "centroid_lon": 100.032531, "centroid_lat": 1.864876, "estate": "MSUM"}, "geometry": {"type": "Polygon", "coordinates": [[[100.033697, 1.864406], [100.032705, 1.863579], [100.031194, 1.86476], [100.032205, 1.866029], [100.032985, 1.866084], [100.033697, 1.864406]]]}}, {"type": "Feature", "properties": {"division_code": 1, "block_code": 61, "block_label": "1-61", "planted_ha": 3.7, "palms": 502, "planted_year": 2015, "abw_kg": 22.1, "rotation_target_days": 10, "gang_code": "", "road_condition": "good", "bunches_per_day": 18.3, "centroid_lon": 100.03394, "centroid_lat": 1.865752, "estate": "MSUM"}, "geometry": {"type": "Polygon", "coordinates": [[[100.03462, 1.86494], [100.034192, 1.864406], [100.033731, 1.864419], [100.033017, 1.866101], [100.033745, 1.867043], [100.034037, 1.867039], [100.034609, 1.866572], [100.03462, 1.86494]]]}}, {"type": "Feature", "properties": {"division_code": 1, "block_code": 62, "block_label": "1-62", "planted_ha": 3.8, "palms": 516, "planted_year": 2012, "abw_kg": 22.3, "rotation_target_days": 10, "gang_code": "", "road_condition": "fair", "bunches_per_day": 17.8, "centroid_lon": 100.007013, "centroid_lat": 1.864137, "estate": "MSUM"}, "geometry": {"type": "Polygon", "coordinates": [[[100.007452, 1.863048], [100.006782, 1.863162], [100.00611, 1.863766], [100.005985, 1.86445], [100.006717, 1.865234], [100.007262, 1.865263], [100.008115, 1.863895], [100.007452, 1.863048]]]}}, {"type": "Feature", "properties": {"division_code": 1, "block_code": 63, "block_label": "1-63", "planted_ha": 3.55, "palms": 489, "planted_year": 2011, "abw_kg": 21.5, "rotation_target_days": 10, "gang_code": "", "road_condition": "good", "bunches_per_day": 19.1, "centroid_lon": 100.009774, "centroid_lat": 1.863904, "estate": "MSUM"}, "geometry": {"type": "Polygon", "coordinates": [[[100.010945, 1.86379], [100.009836, 1.862775], [100.009603, 1.862771], [100.008713, 1.863882], [100.009532, 1.865188], [100.010939, 1.863899], [100.010945, 1.86379]]]}}, {"type": "Feature", "properties": {"division_code": 1, "block_code": 64, "block_label": "1-64", "planted_ha": 4.22, "palms": 551, "planted_year": 2011, "abw_kg": 22.2, "rotation_target_days": 10, "gang_code": "", "road_condition": "good", "bunches_per_day": 19.1, "centroid_lon": 100.012252, "centroid_lat": 1.863965, "estate": "MSUM"}, "geometry": {"type": "Polygon", "coordinates": [[[100.013541, 1.864068], [100.012341, 1.862686], [100.01098, 1.863791], [100.010974, 1.863901], [100.011911, 1.865018], [100.012705, 1.864958], [100.013541, 1.864068]]]}}, {"type": "Feature", "properties": {"division_code": 1, "block_code": 65, "block_label": "1-65", "planted_ha": 3.75, "palms": 491, "planted_year": 2012, "abw_kg": 22.4, "rotation_target_days": 10, "gang_code": "", "road_condition": "fair", "bunches_per_day": 17.5, "centroid_lon": 100.014914, "centroid_lat": 1.864347, "estate": "MSUM"}, "geometry": {"type": "Polygon", "coordinates": [[[100.015834, 1.863774], [100.015089, 1.863109], [100.01441, 1.863615], [100.01373, 1.864084], [100.014867, 1.865619], [100.015382, 1.865576], [100.015834, 1.863774]]]}}, {"type": "Feature", "properties": {"division_code": 1, "block_code": 66, "block_label": "1-66", "planted_ha": 4.13, "palms": 561, "planted_year": 2013, "abw_kg": 22.3, "rotation_target_days": 10, "gang_code": "", "road_condition": "fair", "bunches_per_day": 19.0, "centroid_lon": 100.01779, "centroid_lat": 1.864116, "estate": "MSUM"}, "geometry": {"type": "Polygon", "coordinates": [[[100.018202, 1.865328], [100.018811, 1.863515], [100.018759, 1.863367], [100.018149, 1.863012], [100.01747, 1.863058], [100.016759, 1.863668], [100.01732, 1.865357], [100.018202, 1.865328]]]}}, {"type": "Feature", "properties": {"division_code": 1, "block_code": 67, "block_label": "1-67", "planted_ha": 3.71, "palms": 486, "planted_year": 2015, "abw_kg": 21.8, "rotation_target_days": 10, "gang_code": "", "road_condition": "good", "bunches_per_day": 17.9, "centroid_lon": 100.028523, "centroid_lat": 1.863977, "estate": "MSUM"}, "geometry": {"type": "Polygon", "coordinates": [[[100.0289, 1.865182], [100.029555, 1.863476], [100.028448, 1.862824], [100.027481, 1.863575], [100.027457, 1.863722], [100.028344, 1.865202], [100.0289, 1.865182]]]}}, {"type": "Feature", "properties": {"division_code": 1, "block_code": 68, "block_label": "1-68", "planted_ha": 3.66, "palms": 487, "planted_year": 2015, "abw_kg": 21.5, "rotation_target_days": 10, "gang_code": "", "road_condition": "good", "bunches_per_day": 19.2, "centroid_lon": 100.03, "centroid_lat": 1.864561, "estate": "MSUM"}, "geometry": {"type": "Polygon", "coordinates": [[[100.031136, 1.864754], [100.030309, 1.863436], [100.02959, 1.863485], [100.028936, 1.86519], [100.02998, 1.86564], [100.030058, 1.865627], [100.031136, 1.864754]]]}}, {"type": "Feature", "properties": {"division_code": 2, "block_code": 1, "block_label": "2-1", "planted_ha": 3.91, "palms": 521, "planted_year": 2015, "abw_kg": 22.0, "rotation_target_days": 10, "gang_code": "", "road_condition": "fair", "bunches_per_day": 20.4, "centroid_lon": 100.023342, "centroid_lat": 1.863743, "estate": "MSUM"}, "geometry": {"type": "Polygon", "coordinates": [[[100.024596, 1.86347], [100.023332, 1.862515], [100.022166, 1.863717], [100.023176, 1.865124], [100.024599, 1.86351], [100.024596, 1.86347]]]}}, {"type": "Feature", "properties": {"division_code": 2, "block_code": 2, "block_label": "2-2", "planted_ha": 4.67, "palms": 624, "planted_year": 2015, "abw_kg": 22.0, "rotation_target_days": 10, "gang_code": "", "road_condition": "fair", "bunches_per_day": 24.1, "centroid_lon": 100.02598, "centroid_lat": 1.863536, "estate": "MSUM"}, "geometry": {"type": "Polygon", "coordinates": [[[100.027422, 1.863715], [100.027445, 1.863572], [100.026663, 1.862894], [100.025912, 1.862208], [100.024632, 1.863468], [100.024635, 1.86351], [100.025702, 1.864814], [100.027422, 1.863715]]]}}, {"type": "Feature", "properties": {"division_code": 2, "block_code": 3, "block_label": "2-3", "planted_ha": 3.23, "palms": 425, "planted_year": 2012, "abw_kg": 21.7, "rotation_target_days": 10, "gang_code": "", "road_condition": "good", "bunches_per_day": 16.6, "centroid_lon": 100.008484, "centroid_lat": 1.862866, "estate": "MSUM"}, "geometry": {"type": "Polygon", "coordinates": [[[100.008643, 1.861815], [100.008158, 1.861885], [100.007481, 1.863027], [100.008145, 1.863875], [100.008682, 1.863862], [100.00957, 1.862754], [100.008643, 1.861815]]]}}, {"type": "Feature", "properties": {"division_code": 2, "block_code": 4, "block_label": "2-4", "planted_ha": 4.11, "palms": 561, "planted_year": 2012, "abw_kg": 22.2, "rotation_target_days": 10, "gang_code": "", "road_condition": "good", "bunches_per_day": 19.0, "centroid_lon": 100.011073, "centroid_lat": 1.862503, "estate": "MSUM"}, "geometry": {"type": "Polygon", "coordinates": [[[100.01233, 1.862616], [100.011098, 1.861131], [100.010978, 1.861138], [100.009867, 1.862754], [100.010963, 1.863758], [100.012326, 1.862652], [100.01233, 1.862616]]]}}, {"type": "Feature", "properties": {"division_code": 2, "block_code": 5, "block_label": "2-5", "planted_ha": 4.69, "palms": 617, "planted_year": 2011, "abw_kg": 21.7, "rotation_target_days": 10, "gang_code": "", "road_condition": "fair", "bunches_per_day": 24.7, "centroid_lon": 100.013789, "centroid_lat": 1.862816, "estate": "MSUM"}, "geometry": {"type": "Polygon", "coordinates": [[[100.01439, 1.863586], [100.015071, 1.863077], [100.015002, 1.86247], [100.013766, 1.861601], [100.012366, 1.86262], [100.012362, 1.862655], [100.013574, 1.864052], [100.0137, 1.864062], [100.01439, 1.863586]]]}}, {"type": "Feature", "properties": {"division_code": 2, "block_code": 6, "block_label": "2-6", "planted_ha": 4.3, "palms": 565, "planted_year": 2013, "abw_kg": 22.3, "rotation_target_days": 10, "gang_code": "", "road_condition": "fair", "bunches_per_day": 18.9, "centroid_lon": 100.01618, "centroid_lat": 1.862706, "estate": "MSUM"}, "geometry": {"type": "Polygon", "coordinates": [[[100.01744, 1.863037], [100.016435, 1.861466], [100.016126, 1.861469], [100.015038, 1.862467], [100.015107, 1.863076], [100.01586, 1.863749], [100.01673, 1.863644], [100.01744, 1.863037]]]}}, {"type": "Feature", "properties": {"division_code": 2, "block_code": 7, "block_label": "2-7", "planted_ha": 4.42, "palms": 607, "planted_year": 2015, "abw_kg": 21.8, "rotation_target_days": 10, "gang_code": "", "road_condition": "good", "bunches_per_day": 19.7, "centroid_lon": 100.020256, "centroid_lat": 1.86332, "estate": "MSUM"}, "geometry": {"type": "Polygon", "coordinates": [[[100.020675, 1.862061], [100.020359, 1.86205], [100.018795, 1.86336], [100.018845, 1.863503], [100.020703, 1.86455], [100.021427, 1.863743], [100.020675, 1.862061]]]}}, {"type": "Feature", "properties": {"division_code": 2, "block_code": 8, "block_label": "2-8", "planted_ha": 4.77, "palms": 658, "planted_year": 2015, "abw_kg": 22.0, "rotation_target_days": 10, "gang_code": "", "road_condition": "good", "bunches_per_day": 22.9, "centroid_lon": 100.021926, "centroid_lat": 1.862484, "estate": "MSUM"}, "geometry": {"type": "Polygon", "coordinates": [[[100.02331, 1.862485], [100.023295, 1.862425], [100.023137, 1.862282], [100.0218, 1.861138], [100.020709, 1.862048], [100.02146, 1.863728], [100.022134, 1.863698], [100.02331, 1.862485]]]}}, {"type": "Feature", "properties": {"division_code": 2, "block_code": 9, "block_label": "2-9", "planted_ha": 4.3, "palms": 571, "planted_year": 2016, "abw_kg": 20.2, "rotation_target_days": 10, "gang_code": "", "road_condition": "good", "bunches_per_day": 21.2, "centroid_lon": 100.024618, "centroid_lat": 1.862192, "estate": "MSUM"}, "geometry": {"type": "Polygon", "coordinates": [[[100.025895, 1.862175], [100.025908, 1.861936], [100.024855, 1.861131], [100.024207, 1.861147], [100.023331, 1.862419], [100.023345, 1.86248], [100.024612, 1.863437], [100.025895, 1.862175]]]}}, {"type": "Feature", "properties": {"division_code": 2, "block_code": 10, "block_label": "2-10", "planted_ha": 4.95, "palms": 646, "planted_year": 2016, "abw_kg": 20.4, "rotation_target_days": 10, "gang_code": "", "road_condition": "good", "bunches_per_day": 26.6, "centroid_lon": 100.027291, "centroid_lat": 1.862207, "estate": "MSUM"}, "geometry": {"type": "Polygon", "coordinates": [[[100.028544, 1.861894], [100.027802, 1.861465], [100.026899, 1.860908], [100.025945, 1.861935], [100.025931, 1.862176], [100.026686, 1.862867], [100.027465, 1.863542], [100.028429, 1.862793], [100.028544, 1.861894]]]}}, {"type": "Feature", "properties": {"division_code": 2, "block_code": 11, "block_label": "2-11", "planted_ha": 4.58, "palms": 607, "planted_year": 2015, "abw_kg": 22.1, "rotation_target_days": 10, "gang_code": "", "road_condition": "good", "bunches_per_day": 21.9, "centroid_lon": 100.02965, "centroid_lat": 1.862367, "estate": "MSUM"}, "geometry": {"type": "Polygon", "coordinates": [[[100.030306, 1.8634], [100.030882, 1.862165], [100.030183, 1.861374], [100.029243, 1.861332], [100.02858, 1.861893], [100.028466, 1.862793], [100.029582, 1.863449], [100.030306, 1.8634]]]}}, {"type": "Feature", "properties": {"division_code": 2, "block_code": 12, "block_label": "2-12", "planted_ha": 4.8, "palms": 659, "planted_year": 2015, "abw_kg": 22.2, "rotation_target_days": 10, "gang_code": "", "road_condition": "fair", "bunches_per_day": 21.2, "centroid_lon": 100.031503, "centroid_lat": 1.863291, "estate": "MSUM"}, "geometry": {"type": "Polygon", "coordinates": [[[100.032688, 1.863547], [100.032702, 1.862976], [100.031846, 1.862144], [100.030915, 1.86218], [100.030339, 1.863415], [100.031167, 1.864735], [100.032688, 1.863547]]]}}, {"type": "Feature", "properties": {"division_code": 2, "block_code": 13, "block_label": "2-13", "planted_ha": 3.73, "palms": 498, "planted_year": 2017, "abw_kg": 19.3, "rotation_target_days": 10, "gang_code": "", "road_condition": "fair", "bunches_per_day": 18.4, "centroid_lon": 100.033762, "centroid_lat": 1.86331, "estate": "MSUM"}, "geometry": {"type": "Polygon", "coordinates": [[[100.034633, 1.863953], [100.034638, 1.863809], [100.034637, 1.863424], [100.034654, 1.863125], [100.033963, 1.862021], [100.032738, 1.862977], [100.032724, 1.863548], [100.033725, 1.864383], [100.034193, 1.86437], [100.034633, 1.863953]]]}}, {"type": "Feature", "properties": {"division_code": 2, "block_code": 14, "block_label": "2-14", "planted_ha": 0.83, "palms": 109, "planted_year": 2016, "abw_kg": 21.2, "rotation_target_days": 10, "gang_code": "", "road_condition": "fair", "bunches_per_day": 4.1, "centroid_lon": 100.03445, "centroid_lat": 1.862108, "estate": "MSUM"}, "geometry": {"type": "Polygon", "coordinates": [[[100.033988, 1.861994], [100.034658, 1.863063], [100.034753, 1.861385], [100.034101, 1.861746], [100.033988, 1.861994]]]}}, {"type": "Feature", "properties": {"division_code": 2, "block_code": 15, "block_label": "2-15", "planted_ha": 3.52, "palms": 478, "planted_year": 2013, "abw_kg": 21.4, "rotation_target_days": 10, "gang_code": "", "road_condition": "poor", "bunches_per_day": 17.2, "centroid_lon": 100.007079, "centroid_lat": 1.861928, "estate": "MSUM"}, "geometry": {"type": "Polygon", "coordinates": [[[100.006876, 1.860615], [100.006264, 1.861287], [100.006263, 1.861887], [100.006785, 1.863125], [100.007448, 1.863012], [100.008124, 1.86187], [100.006876, 1.860615]]]}}, {"type": "Feature", "properties": {"division_code": 2, "block_code": 16, "block_label": "2-16", "planted_ha": 3.53, "palms": 486, "planted_year": 2012, "abw_kg": 21.6, "rotation_target_days": 10, "gang_code": "", "road_condition": "good", "bunches_per_day": 16.0, "centroid_lon": 100.009761, "centroid_lat": 1.861549, "estate": "MSUM"}, "geometry": {"type": "Polygon", "coordinates": [[[100.010943, 1.861127], [100.009578, 1.860379], [100.008672, 1.861794], [100.009602, 1.862735], [100.009834, 1.862739], [100.010943, 1.861127]]]}}, {"type": "Feature", "properties": {"division_code": 2, "block_code": 17, "block_label": "2-17", "planted_ha": 4.29, "palms": 586, "planted_year": 2012, "abw_kg": 21.8, "rotation_target_days": 10, "gang_code": "", "road_condition": "good", "bunches_per_day": 21.3, "centroid_lon": 100.012369, "centroid_lat": 1.861284, "estate": "MSUM"}, "geometry": {"type": "Polygon", "coordinates": [[[100.013746, 1.861571], [100.012257, 1.860011], [100.011953, 1.860066], [100.01113, 1.861113], [100.012352, 1.862586], [100.013746, 1.861571]]]}}, {"type": "Feature", "properties": {"division_code": 2, "block_code": 18, "block_label": "2-18", "planted_ha": 4.0, "palms": 525, "planted_year": 2012, "abw_kg": 22.3, "rotation_target_days": 10, "gang_code": "", "road_condition": "good", "bunches_per_day": 19.7, "centroid_lon": 100.014917, "centroid_lat": 1.861201, "estate": "MSUM"}, "geometry": {"type": "Polygon", "coordinates": [[[100.016095, 1.861448], [100.014976, 1.85986], [100.014665, 1.859862], [100.013782, 1.861569], [100.015017, 1.862437], [100.016095, 1.861448]]]}}, {"type": "Feature", "properties": {"division_code": 2, "block_code": 19, "block_label": "2-19", "planted_ha": 3.94, "palms": 535, "planted_year": 2014, "abw_kg": 22.2, "rotation_target_days": 10, "gang_code": "", "road_condition": "fair", "bunches_per_day": 20.6, "centroid_lon": 100.017586, "centroid_lat": 1.861689, "estate": "MSUM"}, "geometry": {"type": "Polygon", "coordinates": [[[100.018138, 1.862976], [100.018385, 1.860755], [100.01792, 1.860442], [100.017642, 1.860427], [100.016468, 1.861451], [100.017473, 1.863022], [100.018138, 1.862976]]]}}, {"type": "Feature", "properties": {"division_code": 2, "block_code": 20, "block_label": "2-20", "planted_ha": 4.23, "palms": 572, "planted_year": 2014, "abw_kg": 21.9, "rotation_target_days": 10, "gang_code": "", "road_condition": "good", "bunches_per_day": 19.2, "centroid_lon": 100.019045, "centroid_lat": 1.861981, "estate": "MSUM"}, "geometry": {"type": "Polygon", "coordinates": [[[100.020326, 1.862031], [100.019188, 1.860745], [100.018421, 1.860764], [100.018173, 1.862984], [100.018772, 1.863333], [100.020326, 1.862031]]]}}, {"type": "Feature", "properties": {"division_code": 2, "block_code": 21, "block_label": "2-21", "planted_ha": 4.58, "palms": 624, "planted_year": 2015, "abw_kg": 21.4, "rotation_target_days": 10, "gang_code": "", "road_condition": "fair", "bunches_per_day": 22.4, "centroid_lon": 100.020535, "centroid_lat": 1.860816, "estate": "MSUM"}, "geometry": {"type": "Polygon", "coordinates": [[[100.021783, 1.861105], [100.021815, 1.860798], [100.020771, 1.85972], [100.020029, 1.85972], [100.019219, 1.860726], [100.02036, 1.862014], [100.020681, 1.862024], [100.021783, 1.861105]]]}}, {"type": "Feature", "properties": {"division_code": 2, "block_code": 22, "block_label": "2-22", "planted_ha": 4.1, "palms": 554, "planted_year": 2017, "abw_kg": 18.7, "rotation_target_days": 10, "gang_code": "", "road_condition": "fair", "bunches_per_day": 20.6, "centroid_lon": 100.023014, "centroid_lat": 1.861042, "estate": "MSUM"}, "geometry": {"type": "Polygon", "coordinates": [[[100.024175, 1.861129], [100.023063, 1.859713], [100.022462, 1.860231], [100.021851, 1.8608], [100.021819, 1.861107], [100.023308, 1.862388], [100.024175, 1.861129]]]}}, {"type": "Feature", "properties": {"division_code": 2, "block_code": 23, "block_label": "2-23", "planted_ha": 3.45, "palms": 463, "planted_year": 2017, "abw_kg": 19.0, "rotation_target_days": 10, "gang_code": "", "road_condition": "good", "bunches_per_day": 17.1, "centroid_lon": 100.025813, "centroid_lat": 1.860739, "estate": "MSUM"}, "geometry": {"type": "Polygon", "coordinates": [[[100.026875, 1.860692], [100.026325, 1.859966], [100.025101, 1.859728], [100.02488, 1.861105], [100.025925, 1.861903], [100.026878, 1.860878], [100.026875, 1.860692]]]}}, {"type": "Feature", "properties": {"division_code": 2, "block_code": 24, "block_label": "2-24", "planted_ha": 3.73, "palms": 507, "planted_year": 2015, "abw_kg": 22.1, "rotation_target_days": 10, "gang_code": "", "road_condition": "fair", "bunches_per_day": 19.0, "centroid_lon": 100.031305, "centroid_lat": 1.861108, "estate": "MSUM"}, "geometry": {"type": "Polygon", "coordinates": [[[100.032312, 1.860751], [100.031245, 1.859771], [100.031216, 1.859774], [100.030214, 1.861354], [100.030911, 1.862144], [100.03184, 1.862108], [100.032312, 1.860751]]]}}, {"type": "Feature", "properties": {"division_code": 2, "block_code": 25, "block_label": "2-25", "planted_ha": 3.52, "palms": 483, "planted_year": 2016, "abw_kg": 20.1, "rotation_target_days": 10, "gang_code": "", "road_condition": "fair", "bunches_per_day": 16.0, "centroid_lon": 100.032873, "centroid_lat": 1.861784, "estate": "MSUM"}, "geometry": {"type": "Polygon", "coordinates": [[[100.034065, 1.861737], [100.0329, 1.860722], [100.032346, 1.860763], [100.031874, 1.862121], [100.032722, 1.862944], [100.033953, 1.861983], [100.034065, 1.861737]]]}}, {"type": "Feature", "properties": {"division_code": 2, "block_code": 26, "block_label": "2-26", "planted_ha": 4.85, "palms": 660, "planted_year": 2013, "abw_kg": 22.6, "rotation_target_days": 10, "gang_code": "", "road_condition": "poor", "bunches_per_day": 26.1, "centroid_lon": 100.008249, "centroid_lat": 1.860562, "estate": "MSUM"}, "geometry": {"type": "Polygon", "coordinates": [[[100.009479, 1.860164], [100.008478, 1.859438], [100.007883, 1.859415], [100.006898, 1.8605], [100.006894, 1.860582], [100.008153, 1.861849], [100.008639, 1.861779], [100.009551, 1.860353], [100.009479, 1.860164]]]}}, {"type": "Feature", "properties": {"division_code": 2, "block_code": 27, "block_label": "2-27", "planted_ha": 3.91, "palms": 538, "planted_year": 2013, "abw_kg": 21.4, "rotation_target_days": 10, "gang_code": "", "road_condition": "good", "bunches_per_day": 18.2, "centroid_lon": 100.010768, "centroid_lat": 1.859973, "estate": "MSUM"}, "geometry": {"type": "Polygon", "coordinates": [[[100.011098, 1.861095], [100.011921, 1.860049], [100.010868, 1.8586], [100.009514, 1.860156], [100.009586, 1.860342], [100.010973, 1.861102], [100.011098, 1.861095]]]}}, {"type": "Feature", "properties": {"division_code": 2, "block_code": 28, "block_label": "2-28", "planted_ha": 3.87, "palms": 508, "planted_year": 2012, "abw_kg": 21.9, "rotation_target_days": 10, "gang_code": "", "road_condition": "good", "bunches_per_day": 18.6, "centroid_lon": 100.013509, "centroid_lat": 1.860097, "estate": "MSUM"}, "geometry": {"type": "Polygon", "coordinates": [[[100.013381, 1.858851], [100.012288, 1.859992], [100.013757, 1.861515], [100.014631, 1.859849], [100.013381, 1.858851]]]}}, {"type": "Feature", "properties": {"division_code": 2, "block_code": 29, "block_label": "2-29", "planted_ha": 4.17, "palms": 561, "planted_year": 2013, "abw_kg": 22.5, "rotation_target_days": 10, "gang_code": "", "road_condition": "poor", "bunches_per_day": 21.3, "centroid_lon": 100.016276, "centroid_lat": 1.860223, "estate": "MSUM"}, "geometry": {"type": "Polygon", "coordinates": [[[100.01761, 1.860408], [100.016158, 1.858949], [100.01501, 1.859846], [100.016128, 1.861433], [100.016437, 1.86143], [100.01761, 1.860408]]]}}, {"type": "Feature", "properties": {"division_code": 2, "block_code": 30, "block_label": "2-30", "planted_ha": 3.74, "palms": 498, "planted_year": 2014, "abw_kg": 22.4, "rotation_target_days": 10, "gang_code": "", "road_condition": "good", "bunches_per_day": 19.9, "centroid_lon": 100.018975, "centroid_lat": 1.859677, "estate": "MSUM"}, "geometry": {"type": "Polygon", "coordinates": [[[100.02, 1.859699], [100.019468, 1.858467], [100.018541, 1.858709], [100.017948, 1.860417], [100.01841, 1.860728], [100.019187, 1.860709], [100.02, 1.859699]]]}}, {"type": "Feature", "properties": {"division_code": 2, "block_code": 31, "block_label": "2-31", "planted_ha": 3.88, "palms": 514, "planted_year": 2016, "abw_kg": 20.1, "rotation_target_days": 10, "gang_code": "", "road_condition": "fair", "bunches_per_day": 17.6, "centroid_lon": 100.02191, "centroid_lat": 1.859514, "estate": "MSUM"}, "geometry": {"type": "Polygon", "coordinates": [[[100.023128, 1.859422], [100.022032, 1.858444], [100.021374, 1.858494], [100.0208, 1.859698], [100.021834, 1.860766], [100.022438, 1.860204], [100.02305, 1.859677], [100.023128, 1.859422]]]}}, {"type": "Feature", "properties": {"division_code": 2, "block_code": 32, "block_label": "2-32", "planted_ha": 3.38, "palms": 453, "planted_year": 2016, "abw_kg": 20.4, "rotation_target_days": 10, "gang_code": "", "road_condition": "fair", "bunches_per_day": 15.2, "centroid_lon": 100.02419, "centroid_lat": 1.859998, "estate": "MSUM"}, "geometry": {"type": "Polygon", "coordinates": [[[100.025067, 1.859713], [100.024377, 1.859014], [100.023964, 1.85901], [100.023164, 1.859429], [100.023085, 1.859684], [100.024206, 1.861111], [100.024846, 1.861095], [100.025067, 1.859713]]]}}, {"type": "Feature", "properties": {"division_code": 2, "block_code": 33, "block_label": "2-33", "planted_ha": 3.32, "palms": 437, "planted_year": 2017, "abw_kg": 19.6, "rotation_target_days": 10, "gang_code": "", "road_condition": "fair", "bunches_per_day": 15.3, "centroid_lon": 100.02713, "centroid_lat": 1.859352, "estate": "MSUM"}, "geometry": {"type": "Polygon", "coordinates": [[[100.028146, 1.859478], [100.027354, 1.858189], [100.026619, 1.8583], [100.026354, 1.859945], [100.026895, 1.860659], [100.028146, 1.859478]]]}}, {"type": "Feature", "properties": {"division_code": 2, "block_code": 34, "block_label": "2-34", "planted_ha": 4.16, "palms": 556, "planted_year": 2016, "abw_kg": 21.0, "rotation_target_days": 10, "gang_code": "", "road_condition": "good", "bunches_per_day": 20.9, "centroid_lon": 100.028225, "centroid_lat": 1.86066, "estate": "MSUM"}, "geometry": {"type": "Polygon", "coordinates": [[[100.0289, 1.859575], [100.028175, 1.8595], [100.026911, 1.860694], [100.026914, 1.860874], [100.02782, 1.861434], [100.028561, 1.861862], [100.029217, 1.861306], [100.0289, 1.859575]]]}}, {"type": "Feature", "properties": {"division_code": 2, "block_code": 35, "block_label": "2-35", "planted_ha": 4.35, "palms": 593, "planted_year": 2016, "abw_kg": 20.3, "rotation_target_days": 10, "gang_code": "", "road_condition": "fair", "bunches_per_day": 20.3, "centroid_lon": 100.029917, "centroid_lat": 1.860135, "estate": "MSUM"}, "geometry": {"type": "Polygon", "coordinates": [[[100.031181, 1.859762], [100.029739, 1.858865], [100.028935, 1.859565], [100.029049, 1.860208], [100.029252, 1.861296], [100.030181, 1.861338], [100.031181, 1.859762]]]}}, {"type": "Feature", "properties": {"division_code": 2, "block_code": 36, "block_label": "2-36", "planted_ha": 3.7, "palms": 493, "planted_year": 2015, "abw_kg": 22.3, "rotation_target_days": 10, "gang_code": "", "road_condition": "fair", "bunches_per_day": 17.2, "centroid_lon": 100.032517, "centroid_lat": 1.859676, "estate": "MSUM"}, "geometry": {"type": "Polygon", "coordinates": [[[100.033718, 1.859285], [100.03264, 1.858681], [100.032212, 1.858713], [100.031277, 1.859752], [100.03234, 1.860728], [100.032895, 1.860686], [100.033718, 1.859285]]]}}, {"type": "Feature", "properties": {"division_code": 2, "block_code": 37, "block_label": "2-37", "planted_ha": 3.04, "palms": 399, "planted_year": 2015, "abw_kg": 22.4, "rotation_target_days": 10, "gang_code": "", "road_condition": "poor", "bunches_per_day": 13.6, "centroid_lon": 100.033927, "centroid_lat": 1.860617, "estate": "MSUM"}, "geometry": {"type": "Polygon", "coordinates": [[[100.032929, 1.860699], [100.03409, 1.861711], [100.034756, 1.861342], [100.03479, 1.860739], [100.033821, 1.859324], [100.03381, 1.859294], [100.033753, 1.859296], [100.032929, 1.860699]]]}}, {"type": "Feature", "properties": {"division_code": 2, "block_code": 38, "block_label": "2-38", "planted_ha": 3.31, "palms": 445, "planted_year": 2014, "abw_kg": 22.4, "rotation_target_days": 10, "gang_code": "", "road_condition": "good", "bunches_per_day": 17.0, "centroid_lon": 100.008507, "centroid_lat": 1.858124, "estate": "MSUM"}, "geometry": {"type": "Polygon", "coordinates": [[[100.009436, 1.857675], [100.009175, 1.857149], [100.008247, 1.856787], [100.008186, 1.857252], [100.007744, 1.858817], [100.007731, 1.858837], [100.007723, 1.858868], [100.007645, 1.858992], [100.007886, 1.859379], [100.008474, 1.859401], [100.009436, 1.857675]]]}}, {"type": "Feature", "properties": {"division_code": 2, "block_code": 39, "block_label": "2-39", "planted_ha": 3.74, "palms": 497, "planted_year": 2014, "abw_kg": 22.5, "rotation_target_days": 10, "gang_code": "", "road_condition": "fair", "bunches_per_day": 18.4, "centroid_lon": 100.009658, "centroid_lat": 1.858872, "estate": "MSUM"}, "geometry": {"type": "Polygon", "coordinates": [[[100.010851, 1.858565], [100.010841, 1.858299], [100.009465, 1.857699], [100.008508, 1.859414], [100.009491, 1.860128], [100.010851, 1.858565]]]}}, {"type": "Feature", "properties": {"division_code": 2, "block_code": 40, "block_label": "2-40", "planted_ha": 4.74, "palms": 633, "planted_year": 2013, "abw_kg": 22.4, "rotation_target_days": 10, "gang_code": "", "road_condition": "good", "bunches_per_day": 23.6, "centroid_lon": 100.012101, "centroid_lat": 1.858678, "estate": "MSUM"}, "geometry": {"type": "Polygon", "coordinates": [[[100.013361, 1.85882], [100.013322, 1.858402], [100.012068, 1.85748], [100.011701, 1.857507], [100.010876, 1.858294], [100.010887, 1.858565], [100.011951, 1.86003], [100.012255, 1.859975], [100.013361, 1.85882]]]}}, {"type": "Feature", "properties": {"division_code": 2, "block_code": 41, "block_label": "2-41", "planted_ha": 5.13, "palms": 692, "planted_year": 2012, "abw_kg": 21.5, "rotation_target_days": 10, "gang_code": "", "road_condition": "fair", "bunches_per_day": 27.6, "centroid_lon": 100.014712, "centroid_lat": 1.858615, "estate": "MSUM"}, "geometry": {"type": "Polygon", "coordinates": [[[100.016142, 1.858916], [100.016145, 1.858852], [100.015578, 1.858149], [100.015041, 1.857439], [100.014482, 1.85736], [100.013358, 1.858399], [100.013397, 1.858817], [100.01466, 1.859825], [100.014979, 1.859824], [100.016142, 1.858916]]]}}, {"type": "Feature", "properties": {"division_code": 2, "block_code": 42, "block_label": "2-42", "planted_ha": 4.0, "palms": 526, "planted_year": 2013, "abw_kg": 22.0, "rotation_target_days": 10, "gang_code": "", "road_condition": "good", "bunches_per_day": 19.5, "centroid_lon": 100.01746, "centroid_lat": 1.859073, "estate": "MSUM"}, "geometry": {"type": "Polygon", "coordinates": [[[100.017914, 1.860405], [100.018506, 1.8587], [100.017493, 1.857833], [100.016839, 1.858364], [100.016181, 1.858856], [100.016178, 1.858918], [100.017644, 1.860391], [100.017914, 1.860405]]]}}, {"type": "Feature", "properties": {"division_code": 2, "block_code": 43, "block_label": "2-43", "planted_ha": 3.16, "palms": 423, "planted_year": 2014, "abw_kg": 22.5, "rotation_target_days": 10, "gang_code": "", "road_condition": "fair", "bunches_per_day": 17.0, "centroid_lon": 100.020376, "centroid_lat": 1.858646, "estate": "MSUM"}, "geometry": {"type": "Polygon", "coordinates": [[[100.020767, 1.859684], [100.02134, 1.858481], [100.020336, 1.857541], [100.019986, 1.857561], [100.019498, 1.858447], [100.020032, 1.859684], [100.020767, 1.859684]]]}}, {"type": "Feature", "properties": {"division_code": 2, "block_code": 44, "block_label": "2-44", "planted_ha": 3.28, "palms": 435, "planted_year": 2017, "abw_kg": 19.4, "rotation_target_days": 10, "gang_code": "", "road_condition": "fair", "bunches_per_day": 16.3, "centroid_lon": 100.022971, "centroid_lat": 1.858227, "estate": "MSUM"}, "geometry": {"type": "Polygon", "coordinates": [[[100.023539, 1.857966], [100.02325, 1.857144], [100.022446, 1.857098], [100.022059, 1.85842], [100.023151, 1.859395], [100.023937, 1.858983], [100.023539, 1.857966]]]}}, {"type": "Feature", "properties": {"division_code": 2, "block_code": 45, "block_label": "2-45", "planted_ha": 3.8, "palms": 510, "planted_year": 2017, "abw_kg": 19.4, "rotation_target_days": 10, "gang_code": "", "road_condition": "good", "bunches_per_day": 17.5, "centroid_lon": 100.025623, "centroid_lat": 1.858865, "estate": "MSUM"}, "geometry": {"type": "Polygon", "coordinates": [[[100.026584, 1.858293], [100.025565, 1.8577], [100.025474, 1.857702], [100.024409, 1.858995], [100.025095, 1.85969], [100.026321, 1.859928], [100.026584, 1.858293]]]}}, {"type": "Feature", "properties": {"division_code": 2, "block_code": 46, "block_label": "2-46", "planted_ha": 4.53, "palms": 612, "planted_year": 2017, "abw_kg": 19.7, "rotation_target_days": 10, "gang_code": "", "road_condition": "good", "bunches_per_day": 23.5, "centroid_lon": 100.028599, "centroid_lat": 1.858385, "estate": "MSUM"}, "geometry": {"type": "Polygon", "coordinates": [[[100.029719, 1.858834], [100.029717, 1.858115], [100.028512, 1.857175], [100.028169, 1.857164], [100.027384, 1.858171], [100.02818, 1.859464], [100.02891, 1.859539], [100.029719, 1.858834]]]}}, {"type": "Feature", "properties": {"division_code": 2, "block_code": 47, "block_label": "2-47", "planted_ha": 4.54, "palms": 602, "planted_year": 2017, "abw_kg": 19.8, "rotation_target_days": 10, "gang_code": "", "road_condition": "good", "bunches_per_day": 23.0, "centroid_lon": 100.030918, "centroid_lat": 1.85848, "estate": "MSUM"}, "geometry": {"type": "Polygon", "coordinates": [[[100.03218, 1.858695], [100.031222, 1.857266], [100.030779, 1.857316], [100.029753, 1.858115], [100.029755, 1.858833], [100.031211, 1.859738], [100.031243, 1.859735], [100.03218, 1.858695]]]}}, {"type": "Feature", "properties": {"division_code": 2, "block_code": 48, "block_label": "2-48", "planted_ha": 1.01, "palms": 137, "planted_year": 2016, "abw_kg": 20.1, "rotation_target_days": 10, "gang_code": "", "road_condition": "good", "bunches_per_day": 4.5, "centroid_lon": 100.033203, "centroid_lat": 1.858482, "estate": "MSUM"}, "geometry": {"type": "Polygon", "coordinates": [[[100.03311, 1.8575], [100.032667, 1.858655], [100.033747, 1.85926], [100.033798, 1.859258], [100.033563, 1.8586], [100.03311, 1.8575]]]}}, {"type": "Feature", "properties": {"division_code": 2, "block_code": 49, "block_label": "2-49", "planted_ha": 4.02, "palms": 542, "planted_year": 2014, "abw_kg": 21.5, "rotation_target_days": 10, "gang_code": "", "road_condition": "good", "bunches_per_day": 21.3, "centroid_lon": 100.010459, "centroid_lat": 1.857171, "estate": "MSUM"}, "geometry": {"type": "Polygon", "coordinates": [[[100.010797, 1.856073], [100.01022, 1.856084], [100.00921, 1.857138], [100.00947, 1.857662], [100.010854, 1.858265], [100.011671, 1.857487], [100.010797, 1.856073]]]}}, {"type": "Feature", "properties": {"division_code": 2, "block_code": 50, "block_label": "2-50", "planted_ha": 4.26, "palms": 586, "planted_year": 2014, "abw_kg": 22.5, "rotation_target_days": 10, "gang_code": "", "road_condition": "good", "bunches_per_day": 19.1, "centroid_lon": 100.013286, "centroid_lat": 1.85709, "estate": "MSUM"}, "geometry": {"type": "Polygon", "coordinates": [[[100.01372, 1.855982], [100.012995, 1.855808], [100.012096, 1.857456], [100.013337, 1.858369], [100.014454, 1.857337], [100.01372, 1.855982]]]}}, {"type": "Feature", "properties": {"division_code": 2, "block_code": 51, "block_label": "2-51", "planted_ha": 3.97, "palms": 546, "planted_year": 2013, "abw_kg": 21.7, "rotation_target_days": 10, "gang_code": "", "road_condition": "good", "bunches_per_day": 19.8, "centroid_lon": 100.016264, "centroid_lat": 1.857556, "estate": "MSUM"}, "geometry": {"type": "Polygon", "coordinates": [[[100.017497, 1.857613], [100.016701, 1.856851], [100.016106, 1.85624], [100.015074, 1.857423], [100.016167, 1.858822], [100.016817, 1.858335], [100.017476, 1.8578], [100.017497, 1.857613]]]}}, {"type": "Feature", "properties": {"division_code": 2, "block_code": 52, "block_label": "2-52", "planted_ha": 4.21, "palms": 568, "planted_year": 2013, "abw_kg": 22.6, "rotation_target_days": 10, "gang_code": "", "road_condition": "good", "bunches_per_day": 18.9, "centroid_lon": 100.018763, "centroid_lat": 1.857581, "estate": "MSUM"}, "geometry": {"type": "Polygon", "coordinates": [[[100.019954, 1.857545], [100.018834, 1.856217], [100.017533, 1.857614], [100.017512, 1.857802], [100.018532, 1.858674], [100.019466, 1.85843], [100.019954, 1.857545]]]}}, {"type": "Feature", "properties": {"division_code": 2, "block_code": 53, "block_label": "2-53", "planted_ha": 3.11, "palms": 421, "planted_year": 2015, "abw_kg": 22.2, "rotation_target_days": 10, "gang_code": "", "road_condition": "good", "bunches_per_day": 15.8, "centroid_lon": 100.021516, "centroid_lat": 1.857479, "estate": "MSUM"}, "geometry": {"type": "Polygon", "coordinates": [[[100.022025, 1.858408], [100.022413, 1.857083], [100.02179, 1.856413], [100.021563, 1.856443], [100.020369, 1.857522], [100.021369, 1.858458], [100.022025, 1.858408]]]}}, {"type": "Feature", "properties": {"division_code": 2, "block_code": 54, "block_label": "2-54", "planted_ha": 3.93, "palms": 527, "planted_year": 2017, "abw_kg": 18.9, "rotation_target_days": 10, "gang_code": "", "road_condition": "fair", "bunches_per_day": 19.1, "centroid_lon": 100.024292, "centroid_lat": 1.857674, "estate": "MSUM"}, "geometry": {"type": "Polygon", "coordinates": [[[100.025442, 1.857685], [100.02427, 1.856359], [100.024231, 1.856361], [100.023284, 1.857132], [100.023573, 1.857954], [100.023972, 1.858974], [100.024376, 1.858977], [100.025442, 1.857685]]]}}, {"type": "Feature", "properties": {"division_code": 2, "block_code": 55, "block_label": "2-55", "planted_ha": 4.29, "palms": 560, "planted_year": 2017, "abw_kg": 19.7, "rotation_target_days": 10, "gang_code": "", "road_condition": "poor", "bunches_per_day": 21.2, "centroid_lon": 100.026893, "centroid_lat": 1.857199, "estate": "MSUM"}, "geometry": {"type": "Polygon", "coordinates": [[[100.028137, 1.857146], [100.027136, 1.855965], [100.026759, 1.855926], [100.026168, 1.856782], [100.025595, 1.857676], [100.026607, 1.858265], [100.027353, 1.858153], [100.028137, 1.857146]]]}}, {"type": "Feature", "properties": {"division_code": 2, "block_code": 56, "block_label": "2-56", "planted_ha": 3.64, "palms": 494, "planted_year": 2018, "abw_kg": 17.3, "rotation_target_days": 10, "gang_code": "", "road_condition": "fair", "bunches_per_day": 18.8, "centroid_lon": 100.029688, "centroid_lat": 1.856903, "estate": "MSUM"}, "geometry": {"type": "Polygon", "coordinates": [[[100.030749, 1.857293], [100.029824, 1.855471], [100.029723, 1.855495], [100.028544, 1.857153], [100.029735, 1.858084], [100.030749, 1.857293]]]}}, {"type": "Feature", "properties": {"division_code": 2, "block_code": 57, "block_label": "2-57", "planted_ha": 3.54, "palms": 465, "planted_year": 2017, "abw_kg": 19.2, "rotation_target_days": 10, "gang_code": "", "road_condition": "fair", "bunches_per_day": 15.9, "centroid_lon": 100.032268, "centroid_lat": 1.857368, "estate": "MSUM"}, "geometry": {"type": "Polygon", "coordinates": [[[100.032632, 1.858646], [100.033091, 1.857451], [100.03256, 1.856037], [100.0324, 1.855923], [100.031253, 1.857248], [100.032212, 1.858677], [100.032632, 1.858646]]]}}, {"type": "Feature", "properties": {"division_code": 2, "block_code": 58, "block_label": "2-58", "planted_ha": 3.3, "palms": 433, "planted_year": 2014, "abw_kg": 22.5, "rotation_target_days": 10, "gang_code": "", "road_condition": "good", "bunches_per_day": 16.8, "centroid_lon": 100.009193, "centroid_lat": 1.856001, "estate": "MSUM"}, "geometry": {"type": "Polygon", "coordinates": [[[100.010189, 1.856063], [100.009352, 1.85454], [100.008331, 1.856134], [100.008252, 1.85675], [100.009183, 1.857113], [100.010189, 1.856063]]]}}, {"type": "Feature", "properties": {"division_code": 2, "block_code": 59, "block_label": "2-59", "planted_ha": 3.85, "palms": 531, "planted_year": 2013, "abw_kg": 22.3, "rotation_target_days": 10, "gang_code": "", "road_condition": "good", "bunches_per_day": 18.5, "centroid_lon": 100.01191, "centroid_lat": 1.856134, "estate": "MSUM"}, "geometry": {"type": "Polygon", "coordinates": [[[100.012061, 1.857444], [100.012964, 1.85579], [100.012303, 1.85502], [100.011828, 1.85493], [100.010829, 1.856057], [100.011704, 1.857471], [100.012061, 1.857444]]]}}, {"type": "Feature", "properties": {"division_code": 2, "block_code": 60, "block_label": "2-60", "planted_ha": 4.53, "palms": 614, "planted_year": 2013, "abw_kg": 22.3, "rotation_target_days": 10, "gang_code": "", "road_condition": "good", "bunches_per_day": 24.3, "centroid_lon": 100.014961, "centroid_lat": 1.856126, "estate": "MSUM"}, "geometry": {"type": "Polygon", "coordinates": [[[100.016088, 1.856206], [100.016152, 1.855804], [100.015098, 1.854856], [100.014904, 1.85485], [100.013754, 1.855969], [100.014488, 1.857324], [100.015044, 1.857403], [100.016088, 1.856206]]]}}, {"type": "Feature", "properties": {"division_code": 2, "block_code": 61, "block_label": "2-61", "planted_ha": 4.65, "palms": 629, "planted_year": 2012, "abw_kg": 22.6, "rotation_target_days": 10, "gang_code": "", "road_condition": "fair", "bunches_per_day": 24.8, "centroid_lon": 100.017459, "centroid_lat": 1.856228, "estate": "MSUM"}, "geometry": {"type": "Polygon", "coordinates": [[[100.018807, 1.855927], [100.017463, 1.855083], [100.016188, 1.855808], [100.016124, 1.856207], [100.016726, 1.856825], [100.017515, 1.857581], [100.018816, 1.856183], [100.018807, 1.855927]]]}}, {"type": "Feature", "properties": {"division_code": 2, "block_code": 62, "block_label": "2-62", "planted_ha": 4.35, "palms": 593, "planted_year": 2013, "abw_kg": 21.8, "rotation_target_days": 10, "gang_code": "", "road_condition": "good", "bunches_per_day": 21.0, "centroid_lon": 100.020091, "centroid_lat": 1.856338, "estate": "MSUM"}, "geometry": {"type": "Polygon", "coordinates": [[[100.019854, 1.855102], [100.018843, 1.855925], [100.018852, 1.856183], [100.019983, 1.857524], [100.020335, 1.857504], [100.021528, 1.856426], [100.019854, 1.855102]]]}}, {"type": "Feature", "properties": {"division_code": 2, "block_code": 63, "block_label": "2-63", "planted_ha": 3.76, "palms": 495, "planted_year": 2015, "abw_kg": 21.4, "rotation_target_days": 10, "gang_code": "", "road_condition": "fair", "bunches_per_day": 18.6, "centroid_lon": 100.022912, "centroid_lat": 1.856153, "estate": "MSUM"}, "geometry": {"type": "Polygon", "coordinates": [[[100.024198, 1.856342], [100.022833, 1.854952], [100.022497, 1.854994], [100.021818, 1.85639], [100.022441, 1.857061], [100.023257, 1.857108], [100.024198, 1.856342]]]}}, {"type": "Feature", "properties": {"division_code": 2, "block_code": 64, "block_label": "2-64", "planted_ha": 4.16, "palms": 575, "planted_year": 2017, "abw_kg": 19.3, "rotation_target_days": 10, "gang_code": "", "road_condition": "fair", "bunches_per_day": 20.8, "centroid_lon": 100.0255, "centroid_lat": 1.856256, "estate": "MSUM"}, "geometry": {"type": "Polygon", "coordinates": [[[100.02556, 1.857664], [100.026138, 1.856762], [100.026726, 1.85591], [100.025712, 1.855115], [100.025295, 1.855074], [100.024301, 1.85634], [100.025473, 1.857666], [100.02556, 1.857664]]]}}, {"type": "Feature", "properties": {"division_code": 2, "block_code": 65, "block_label": "2-65", "planted_ha": 4.13, "palms": 567, "planted_year": 2018, "abw_kg": 18.4, "rotation_target_days": 10, "gang_code": "", "road_condition": "fair", "bunches_per_day": 18.5, "centroid_lon": 100.028379, "centroid_lat": 1.855895, "estate": "MSUM"}, "geometry": {"type": "Polygon", "coordinates": [[[100.029686, 1.855486], [100.028304, 1.854757], [100.028066, 1.854804], [100.027168, 1.855947], [100.028169, 1.857128], [100.02851, 1.857139], [100.029686, 1.855486]]]}}, {"type": "Feature", "properties": {"division_code": 2, "block_code": 66, "block_label": "2-66", "planted_ha": 4.85, "palms": 644, "planted_year": 2018, "abw_kg": 17.5, "rotation_target_days": 10, "gang_code": "", "road_condition": "poor", "bunches_per_day": 23.5, "centroid_lon": 100.031082, "centroid_lat": 1.85588, "estate": "MSUM"}, "geometry": {"type": "Polygon", "coordinates": [[[100.032342, 1.855708], [100.031153, 1.854631], [100.030754, 1.854634], [100.029855, 1.855454], [100.030782, 1.857279], [100.031222, 1.85723], [100.032378, 1.855894], [100.032342, 1.855708]]]}}, {"type": "Feature", "properties": {"division_code": 2, "block_code": 67, "block_label": "2-67", "planted_ha": 4.74, "palms": 627, "planted_year": 2013, "abw_kg": 21.4, "rotation_target_days": 10, "gang_code": "", "road_condition": "good", "bunches_per_day": 23.9, "centroid_lon": 100.021223, "centroid_lat": 1.855054, "estate": "MSUM"}, "geometry": {"type": "Polygon", "coordinates": [[[100.022464, 1.854981], [100.021242, 1.853737], [100.020097, 1.854506], [100.019875, 1.855073], [100.021561, 1.856407], [100.021785, 1.856377], [100.022464, 1.854981]]]}}, {"type": "Feature", "properties": {"division_code": 2, "block_code": 68, "block_label": "2-68", "planted_ha": 4.02, "palms": 539, "planted_year": 2016, "abw_kg": 20.7, "rotation_target_days": 10, "gang_code": "", "road_condition": "good", "bunches_per_day": 20.3, "centroid_lon": 100.024127, "centroid_lat": 1.854986, "estate": "MSUM"}, "geometry": {"type": "Polygon", "coordinates": [[[100.025264, 1.855054], [100.02437, 1.853761], [100.024127, 1.853753], [100.02349, 1.854326], [100.022865, 1.854933], [100.024232, 1.856325], [100.024269, 1.856323], [100.025264, 1.855054]]]}}, {"type": "Feature", "properties": {"division_code": 3, "block_code": 1, "block_label": "3-1", "planted_ha": 4.09, "palms": 550, "planted_year": 2013, "abw_kg": 21.6, "rotation_target_days": 10, "gang_code": "", "road_condition": "poor", "bunches_per_day": 20.5, "centroid_lon": 100.010568, "centroid_lat": 1.854886, "estate": "MSUM"}, "geometry": {"type": "Polygon", "coordinates": [[[100.011798, 1.85491], [100.010702, 1.853692], [100.010514, 1.853699], [100.009385, 1.854524], [100.010222, 1.856047], [100.010799, 1.856037], [100.011798, 1.85491]]]}}, {"type": "Feature", "properties": {"division_code": 3, "block_code": 2, "block_label": "3-2", "planted_ha": 4.17, "palms": 545, "planted_year": 2013, "abw_kg": 22.1, "rotation_target_days": 10, "gang_code": "", "road_condition": "fair", "bunches_per_day": 20.5, "centroid_lon": 100.013594, "centroid_lat": 1.854844, "estate": "MSUM"}, "geometry": {"type": "Polygon", "coordinates": [[[100.014873, 1.85483], [100.014012, 1.853723], [100.013154, 1.853939], [100.012336, 1.855003], [100.012996, 1.855771], [100.013726, 1.855946], [100.014873, 1.85483]]]}}, {"type": "Feature", "properties": {"division_code": 3, "block_code": 3, "block_label": "3-3", "planted_ha": 3.71, "palms": 504, "planted_year": 2013, "abw_kg": 22.2, "rotation_target_days": 10, "gang_code": "", "road_condition": "fair", "bunches_per_day": 20.0, "centroid_lon": 100.016316, "centroid_lat": 1.85468, "estate": "MSUM"}, "geometry": {"type": "Polygon", "coordinates": [[[100.017445, 1.855051], [100.017442, 1.854672], [100.016448, 1.85359], [100.01601, 1.853592], [100.015129, 1.854835], [100.016173, 1.855775], [100.017445, 1.855051]]]}}, {"type": "Feature", "properties": {"division_code": 3, "block_code": 4, "block_label": "3-4", "planted_ha": 4.68, "palms": 624, "planted_year": 2013, "abw_kg": 22.1, "rotation_target_days": 10, "gang_code": "", "road_condition": "good", "bunches_per_day": 23.7, "centroid_lon": 100.018738, "centroid_lat": 1.854678, "estate": "MSUM"}, "geometry": {"type": "Polygon", "coordinates": [[[100.019839, 1.855068], [100.020061, 1.854499], [100.019124, 1.853648], [100.018232, 1.853624], [100.017478, 1.85467], [100.017481, 1.855052], [100.018823, 1.855895], [100.019839, 1.855068]]]}}, {"type": "Feature", "properties": {"division_code": 3, "block_code": 5, "block_label": "3-5", "planted_ha": 3.67, "palms": 502, "planted_year": 2017, "abw_kg": 19.4, "rotation_target_days": 10, "gang_code": "", "road_condition": "fair", "bunches_per_day": 17.6, "centroid_lon": 100.0269, "centroid_lat": 1.854823, "estate": "MSUM"}, "geometry": {"type": "Polygon", "coordinates": [[[100.028032, 1.854789], [100.027368, 1.854049], [100.026873, 1.853459], [100.025743, 1.855094], [100.026758, 1.855889], [100.027137, 1.855929], [100.028032, 1.854789]]]}}, {"type": "Feature", "properties": {"division_code": 3, "block_code": 6, "block_label": "3-6", "planted_ha": 4.24, "palms": 588, "planted_year": 2018, "abw_kg": 18.4, "rotation_target_days": 10, "gang_code": "", "road_condition": "good", "bunches_per_day": 21.9, "centroid_lon": 100.029542, "centroid_lat": 1.854278, "estate": "MSUM"}, "geometry": {"type": "Polygon", "coordinates": [[[100.030724, 1.854612], [100.029776, 1.852983], [100.029209, 1.853037], [100.028331, 1.854731], [100.029715, 1.85546], [100.029824, 1.855434], [100.030724, 1.854612]]]}}, {"type": "Feature", "properties": {"division_code": 3, "block_code": 7, "block_label": "3-7", "planted_ha": 0.84, "palms": 115, "planted_year": 2017, "abw_kg": 18.6, "rotation_target_days": 10, "gang_code": "", "road_condition": "fair", "bunches_per_day": 3.9, "centroid_lon": 100.031768, "centroid_lat": 1.854791, "estate": "MSUM"}, "geometry": {"type": "Polygon", "coordinates": [[[100.03211, 1.854908], [100.031799, 1.854346], [100.031597, 1.854005], [100.031183, 1.85461], [100.032356, 1.855673], [100.032393, 1.855628], [100.03211, 1.854908]]]}}, {"type": "Feature", "properties": {"division_code": 3, "block_code": 8, "block_label": "3-8", "planted_ha": 4.3, "palms": 592, "planted_year": 2013, "abw_kg": 21.6, "rotation_target_days": 10, "gang_code": "", "road_condition": "good", "bunches_per_day": 22.4, "centroid_lon": 100.011962, "centroid_lat": 1.853731, "estate": "MSUM"}, "geometry": {"type": "Polygon", "coordinates": [[[100.013121, 1.853922], [100.012205, 1.852488], [100.011542, 1.85263], [100.010734, 1.853673], [100.011831, 1.854894], [100.012306, 1.854984], [100.013121, 1.853922]]]}}, {"type": "Feature", "properties": {"division_code": 3, "block_code": 9, "block_label": "3-9", "planted_ha": 3.98, "palms": 538, "planted_year": 2013, "abw_kg": 21.7, "rotation_target_days": 10, "gang_code": "", "road_condition": "fair", "bunches_per_day": 19.2, "centroid_lon": 100.013396, "centroid_lat": 1.852695, "estate": "MSUM"}, "geometry": {"type": "Polygon", "coordinates": [[[100.014005, 1.853688], [100.014428, 1.852384], [100.013423, 1.851402], [100.012237, 1.852471], [100.013151, 1.853902], [100.014005, 1.853688]]]}}, {"type": "Feature", "properties": {"division_code": 3, "block_code": 10, "block_label": "3-10", "planted_ha": 3.54, "palms": 482, "planted_year": 2013, "abw_kg": 22.4, "rotation_target_days": 10, "gang_code": "", "road_condition": "fair", "bunches_per_day": 16.5, "centroid_lon": 100.014954, "centroid_lat": 1.853533, "estate": "MSUM"}, "geometry": {"type": "Polygon", "coordinates": [[[100.015125, 1.852405], [100.014462, 1.852397], [100.014039, 1.853699], [100.014906, 1.854814], [100.015096, 1.85482], [100.015979, 1.853573], [100.015125, 1.852405]]]}}, {"type": "Feature", "properties": {"division_code": 3, "block_code": 11, "block_label": "3-11", "planted_ha": 2.82, "palms": 371, "planted_year": 2013, "abw_kg": 22.1, "rotation_target_days": 10, "gang_code": "", "road_condition": "good", "bunches_per_day": 12.9, "centroid_lon": 100.017421, "centroid_lat": 1.853401, "estate": "MSUM"}, "geometry": {"type": "Polygon", "coordinates": [[[100.017701, 1.852087], [100.017579, 1.852085], [100.016479, 1.85357], [100.017458, 1.854636], [100.018203, 1.853603], [100.017701, 1.852087]]]}}, {"type": "Feature", "properties": {"division_code": 3, "block_code": 12, "block_label": "3-12", "planted_ha": 4.39, "palms": 599, "planted_year": 2012, "abw_kg": 22.5, "rotation_target_days": 10, "gang_code": "", "road_condition": "good", "bunches_per_day": 20.8, "centroid_lon": 100.020178, "centroid_lat": 1.85314, "estate": "MSUM"}, "geometry": {"type": "Polygon", "coordinates": [[[100.021289, 1.853451], [100.020379, 1.851772], [100.019697, 1.851838], [100.019152, 1.853624], [100.020084, 1.854471], [100.021228, 1.853703], [100.021289, 1.853451]]]}}, {"type": "Feature", "properties": {"division_code": 3, "block_code": 13, "block_label": "3-13", "planted_ha": 4.64, "palms": 611, "planted_year": 2014, "abw_kg": 22.2, "rotation_target_days": 10, "gang_code": "", "road_condition": "good", "bunches_per_day": 22.1, "centroid_lon": 100.022648, "centroid_lat": 1.853746, "estate": "MSUM"}, "geometry": {"type": "Polygon", "coordinates": [[[100.023465, 1.854299], [100.024094, 1.853734], [100.02281, 1.852529], [100.022069, 1.85297], [100.021323, 1.853459], [100.021264, 1.853708], [100.022492, 1.854959], [100.022832, 1.854915], [100.023465, 1.854299]]]}}, {"type": "Feature", "properties": {"division_code": 3, "block_code": 14, "block_label": "3-14", "planted_ha": 4.37, "palms": 573, "planted_year": 2015, "abw_kg": 21.9, "rotation_target_days": 10, "gang_code": "", "road_condition": "good", "bunches_per_day": 22.9, "centroid_lon": 100.025605, "centroid_lat": 1.853764, "estate": "MSUM"}, "geometry": {"type": "Polygon", "coordinates": [[[100.026853, 1.853424], [100.026846, 1.85327], [100.025434, 1.852509], [100.024402, 1.853744], [100.025297, 1.855038], [100.02571, 1.855079], [100.026853, 1.853424]]]}}, {"type": "Feature", "properties": {"division_code": 3, "block_code": 15, "block_label": "3-15", "planted_ha": 3.83, "palms": 510, "planted_year": 2016, "abw_kg": 20.9, "rotation_target_days": 10, "gang_code": "", "road_condition": "fair", "bunches_per_day": 18.2, "centroid_lon": 100.028033, "centroid_lat": 1.853466, "estate": "MSUM"}, "geometry": {"type": "Polygon", "coordinates": [[[100.028295, 1.852467], [100.027798, 1.85243], [100.026882, 1.853267], [100.026889, 1.853422], [100.027395, 1.854026], [100.028062, 1.854768], [100.028294, 1.854722], [100.029174, 1.853027], [100.028295, 1.852467]]]}}, {"type": "Feature", "properties": {"division_code": 3, "block_code": 16, "block_label": "3-16", "planted_ha": 3.34, "palms": 455, "planted_year": 2017, "abw_kg": 19.8, "rotation_target_days": 10, "gang_code": "", "road_condition": "good", "bunches_per_day": 17.2, "centroid_lon": 100.030761, "centroid_lat": 1.853297, "estate": "MSUM"}, "geometry": {"type": "Polygon", "coordinates": [[[100.031285, 1.853441], [100.031398, 1.85254], [100.030719, 1.852018], [100.030571, 1.852047], [100.029808, 1.852966], [100.030757, 1.854598], [100.03115, 1.854595], [100.031577, 1.853971], [100.031303, 1.85351], [100.031307, 1.853479], [100.031285, 1.853441]]]}}, {"type": "Feature", "properties": {"division_code": 3, "block_code": 17, "block_label": "3-17", "planted_ha": 3.46, "palms": 475, "planted_year": 2012, "abw_kg": 21.8, "rotation_target_days": 10, "gang_code": "", "road_condition": "good", "bunches_per_day": 16.0, "centroid_lon": 100.010573, "centroid_lat": 1.852402, "estate": "MSUM"}, "geometry": {"type": "Polygon", "coordinates": [[[100.011511, 1.852611], [100.010749, 1.85099], [100.010571, 1.851098], [100.009571, 1.8524], [100.009617, 1.852542], [100.010516, 1.853663], [100.010701, 1.853656], [100.011511, 1.852611]]]}}, {"type": "Feature", "properties": {"division_code": 3, "block_code": 18, "block_label": "3-18", "planted_ha": 4.51, "palms": 590, "planted_year": 2012, "abw_kg": 22.2, "rotation_target_days": 10, "gang_code": "", "road_condition": "good", "bunches_per_day": 20.5, "centroid_lon": 100.01203, "centroid_lat": 1.851368, "estate": "MSUM"}, "geometry": {"type": "Polygon", "coordinates": [[[100.013405, 1.851369], [100.013398, 1.851274], [100.012108, 1.850142], [100.012064, 1.850143], [100.011963, 1.850241], [100.010963, 1.850846], [100.010781, 1.850975], [100.011542, 1.852593], [100.012205, 1.852451], [100.013405, 1.851369]]]}}, {"type": "Feature", "properties": {"division_code": 3, "block_code": 19, "block_label": "3-19", "planted_ha": 5.32, "palms": 709, "planted_year": 2012, "abw_kg": 22.0, "rotation_target_days": 10, "gang_code": "", "road_condition": "good", "bunches_per_day": 24.3, "centroid_lon": 100.014892, "centroid_lat": 1.851235, "estate": "MSUM"}, "geometry": {"type": "Polygon", "coordinates": [[[100.016376, 1.851354], [100.016256, 1.850889], [100.014633, 1.849912], [100.013434, 1.851271], [100.013441, 1.851369], [100.014456, 1.852361], [100.015128, 1.852369], [100.016376, 1.851354]]]}}, {"type": "Feature", "properties": {"division_code": 3, "block_code": 20, "block_label": "3-20", "planted_ha": 3.51, "palms": 486, "planted_year": 2013, "abw_kg": 21.5, "rotation_target_days": 10, "gang_code": "", "road_condition": "fair", "bunches_per_day": 16.4, "centroid_lon": 100.016332, "centroid_lat": 1.852461, "estate": "MSUM"}, "geometry": {"type": "Polygon", "coordinates": [[[100.017544, 1.852072], [100.016398, 1.851382], [100.015159, 1.85239], [100.01601, 1.853555], [100.016447, 1.853553], [100.017544, 1.852072]]]}}, {"type": "Feature", "properties": {"division_code": 3, "block_code": 21, "block_label": "3-21", "planted_ha": 3.46, "palms": 465, "planted_year": 2012, "abw_kg": 22.5, "rotation_target_days": 10, "gang_code": "", "road_condition": "good", "bunches_per_day": 15.7, "centroid_lon": 100.018702, "centroid_lat": 1.852514, "estate": "MSUM"}, "geometry": {"type": "Polygon", "coordinates": [[[100.019662, 1.851832], [100.018703, 1.851429], [100.017735, 1.852077], [100.018236, 1.853588], [100.019118, 1.853612], [100.019662, 1.851832]]]}}, {"type": "Feature", "properties": {"division_code": 3, "block_code": 22, "block_label": "3-22", "planted_ha": 4.85, "palms": 643, "planted_year": 2013, "abw_kg": 22.5, "rotation_target_days": 10, "gang_code": "", "road_condition": "good", "bunches_per_day": 23.1, "centroid_lon": 100.021639, "centroid_lat": 1.852016, "estate": "MSUM"}, "geometry": {"type": "Polygon", "coordinates": [[[100.02293, 1.851796], [100.021291, 1.850641], [100.020411, 1.851755], [100.021314, 1.853422], [100.02205, 1.852939], [100.022796, 1.852496], [100.02293, 1.851796]]]}}, {"type": "Feature", "properties": {"division_code": 3, "block_code": 23, "block_label": "3-23", "planted_ha": 4.73, "palms": 641, "planted_year": 2014, "abw_kg": 22.4, "rotation_target_days": 10, "gang_code": "", "road_condition": "good", "bunches_per_day": 22.3, "centroid_lon": 100.024062, "centroid_lat": 1.852424, "estate": "MSUM"}, "geometry": {"type": "Polygon", "coordinates": [[[100.025408, 1.852484], [100.024255, 1.851278], [100.023865, 1.851236], [100.022966, 1.851799], [100.022832, 1.852501], [100.024128, 1.853717], [100.024371, 1.853725], [100.025408, 1.852484]]]}}, {"type": "Feature", "properties": {"division_code": 3, "block_code": 24, "block_label": "3-24", "planted_ha": 4.35, "palms": 600, "planted_year": 2015, "abw_kg": 22.5, "rotation_target_days": 10, "gang_code": "", "road_condition": "good", "bunches_per_day": 22.3, "centroid_lon": 100.026746, "centroid_lat": 1.851977, "estate": "MSUM"}, "geometry": {"type": "Polygon", "coordinates": [[[100.026861, 1.853237], [100.027772, 1.852406], [100.027271, 1.850617], [100.026736, 1.850602], [100.025452, 1.852478], [100.026861, 1.853237]]]}}, {"type": "Feature", "properties": {"division_code": 3, "block_code": 25, "block_label": "3-25", "planted_ha": 3.44, "palms": 452, "planted_year": 2015, "abw_kg": 22.4, "rotation_target_days": 10, "gang_code": "", "road_condition": "good", "bunches_per_day": 16.7, "centroid_lon": 100.029445, "centroid_lat": 1.852015, "estate": "MSUM"}, "geometry": {"type": "Polygon", "coordinates": [[[100.029434, 1.850651], [100.028325, 1.852443], [100.029202, 1.853001], [100.029777, 1.852947], [100.030537, 1.85203], [100.029434, 1.850651]]]}}, {"type": "Feature", "properties": {"division_code": 3, "block_code": 26, "block_label": "3-26", "planted_ha": 3.84, "palms": 501, "planted_year": 2012, "abw_kg": 21.7, "rotation_target_days": 10, "gang_code": "", "road_condition": "good", "bunches_per_day": 18.8, "centroid_lon": 100.013421, "centroid_lat": 1.849994, "estate": "MSUM"}, "geometry": {"type": "Polygon", "coordinates": [[[100.014611, 1.849882], [100.0146, 1.849773], [100.013596, 1.848768], [100.01226, 1.849955], [100.01219, 1.850022], [100.012137, 1.85012], [100.013414, 1.85124], [100.014611, 1.849882]]]}}, {"type": "Feature", "properties": {"division_code": 3, "block_code": 27, "block_label": "3-27", "planted_ha": 5.04, "palms": 677, "planted_year": 2012, "abw_kg": 21.5, "rotation_target_days": 10, "gang_code": "", "road_condition": "good", "bunches_per_day": 23.7, "centroid_lon": 100.017545, "centroid_lat": 1.850816, "estate": "MSUM"}, "geometry": {"type": "Polygon", "coordinates": [[[100.018684, 1.851399], [100.018725, 1.850665], [100.017692, 1.849488], [100.017157, 1.849559], [100.016291, 1.85088], [100.016412, 1.851348], [100.017575, 1.852048], [100.017708, 1.852051], [100.018684, 1.851399]]]}}, {"type": "Feature", "properties": {"division_code": 3, "block_code": 28, "block_label": "3-28", "planted_ha": 4.97, "palms": 661, "planted_year": 2013, "abw_kg": 22.1, "rotation_target_days": 10, "gang_code": "", "road_condition": "good", "bunches_per_day": 24.4, "centroid_lon": 100.019968, "centroid_lat": 1.850679, "estate": "MSUM"}, "geometry": {"type": "Polygon", "coordinates": [[[100.02127, 1.85061], [100.021274, 1.850523], [100.020315, 1.84931], [100.020102, 1.84928], [100.018761, 1.850666], [100.01872, 1.851397], [100.019686, 1.851803], [100.02038, 1.851736], [100.02127, 1.85061]]]}}, {"type": "Feature", "properties": {"division_code": 3, "block_code": 29, "block_label": "3-29", "planted_ha": 3.8, "palms": 508, "planted_year": 2013, "abw_kg": 21.5, "rotation_target_days": 10, "gang_code": "", "road_condition": "good", "bunches_per_day": 17.4, "centroid_lon": 100.02268, "centroid_lat": 1.85066, "estate": "MSUM"}, "geometry": {"type": "Polygon", "coordinates": [[[100.023163, 1.849672], [100.022379, 1.849713], [100.02131, 1.850527], [100.021306, 1.850608], [100.02295, 1.851766], [100.023838, 1.85121], [100.023163, 1.849672]]]}}, {"type": "Feature", "properties": {"division_code": 3, "block_code": 30, "block_label": "3-30", "planted_ha": 3.9, "palms": 538, "planted_year": 2012, "abw_kg": 21.7, "rotation_target_days": 10, "gang_code": "", "road_condition": "poor", "bunches_per_day": 19.9, "centroid_lon": 100.024208, "centroid_lat": 1.849935, "estate": "MSUM"}, "geometry": {"type": "Polygon", "coordinates": [[[100.025414, 1.849763], [100.023978, 1.848621], [100.023196, 1.849656], [100.023873, 1.8512], [100.024255, 1.851241], [100.025414, 1.849763]]]}}, {"type": "Feature", "properties": {"division_code": 3, "block_code": 31, "block_label": "3-31", "planted_ha": 4.08, "palms": 542, "planted_year": 2013, "abw_kg": 22.0, "rotation_target_days": 10, "gang_code": "", "road_condition": "fair", "bunches_per_day": 20.0, "centroid_lon": 100.025488, "centroid_lat": 1.851017, "estate": "MSUM"}, "geometry": {"type": "Polygon", "coordinates": [[[100.025673, 1.849773], [100.025448, 1.849778], [100.024287, 1.851259], [100.025427, 1.852452], [100.026702, 1.850588], [100.025673, 1.849773]]]}}, {"type": "Feature", "properties": {"division_code": 3, "block_code": 32, "block_label": "3-32", "planted_ha": 4.1, "palms": 549, "planted_year": 2015, "abw_kg": 21.6, "rotation_target_days": 10, "gang_code": "", "road_condition": "good", "bunches_per_day": 20.8, "centroid_lon": 100.028294, "centroid_lat": 1.851028, "estate": "MSUM"}, "geometry": {"type": "Polygon", "coordinates": [[[100.029414, 1.850616], [100.029377, 1.850427], [100.028382, 1.849754], [100.027305, 1.850606], [100.027806, 1.852395], [100.028291, 1.85243], [100.029414, 1.850616]]]}}, {"type": "Feature", "properties": {"division_code": 3, "block_code": 33, "block_label": "3-33", "planted_ha": 3.69, "palms": 496, "planted_year": 2015, "abw_kg": 22.0, "rotation_target_days": 10, "gang_code": "", "road_condition": "good", "bunches_per_day": 19.8, "centroid_lon": 100.030609, "centroid_lat": 1.850783, "estate": "MSUM"}, "geometry": {"type": "Polygon", "coordinates": [[[100.031544, 1.851162], [100.031593, 1.850679], [100.03128, 1.850089], [100.030916, 1.849717], [100.030734, 1.849718], [100.029413, 1.850426], [100.02945, 1.850612], [100.030568, 1.85201], [100.030715, 1.851982], [100.031544, 1.851162]]]}}, {"type": "Feature", "properties": {"division_code": 3, "block_code": 34, "block_label": "3-34", "planted_ha": 3.2, "palms": 429, "planted_year": 2010, "abw_kg": 21.6, "rotation_target_days": 10, "gang_code": "", "road_condition": "good", "bunches_per_day": 16.1, "centroid_lon": 100.014681, "centroid_lat": 1.848515, "estate": "MSUM"}, "geometry": {"type": "Polygon", "coordinates": [[[100.015163, 1.849084], [100.015706, 1.848391], [100.014894, 1.847336], [100.01476, 1.847314], [100.014676, 1.847373], [100.013619, 1.84874], [100.014616, 1.849738], [100.015163, 1.849084]]]}}, {"type": "Feature", "properties": {"division_code": 3, "block_code": 35, "block_label": "3-35", "planted_ha": 4.19, "palms": 581, "planted_year": 2012, "abw_kg": 21.7, "rotation_target_days": 10, "gang_code": "", "road_condition": "poor", "bunches_per_day": 21.3, "centroid_lon": 100.015934, "centroid_lat": 1.849598, "estate": "MSUM"}, "geometry": {"type": "Polygon", "coordinates": [[[100.017124, 1.849544], [100.016149, 1.848404], [100.015737, 1.848409], [100.015191, 1.849107], [100.014636, 1.849771], [100.014646, 1.849878], [100.016266, 1.850853], [100.017124, 1.849544]]]}}, {"type": "Feature", "properties": {"division_code": 3, "block_code": 36, "block_label": "3-36", "planted_ha": 3.75, "palms": 506, "planted_year": 2013, "abw_kg": 22.1, "rotation_target_days": 10, "gang_code": "", "road_condition": "fair", "bunches_per_day": 17.8, "centroid_lon": 100.018854, "centroid_lat": 1.849341, "estate": "MSUM"}, "geometry": {"type": "Polygon", "coordinates": [[[100.02007, 1.849261], [100.018941, 1.848165], [100.018685, 1.848159], [100.017722, 1.849468], [100.018744, 1.850632], [100.02007, 1.849261]]]}}, {"type": "Feature", "properties": {"division_code": 3, "block_code": 37, "block_label": "3-37", "planted_ha": 3.45, "palms": 453, "planted_year": 2013, "abw_kg": 21.9, "rotation_target_days": 10, "gang_code": "", "road_condition": "good", "bunches_per_day": 16.9, "centroid_lon": 100.021409, "centroid_lat": 1.849247, "estate": "MSUM"}, "geometry": {"type": "Polygon", "coordinates": [[[100.022351, 1.849689], [100.021722, 1.847909], [100.021517, 1.847921], [100.020348, 1.849294], [100.021296, 1.850492], [100.022351, 1.849689]]]}}, {"type": "Feature", "properties": {"division_code": 3, "block_code": 38, "block_label": "3-38", "planted_ha": 3.72, "palms": 487, "planted_year": 2012, "abw_kg": 22.2, "rotation_target_days": 10, "gang_code": "", "road_condition": "fair", "bunches_per_day": 17.5, "centroid_lon": 100.022786, "centroid_lat": 1.848571, "estate": "MSUM"}, "geometry": {"type": "Polygon", "coordinates": [[[100.023953, 1.848568], [100.022624, 1.847373], [100.021756, 1.847898], [100.022384, 1.849676], [100.023166, 1.849636], [100.023956, 1.84859], [100.023953, 1.848568]]]}}, {"type": "Feature", "properties": {"division_code": 3, "block_code": 39, "block_label": "3-39", "planted_ha": 3.98, "palms": 528, "planted_year": 2013, "abw_kg": 22.5, "rotation_target_days": 10, "gang_code": "", "road_condition": "fair", "bunches_per_day": 20.0, "centroid_lon": 100.025253, "centroid_lat": 1.8485, "estate": "MSUM"}, "geometry": {"type": "Polygon", "coordinates": [[[100.026344, 1.84839], [100.025283, 1.847151], [100.024424, 1.848071], [100.023989, 1.848565], [100.023991, 1.848585], [100.025445, 1.849742], [100.025668, 1.849737], [100.026344, 1.84839]]]}}, {"type": "Feature", "properties": {"division_code": 3, "block_code": 40, "block_label": "3-40", "planted_ha": 4.74, "palms": 630, "planted_year": 2013, "abw_kg": 22.2, "rotation_target_days": 10, "gang_code": "", "road_condition": "good", "bunches_per_day": 22.2, "centroid_lon": 100.027017, "centroid_lat": 1.849493, "estate": "MSUM"}, "geometry": {"type": "Polygon", "coordinates": [[[100.028364, 1.849723], [100.028359, 1.849367], [100.027161, 1.848399], [100.026376, 1.848406], [100.025702, 1.84975], [100.026733, 1.850566], [100.027278, 1.850581], [100.028364, 1.849723]]]}}, {"type": "Feature", "properties": {"division_code": 3, "block_code": 41, "block_label": "3-41", "planted_ha": 4.12, "palms": 540, "planted_year": 2013, "abw_kg": 22.4, "rotation_target_days": 10, "gang_code": "", "road_condition": "good", "bunches_per_day": 21.7, "centroid_lon": 100.029507, "centroid_lat": 1.849243, "estate": "MSUM"}, "geometry": {"type": "Polygon", "coordinates": [[[100.030705, 1.849692], [100.029752, 1.847883], [100.029384, 1.847948], [100.028894, 1.848675], [100.028395, 1.849365], [100.0284, 1.849722], [100.029394, 1.850395], [100.030705, 1.849692]]]}}, {"type": "Feature", "properties": {"division_code": 3, "block_code": 42, "block_label": "3-42", "planted_ha": 3.33, "palms": 456, "planted_year": 2011, "abw_kg": 22.2, "rotation_target_days": 10, "gang_code": "", "road_condition": "good", "bunches_per_day": 17.1, "centroid_lon": 100.016073, "centroid_lat": 1.84733, "estate": "MSUM"}, "geometry": {"type": "Polygon", "coordinates": [[[100.016271, 1.846289], [100.015167, 1.847028], [100.014927, 1.847319], [100.015737, 1.848373], [100.016148, 1.848367], [100.017273, 1.847025], [100.016271, 1.846289]]]}}, {"type": "Feature", "properties": {"division_code": 3, "block_code": 43, "block_label": "3-43", "planted_ha": 4.22, "palms": 561, "planted_year": 2012, "abw_kg": 21.7, "rotation_target_days": 10, "gang_code": "", "road_condition": "good", "bunches_per_day": 20.1, "centroid_lon": 100.017406, "centroid_lat": 1.848325, "estate": "MSUM"}, "geometry": {"type": "Polygon", "coordinates": [[[100.017411, 1.847033], [100.017309, 1.847039], [100.01618, 1.848385], [100.017154, 1.849523], [100.017689, 1.849452], [100.018651, 1.848143], [100.017411, 1.847033]]]}}, {"type": "Feature", "properties": {"division_code": 3, "block_code": 44, "block_label": "3-44", "planted_ha": 3.86, "palms": 508, "planted_year": 2012, "abw_kg": 22.2, "rotation_target_days": 10, "gang_code": "", "road_condition": "fair", "bunches_per_day": 20.6, "centroid_lon": 100.020223, "centroid_lat": 1.848094, "estate": "MSUM"}, "geometry": {"type": "Polygon", "coordinates": [[[100.021484, 1.847905], [100.020668, 1.847157], [100.019817, 1.847154], [100.018973, 1.848146], [100.020104, 1.849244], [100.020318, 1.849274], [100.021484, 1.847905]]]}}, {"type": "Feature", "properties": {"division_code": 3, "block_code": 45, "block_label": "3-45", "planted_ha": 4.57, "palms": 625, "planted_year": 2012, "abw_kg": 21.8, "rotation_target_days": 10, "gang_code": "", "road_condition": "good", "bunches_per_day": 24.6, "centroid_lon": 100.023971, "centroid_lat": 1.847194, "estate": "MSUM"}, "geometry": {"type": "Polygon", "coordinates": [[[100.025275, 1.846898], [100.024199, 1.845972], [100.023377, 1.8465], [100.022716, 1.846967], [100.022645, 1.847344], [100.023969, 1.848533], [100.025266, 1.847116], [100.025275, 1.846898]]]}}, {"type": "Feature", "properties": {"division_code": 3, "block_code": 46, "block_label": "3-46", "planted_ha": 4.0, "palms": 538, "planted_year": 2012, "abw_kg": 22.0, "rotation_target_days": 10, "gang_code": "", "road_condition": "fair", "bunches_per_day": 19.2, "centroid_lon": 100.026514, "centroid_lat": 1.847258, "estate": "MSUM"}, "geometry": {"type": "Polygon", "coordinates": [[[100.027517, 1.846966], [100.026889, 1.846168], [100.026507, 1.846168], [100.025311, 1.8469], [100.025302, 1.847117], [100.026374, 1.84837], [100.027153, 1.848363], [100.027517, 1.846966]]]}}, {"type": "Feature", "properties": {"division_code": 3, "block_code": 47, "block_label": "3-47", "planted_ha": 3.81, "palms": 508, "planted_year": 2013, "abw_kg": 22.0, "rotation_target_days": 10, "gang_code": "", "road_condition": "good", "bunches_per_day": 17.6, "centroid_lon": 100.028209, "centroid_lat": 1.848049, "estate": "MSUM"}, "geometry": {"type": "Polygon", "coordinates": [[[100.028756, 1.847214], [100.027549, 1.846983], [100.027188, 1.848374], [100.028374, 1.849333], [100.028865, 1.848654], [100.029351, 1.847933], [100.028756, 1.847214]]]}}, {"type": "Feature", "properties": {"division_code": 3, "block_code": 48, "block_label": "3-48", "planted_ha": 2.65, "palms": 352, "planted_year": 2011, "abw_kg": 21.4, "rotation_target_days": 10, "gang_code": "", "road_condition": "fair", "bunches_per_day": 12.0, "centroid_lon": 100.017294, "centroid_lat": 1.845944, "estate": "MSUM"}, "geometry": {"type": "Polygon", "coordinates": [[[100.018151, 1.845885], [100.017407, 1.844661], [100.016398, 1.846207], [100.016304, 1.846268], [100.017305, 1.847003], [100.017407, 1.846997], [100.018151, 1.845885]]]}}, {"type": "Feature", "properties": {"division_code": 3, "block_code": 49, "block_label": "3-49", "planted_ha": 4.26, "palms": 584, "planted_year": 2011, "abw_kg": 22.1, "rotation_target_days": 10, "gang_code": "", "road_condition": "fair", "bunches_per_day": 22.5, "centroid_lon": 100.018681, "centroid_lat": 1.846894, "estate": "MSUM"}, "geometry": {"type": "Polygon", "coordinates": [[[100.019787, 1.847133], [100.019184, 1.845731], [100.018183, 1.845902], [100.017441, 1.847011], [100.018683, 1.848122], [100.01894, 1.848129], [100.019787, 1.847133]]]}}, {"type": "Feature", "properties": {"division_code": 3, "block_code": 50, "block_label": "3-50", "planted_ha": 3.43, "palms": 459, "planted_year": 2012, "abw_kg": 22.4, "rotation_target_days": 10, "gang_code": "", "road_condition": "fair", "bunches_per_day": 15.8, "centroid_lon": 100.02017, "centroid_lat": 1.846044, "estate": "MSUM"}, "geometry": {"type": "Polygon", "coordinates": [[[100.020661, 1.847121], [100.021126, 1.84564], [100.019905, 1.844848], [100.019216, 1.845713], [100.01982, 1.847118], [100.020661, 1.847121]]]}}, {"type": "Feature", "properties": {"division_code": 3, "block_code": 51, "block_label": "3-51", "planted_ha": 3.66, "palms": 499, "planted_year": 2013, "abw_kg": 21.5, "rotation_target_days": 10, "gang_code": "", "road_condition": "good", "bunches_per_day": 18.7, "centroid_lon": 100.021663, "centroid_lat": 1.846774, "estate": "MSUM"}, "geometry": {"type": "Polygon", "coordinates": [[[100.02261, 1.84734], [100.022681, 1.84696], [100.021858, 1.845612], [100.021161, 1.84565], [100.020695, 1.847133], [100.021515, 1.847885], [100.021728, 1.847872], [100.02261, 1.84734]]]}}, {"type": "Feature", "properties": {"division_code": 3, "block_code": 52, "block_label": "3-52", "planted_ha": 3.98, "palms": 536, "planted_year": 2012, "abw_kg": 21.6, "rotation_target_days": 10, "gang_code": "", "road_condition": "good", "bunches_per_day": 20.3, "centroid_lon": 100.028107, "centroid_lat": 1.846062, "estate": "MSUM"}, "geometry": {"type": "Polygon", "coordinates": [[[100.029095, 1.845604], [100.028081, 1.844742], [100.026921, 1.84615], [100.027546, 1.846946], [100.028751, 1.847177], [100.029095, 1.845604]]]}}, {"type": "Feature", "properties": {"division_code": 3, "block_code": 53, "block_label": "3-53", "planted_ha": 1.64, "palms": 227, "planted_year": 2013, "abw_kg": 22.2, "rotation_target_days": 10, "gang_code": "", "road_condition": "fair", "bunches_per_day": 8.7, "centroid_lon": 100.029325, "centroid_lat": 1.847017, "estate": "MSUM"}, "geometry": {"type": "Polygon", "coordinates": [[[100.03, 1.847679], [100.029892, 1.847475], [100.029351, 1.846149], [100.029121, 1.845652], [100.028785, 1.847193], [100.029381, 1.847912], [100.029754, 1.847846], [100.03, 1.847679]]]}}, {"type": "Feature", "properties": {"division_code": 3, "block_code": 54, "block_label": "3-54", "planted_ha": 4.36, "palms": 575, "planted_year": 2011, "abw_kg": 22.6, "rotation_target_days": 10, "gang_code": "", "road_condition": "good", "bunches_per_day": 23.1, "centroid_lon": 100.018605, "centroid_lat": 1.844745, "estate": "MSUM"}, "geometry": {"type": "Polygon", "coordinates": [[[100.019883, 1.844817], [100.01988, 1.844733], [100.018677, 1.843584], [100.018216, 1.843621], [100.017818, 1.843993], [100.017429, 1.844626], [100.018182, 1.845865], [100.019186, 1.845694], [100.019883, 1.844817]]]}}, {"type": "Feature", "properties": {"division_code": 3, "block_code": 55, "block_label": "3-55", "planted_ha": 4.63, "palms": 638, "planted_year": 2013, "abw_kg": 22.6, "rotation_target_days": 10, "gang_code": "", "road_condition": "good", "bunches_per_day": 24.0, "centroid_lon": 100.021325, "centroid_lat": 1.844554, "estate": "MSUM"}, "geometry": {"type": "Polygon", "coordinates": [[[100.022733, 1.844325], [100.021157, 1.843292], [100.020605, 1.843902], [100.02005, 1.844565], [100.019916, 1.844731], [100.019919, 1.844813], [100.021152, 1.845614], [100.021858, 1.845576], [100.022733, 1.844325]]]}}, {"type": "Feature", "properties": {"division_code": 3, "block_code": 56, "block_label": "3-56", "planted_ha": 4.01, "palms": 551, "planted_year": 2012, "abw_kg": 21.5, "rotation_target_days": 10, "gang_code": "", "road_condition": "fair", "bunches_per_day": 18.6, "centroid_lon": 100.023001, "centroid_lat": 1.845648, "estate": "MSUM"}, "geometry": {"type": "Polygon", "coordinates": [[[100.024087, 1.845419], [100.022771, 1.844338], [100.021889, 1.845594], [100.022705, 1.84693], [100.023357, 1.84647], [100.024181, 1.845941], [100.024087, 1.845419]]]}}, {"type": "Feature", "properties": {"division_code": 3, "block_code": 57, "block_label": "3-57", "planted_ha": 3.99, "palms": 542, "planted_year": 2013, "abw_kg": 21.9, "rotation_target_days": 10, "gang_code": "", "road_condition": "good", "bunches_per_day": 19.9, "centroid_lon": 100.025273, "centroid_lat": 1.845706, "estate": "MSUM"}, "geometry": {"type": "Polygon", "coordinates": [[[100.026477, 1.846144], [100.025651, 1.844605], [100.024936, 1.844709], [100.024123, 1.845417], [100.024218, 1.84594], [100.025295, 1.846868], [100.026477, 1.846144]]]}}, {"type": "Feature", "properties": {"division_code": 3, "block_code": 58, "block_label": "3-58", "planted_ha": 4.54, "palms": 606, "planted_year": 2013, "abw_kg": 22.0, "rotation_target_days": 10, "gang_code": "", "road_condition": "good", "bunches_per_day": 20.0, "centroid_lon": 100.026801, "centroid_lat": 1.844778, "estate": "MSUM"}, "geometry": {"type": "Polygon", "coordinates": [[[100.028061, 1.84471], [100.028057, 1.844504], [100.026683, 1.843557], [100.026207, 1.843624], [100.025682, 1.844585], [100.026512, 1.846132], [100.026889, 1.846132], [100.028061, 1.84471]]]}}, {"type": "Feature", "properties": {"division_code": 3, "block_code": 59, "block_label": "3-59", "planted_ha": 4.39, "palms": 608, "planted_year": 2012, "abw_kg": 22.2, "rotation_target_days": 10, "gang_code": "", "road_condition": "good", "bunches_per_day": 23.4, "centroid_lon": 100.019918, "centroid_lat": 1.843291, "estate": "MSUM"}, "geometry": {"type": "Polygon", "coordinates": [[[100.020578, 1.843878], [100.021135, 1.843262], [100.021116, 1.843152], [100.019995, 1.84191], [100.019808, 1.841918], [100.019188, 1.842814], [100.018707, 1.843563], [100.019896, 1.844698], [100.020578, 1.843878]]]}}, {"type": "Feature", "properties": {"division_code": 3, "block_code": 60, "block_label": "3-60", "planted_ha": 3.79, "palms": 517, "planted_year": 2012, "abw_kg": 21.9, "rotation_target_days": 10, "gang_code": "", "road_condition": "fair", "bunches_per_day": 20.0, "centroid_lon": 100.022445, "centroid_lat": 1.843118, "estate": "MSUM"}, "geometry": {"type": "Polygon", "coordinates": [[[100.02357, 1.843236], [100.0228, 1.84203], [100.02222, 1.842111], [100.021153, 1.84315], [100.021171, 1.843257], [100.022764, 1.844302], [100.02357, 1.843236]]]}}, {"type": "Feature", "properties": {"division_code": 3, "block_code": 61, "block_label": "3-61", "planted_ha": 3.27, "palms": 451, "planted_year": 2013, "abw_kg": 21.5, "rotation_target_days": 10, "gang_code": "", "road_condition": "good", "bunches_per_day": 15.1, "centroid_lon": 100.023915, "centroid_lat": 1.844249, "estate": "MSUM"}, "geometry": {"type": "Polygon", "coordinates": [[[100.024907, 1.844687], [100.024215, 1.843155], [100.023602, 1.843253], [100.022802, 1.844316], [100.024103, 1.845386], [100.024907, 1.844687]]]}}, {"type": "Feature", "properties": {"division_code": 3, "block_code": 62, "block_label": "3-62", "planted_ha": 2.94, "palms": 403, "planted_year": 2013, "abw_kg": 22.4, "rotation_target_days": 10, "gang_code": "", "road_condition": "good", "bunches_per_day": 13.6, "centroid_lon": 100.025192, "centroid_lat": 1.843643, "estate": "MSUM"}, "geometry": {"type": "Polygon", "coordinates": [[[100.026173, 1.843611], [100.025042, 1.842542], [100.024248, 1.843141], [100.024939, 1.844672], [100.02565, 1.844569], [100.026173, 1.843611]]]}}, {"type": "Feature", "properties": {"division_code": 3, "block_code": 63, "block_label": "3-63", "planted_ha": 2.59, "palms": 352, "planted_year": 2013, "abw_kg": 22.5, "rotation_target_days": 10, "gang_code": "", "road_condition": "fair", "bunches_per_day": 12.7, "centroid_lon": 100.027556, "centroid_lat": 1.843301, "estate": "MSUM"}, "geometry": {"type": "Polygon", "coordinates": [[[100.028397, 1.84411], [100.027992, 1.843139], [100.027482, 1.841779], [100.027447, 1.841779], [100.02671, 1.843532], [100.028072, 1.844471], [100.028397, 1.84411]]]}}, {"type": "Feature", "properties": {"division_code": 3, "block_code": 64, "block_label": "3-64", "planted_ha": 1.17, "palms": 156, "planted_year": 2010, "abw_kg": 22.5, "rotation_target_days": 10, "gang_code": "", "road_condition": "good", "bunches_per_day": 6.2, "centroid_lon": 100.018953, "centroid_lat": 1.842705, "estate": "MSUM"}, "geometry": {"type": "Polygon", "coordinates": [[[100.019158, 1.842794], [100.019773, 1.841905], [100.019466, 1.841699], [100.0187, 1.842633], [100.018162, 1.843455], [100.018219, 1.843585], [100.018674, 1.843548], [100.019158, 1.842794]]]}}, {"type": "Feature", "properties": {"division_code": 3, "block_code": 65, "block_label": "3-65", "planted_ha": 2.97, "palms": 410, "planted_year": 2012, "abw_kg": 22.5, "rotation_target_days": 10, "gang_code": "", "road_condition": "good", "bunches_per_day": 13.8, "centroid_lon": 100.021121, "centroid_lat": 1.842017, "estate": "MSUM"}, "geometry": {"type": "Polygon", "coordinates": [[[100.022188, 1.842092], [100.021563, 1.841192], [100.020523, 1.841292], [100.020026, 1.841892], [100.021134, 1.843118], [100.022188, 1.842092]]]}}, {"type": "Feature", "properties": {"division_code": 3, "block_code": 66, "block_label": "3-66", "planted_ha": 3.51, "palms": 475, "planted_year": 2014, "abw_kg": 21.8, "rotation_target_days": 10, "gang_code": "", "road_condition": "good", "bunches_per_day": 16.6, "centroid_lon": 100.023954, "centroid_lat": 1.842225, "estate": "MSUM"}, "geometry": {"type": "Polygon", "coordinates": [[[100.025026, 1.842509], [100.025075, 1.841953], [100.024609, 1.841586], [100.023917, 1.841456], [100.023212, 1.841334], [100.02283, 1.84201], [100.023601, 1.843217], [100.024218, 1.843118], [100.025026, 1.842509]]]}}, {"type": "Feature", "properties": {"division_code": 3, "block_code": 67, "block_label": "3-67", "planted_ha": 3.96, "palms": 537, "planted_year": 2013, "abw_kg": 22.2, "rotation_target_days": 10, "gang_code": "", "road_condition": "good", "bunches_per_day": 20.9, "centroid_lon": 100.02624, "centroid_lat": 1.842416, "estate": "MSUM"}, "geometry": {"type": "Polygon", "coordinates": [[[100.027413, 1.841767], [100.027012, 1.841458], [100.02548, 1.84176], [100.025388, 1.841741], [100.025111, 1.841954], [100.025062, 1.842511], [100.026201, 1.843588], [100.026675, 1.843522], [100.027413, 1.841767]]]}}, {"type": "Feature", "properties": {"division_code": 3, "block_code": 68, "block_label": "3-68", "planted_ha": 1.11, "palms": 153, "planted_year": 2012, "abw_kg": 22.1, "rotation_target_days": 10, "gang_code": "", "road_condition": "good", "bunches_per_day": 5.3, "centroid_lon": 100.022408, "centroid_lat": 1.841558, "estate": "MSUM"}, "geometry": {"type": "Polygon", "coordinates": [[[100.023174, 1.841327], [100.022102, 1.84114], [100.021604, 1.841188], [100.02222, 1.842074], [100.022798, 1.841994], [100.023174, 1.841327]]]}}, {"type": "Feature", "properties": {"division_code": 1, "block_code": 1, "block_label": "1-1", "planted_ha": 0.83, "palms": 110, "planted_year": 2010, "abw_kg": 21.5, "rotation_target_days": 10, "gang_code": "", "road_condition": "good", "bunches_per_day": 4.5, "centroid_lon": 103.777424, "centroid_lat": -1.509843, "estate": "MJMB"}, "geometry": {"type": "Polygon", "coordinates": [[[103.776997, -1.510218], [103.776981, -1.509456], [103.777055, -1.509455], [103.77799, -1.509504], [103.777699, -1.510287], [103.776997, -1.510218]]]}}, {"type": "Feature", "properties": {"division_code": 1, "block_code": 2, "block_label": "1-2", "planted_ha": 1.95, "palms": 256, "planted_year": 2010, "abw_kg": 22.3, "rotation_target_days": 10, "gang_code": "", "road_condition": "good", "bunches_per_day": 8.6, "centroid_lon": 103.783047, "centroid_lat": -1.509854, "estate": "MJMB"}, "geometry": {"type": "Polygon", "coordinates": [[[103.782052, -1.509395], [103.782457, -1.509365], [103.784156, -1.509337], [103.783035, -1.51075], [103.782843, -1.510717], [103.782052, -1.509395]]]}}, {"type": "Feature", "properties": {"division_code": 1, "block_code": 3, "block_label": "1-3", "planted_ha": 0.94, "palms": 123, "planted_year": 2012, "abw_kg": 21.8, "rotation_target_days": 10, "gang_code": "", "road_condition": "fair", "bunches_per_day": 5.1, "centroid_lon": 103.78549, "centroid_lat": -1.509585, "estate": "MJMB"}, "geometry": {"type": "Polygon", "coordinates": [[[103.784418, -1.509332], [103.78608, -1.509305], [103.786271, -1.509592], [103.785644, -1.510072], [103.784418, -1.509332]]]}}, {"type": "Feature", "properties": {"division_code": 1, "block_code": 4, "block_label": "1-4", "planted_ha": 2.76, "palms": 370, "planted_year": 2009, "abw_kg": 21.6, "rotation_target_days": 10, "gang_code": "", "road_condition": "fair", "bunches_per_day": 14.3, "centroid_lon": 103.777543, "centroid_lat": -1.511334, "estate": "MJMB"}, "geometry": {"type": "Polygon", "coordinates": [[[103.776977, -1.512499], [103.777006, -1.511384], [103.776998, -1.510254], [103.777702, -1.510324], [103.778514, -1.511324], [103.77777, -1.512063], [103.777144, -1.512648], [103.776977, -1.512499]]]}}, {"type": "Feature", "properties": {"division_code": 1, "block_code": 5, "block_label": "1-5", "planted_ha": 3.67, "palms": 506, "planted_year": 2009, "abw_kg": 21.8, "rotation_target_days": 10, "gang_code": "", "road_condition": "good", "bunches_per_day": 16.5, "centroid_lon": 103.778885, "centroid_lat": -1.510311, "estate": "MJMB"}, "geometry": {"type": "Polygon", "coordinates": [[[103.777732, -1.510303], [103.778028, -1.509506], [103.779493, -1.509539], [103.780136, -1.510418], [103.780123, -1.510629], [103.778665, -1.511323], [103.778548, -1.511308], [103.777732, -1.510303]]]}}, {"type": "Feature", "properties": {"division_code": 1, "block_code": 6, "block_label": "1-6", "planted_ha": 4.01, "palms": 551, "planted_year": 2009, "abw_kg": 22.5, "rotation_target_days": 10, "gang_code": "", "road_condition": "fair", "bunches_per_day": 20.5, "centroid_lon": 103.781453, "centroid_lat": -1.51037, "estate": "MJMB"}, "geometry": {"type": "Polygon", "coordinates": [[[103.78074, -1.511166], [103.780159, -1.510633], [103.780172, -1.51042], [103.781075, -1.509472], [103.782011, -1.509399], [103.782806, -1.510724], [103.781661, -1.511219], [103.78074, -1.511166]]]}}, {"type": "Feature", "properties": {"division_code": 1, "block_code": 7, "block_label": "1-7", "planted_ha": 4.81, "palms": 637, "planted_year": 2011, "abw_kg": 21.7, "rotation_target_days": 10, "gang_code": "", "road_condition": "fair", "bunches_per_day": 24.9, "centroid_lon": 103.784346, "centroid_lat": -1.510616, "estate": "MJMB"}, "geometry": {"type": "Polygon", "coordinates": [[[103.783065, -1.51077], [103.784202, -1.509336], [103.78435, -1.509334], [103.785628, -1.510104], [103.785649, -1.510456], [103.784395, -1.511863], [103.783724, -1.511777], [103.783065, -1.51077]]]}}, {"type": "Feature", "properties": {"division_code": 1, "block_code": 8, "block_label": "1-8", "planted_ha": 2.42, "palms": 322, "planted_year": 2012, "abw_kg": 22.2, "rotation_target_days": 10, "gang_code": "", "road_condition": "fair", "bunches_per_day": 10.7, "centroid_lon": 103.786523, "centroid_lat": -1.510785, "estate": "MJMB"}, "geometry": {"type": "Polygon", "coordinates": [[[103.785685, -1.510456], [103.785664, -1.510102], [103.786291, -1.509622], [103.786932, -1.510537], [103.787378, -1.511206], [103.787029, -1.511979], [103.786861, -1.511971], [103.785685, -1.510456]]]}}, {"type": "Feature", "properties": {"division_code": 1, "block_code": 9, "block_label": "1-9", "planted_ha": 3.79, "palms": 506, "planted_year": 2010, "abw_kg": 22.3, "rotation_target_days": 10, "gang_code": "", "road_condition": "fair", "bunches_per_day": 20.4, "centroid_lon": 103.778316, "centroid_lat": -1.512677, "estate": "MJMB"}, "geometry": {"type": "Polygon", "coordinates": [[[103.777163, -1.512679], [103.777795, -1.512089], [103.778545, -1.511344], [103.778656, -1.511358], [103.779376, -1.512921], [103.778569, -1.513823], [103.777211, -1.51311], [103.777163, -1.512679]]]}}, {"type": "Feature", "properties": {"division_code": 1, "block_code": 10, "block_label": "1-10", "planted_ha": 3.84, "palms": 524, "planted_year": 2008, "abw_kg": 22.2, "rotation_target_days": 10, "gang_code": "", "road_condition": "fair", "bunches_per_day": 19.1, "centroid_lon": 103.779824, "centroid_lat": -1.511829, "estate": "MJMB"}, "geometry": {"type": "Polygon", "coordinates": [[[103.778692, -1.51135], [103.780137, -1.510662], [103.780713, -1.511191], [103.780473, -1.512907], [103.779409, -1.512906], [103.778692, -1.51135]]]}}, {"type": "Feature", "properties": {"division_code": 1, "block_code": 11, "block_label": "1-11", "planted_ha": 3.59, "palms": 476, "planted_year": 2009, "abw_kg": 21.8, "rotation_target_days": 10, "gang_code": "", "road_condition": "poor", "bunches_per_day": 19.1, "centroid_lon": 103.781273, "centroid_lat": -1.512458, "estate": "MJMB"}, "geometry": {"type": "Polygon", "coordinates": [[[103.780748, -1.511203], [103.781651, -1.511254], [103.782122, -1.513053], [103.781273, -1.51387], [103.780508, -1.51292], [103.780748, -1.511203]]]}}, {"type": "Feature", "properties": {"division_code": 1, "block_code": 12, "block_label": "1-12", "planted_ha": 3.64, "palms": 491, "planted_year": 2009, "abw_kg": 21.8, "rotation_target_days": 10, "gang_code": "", "road_condition": "good", "bunches_per_day": 16.2, "centroid_lon": 103.782654, "centroid_lat": -1.511859, "estate": "MJMB"}, "geometry": {"type": "Polygon", "coordinates": [[[103.781686, -1.511247], [103.782834, -1.510752], [103.783032, -1.510786], [103.783692, -1.511794], [103.783059, -1.512814], [103.782155, -1.513037], [103.781686, -1.511247]]]}}, {"type": "Feature", "properties": {"division_code": 1, "block_code": 13, "block_label": "1-13", "planted_ha": 3.88, "palms": 537, "planted_year": 2011, "abw_kg": 21.9, "rotation_target_days": 10, "gang_code": "", "road_condition": "fair", "bunches_per_day": 18.0, "centroid_lon": 103.785618, "centroid_lat": -1.511844, "estate": "MJMB"}, "geometry": {"type": "Polygon", "coordinates": [[[103.784426, -1.511882], [103.785667, -1.510491], [103.786827, -1.511986], [103.785702, -1.512974], [103.785373, -1.512967], [103.784426, -1.511882]]]}}, {"type": "Feature", "properties": {"division_code": 1, "block_code": 14, "block_label": "1-14", "planted_ha": 4.72, "palms": 647, "planted_year": 2009, "abw_kg": 22.0, "rotation_target_days": 10, "gang_code": "", "road_condition": "good", "bunches_per_day": 22.5, "centroid_lon": 103.779957, "centroid_lat": -1.513951, "estate": "MJMB"}, "geometry": {"type": "Polygon", "coordinates": [[[103.778592, -1.51385], [103.779406, -1.512943], [103.780481, -1.512944], [103.781253, -1.513903], [103.781246, -1.514242], [103.779799, -1.515245], [103.778611, -1.513911], [103.778592, -1.51385]]]}}, {"type": "Feature", "properties": {"division_code": 1, "block_code": 15, "block_label": "1-15", "planted_ha": 4.71, "palms": 624, "planted_year": 2009, "abw_kg": 22.2, "rotation_target_days": 10, "gang_code": "", "road_condition": "good", "bunches_per_day": 25.4, "centroid_lon": 103.782595, "centroid_lat": -1.514027, "estate": "MJMB"}, "geometry": {"type": "Polygon", "coordinates": [[[103.781282, -1.514244], [103.781289, -1.513905], [103.782151, -1.513075], [103.783061, -1.512851], [103.783968, -1.514334], [103.782881, -1.515059], [103.782256, -1.515087], [103.781282, -1.514244]]]}}, {"type": "Feature", "properties": {"division_code": 1, "block_code": 16, "block_label": "1-16", "planted_ha": 3.86, "palms": 527, "planted_year": 2009, "abw_kg": 22.5, "rotation_target_days": 10, "gang_code": "", "road_condition": "fair", "bunches_per_day": 19.2, "centroid_lon": 103.784146, "centroid_lat": -1.512946, "estate": "MJMB"}, "geometry": {"type": "Polygon", "coordinates": [[[103.783091, -1.51283], [103.783723, -1.511813], [103.784392, -1.511899], [103.78534, -1.512984], [103.78403, -1.51432], [103.784002, -1.514321], [103.783091, -1.51283]]]}}, {"type": "Feature", "properties": {"division_code": 1, "block_code": 17, "block_label": "1-17", "planted_ha": 3.97, "palms": 528, "planted_year": 2011, "abw_kg": 22.0, "rotation_target_days": 10, "gang_code": "", "road_condition": "good", "bunches_per_day": 18.6, "centroid_lon": 103.786918, "centroid_lat": -1.513127, "estate": "MJMB"}, "geometry": {"type": "Polygon", "coordinates": [[[103.786858, -1.512007], [103.787035, -1.512016], [103.787957, -1.512585], [103.788049, -1.513138], [103.787286, -1.513899], [103.786649, -1.514499], [103.786197, -1.51373], [103.785733, -1.512996], [103.786858, -1.512007]]]}}, {"type": "Feature", "properties": {"division_code": 1, "block_code": 18, "block_label": "1-18", "planted_ha": 1.01, "palms": 134, "planted_year": 2012, "abw_kg": 22.3, "rotation_target_days": 10, "gang_code": "", "road_condition": "good", "bunches_per_day": 5.0, "centroid_lon": 103.788624, "centroid_lat": -1.513429, "estate": "MJMB"}, "geometry": {"type": "Polygon", "coordinates": [[[103.788085, -1.513136], [103.787994, -1.512583], [103.788204, -1.512446], [103.788858, -1.513427], [103.789438, -1.514354], [103.789396, -1.514391], [103.78915, -1.514387], [103.788085, -1.513136]]]}}, {"type": "Feature", "properties": {"division_code": 1, "block_code": 19, "block_label": "1-19", "planted_ha": 3.12, "palms": 423, "planted_year": 2010, "abw_kg": 22.3, "rotation_target_days": 10, "gang_code": "", "road_condition": "poor", "bunches_per_day": 15.2, "centroid_lon": 103.777475, "centroid_lat": -1.51429, "estate": "MJMB"}, "geometry": {"type": "Polygon", "coordinates": [[[103.776919, -1.513435], [103.777198, -1.513143], [103.778557, -1.513858], [103.778575, -1.513917], [103.777336, -1.515515], [103.776752, -1.515333], [103.776919, -1.513435]]]}}, {"type": "Feature", "properties": {"division_code": 1, "block_code": 20, "block_label": "1-20", "planted_ha": 4.09, "palms": 558, "planted_year": 2011, "abw_kg": 22.3, "rotation_target_days": 10, "gang_code": "", "road_condition": "fair", "bunches_per_day": 20.4, "centroid_lon": 103.778579, "centroid_lat": -1.515334, "estate": "MJMB"}, "geometry": {"type": "Polygon", "coordinates": [[[103.777366, -1.515535], [103.778597, -1.513948], [103.779776, -1.515273], [103.779677, -1.515633], [103.778402, -1.516506], [103.778216, -1.516491], [103.777366, -1.515535]]]}}, {"type": "Feature", "properties": {"division_code": 1, "block_code": 21, "block_label": "1-21", "planted_ha": 3.8, "palms": 511, "planted_year": 2010, "abw_kg": 21.5, "rotation_target_days": 10, "gang_code": "", "road_condition": "good", "bunches_per_day": 19.2, "centroid_lon": 103.784043, "centroid_lat": -1.515504, "estate": "MJMB"}, "geometry": {"type": "Polygon", "coordinates": [[[103.78291, -1.515083], [103.783814, -1.514476], [103.783998, -1.514357], [103.784031, -1.514356], [103.78474, -1.515014], [103.785302, -1.515582], [103.785292, -1.515681], [103.784084, -1.516582], [103.783596, -1.516556], [103.78291, -1.515083]]]}}, {"type": "Feature", "properties": {"division_code": 1, "block_code": 22, "block_label": "1-22", "planted_ha": 4.35, "palms": 576, "planted_year": 2010, "abw_kg": 21.6, "rotation_target_days": 10, "gang_code": "", "road_condition": "fair", "bunches_per_day": 21.1, "centroid_lon": 103.785397, "centroid_lat": -1.514273, "estate": "MJMB"}, "geometry": {"type": "Polygon", "coordinates": [[[103.784765, -1.514988], [103.784064, -1.514337], [103.785372, -1.513003], [103.785699, -1.51301], [103.786399, -1.514137], [103.786626, -1.514532], [103.786624, -1.514576], [103.785323, -1.515552], [103.784765, -1.514988]]]}}, {"type": "Feature", "properties": {"division_code": 1, "block_code": 23, "block_label": "1-23", "planted_ha": 3.75, "palms": 494, "planted_year": 2011, "abw_kg": 22.1, "rotation_target_days": 10, "gang_code": "", "road_condition": "good", "bunches_per_day": 19.7, "centroid_lon": 103.787928, "centroid_lat": -1.514438, "estate": "MJMB"}, "geometry": {"type": "Polygon", "coordinates": [[[103.786662, -1.514536], [103.787311, -1.513925], [103.788067, -1.513171], [103.789118, -1.514404], [103.787969, -1.515644], [103.78666, -1.514577], [103.786662, -1.514536]]]}}, {"type": "Feature", "properties": {"division_code": 1, "block_code": 24, "block_label": "1-24", "planted_ha": 2.57, "palms": 348, "planted_year": 2010, "abw_kg": 22.1, "rotation_target_days": 10, "gang_code": "", "road_condition": "fair", "bunches_per_day": 12.0, "centroid_lon": 103.777231, "centroid_lat": -1.516521, "estate": "MJMB"}, "geometry": {"type": "Polygon", "coordinates": [[[103.777333, -1.515551], [103.778183, -1.516508], [103.776926, -1.517753], [103.776673, -1.517557], [103.776751, -1.51537], [103.777333, -1.515551]]]}}, {"type": "Feature", "properties": {"division_code": 1, "block_code": 25, "block_label": "1-25", "planted_ha": 4.66, "palms": 632, "planted_year": 2010, "abw_kg": 22.2, "rotation_target_days": 10, "gang_code": "", "road_condition": "good", "bunches_per_day": 21.7, "centroid_lon": 103.781022, "centroid_lat": -1.515546, "estate": "MJMB"}, "geometry": {"type": "Polygon", "coordinates": [[[103.779712, -1.51564], [103.779812, -1.51528], [103.781262, -1.514275], [103.782229, -1.515112], [103.781681, -1.516574], [103.780544, -1.516614], [103.779712, -1.51564]]]}}, {"type": "Feature", "properties": {"division_code": 1, "block_code": 26, "block_label": "1-26", "planted_ha": 3.57, "palms": 468, "planted_year": 2010, "abw_kg": 22.0, "rotation_target_days": 10, "gang_code": "", "road_condition": "good", "bunches_per_day": 17.7, "centroid_lon": 103.782591, "centroid_lat": -1.516344, "estate": "MJMB"}, "geometry": {"type": "Polygon", "coordinates": [[[103.781714, -1.516589], [103.782263, -1.515123], [103.782876, -1.515096], [103.783563, -1.51657], [103.782395, -1.517758], [103.781714, -1.516589]]]}}, {"type": "Feature", "properties": {"division_code": 1, "block_code": 27, "block_label": "1-27", "planted_ha": 4.63, "palms": 632, "planted_year": 2010, "abw_kg": 22.4, "rotation_target_days": 10, "gang_code": "", "road_condition": "good", "bunches_per_day": 21.1, "centroid_lon": 103.786608, "centroid_lat": -1.515872, "estate": "MJMB"}, "geometry": {"type": "Polygon", "coordinates": [[[103.785328, -1.515686], [103.785338, -1.515586], [103.786641, -1.514609], [103.787953, -1.515677], [103.787967, -1.515892], [103.786438, -1.517209], [103.78627, -1.517194], [103.785328, -1.515686]]]}}, {"type": "Feature", "properties": {"division_code": 1, "block_code": 28, "block_label": "1-28", "planted_ha": 4.19, "palms": 578, "planted_year": 2012, "abw_kg": 21.9, "rotation_target_days": 10, "gang_code": "", "road_condition": "good", "bunches_per_day": 22.1, "centroid_lon": 103.789184, "centroid_lat": -1.515714, "estate": "MJMB"}, "geometry": {"type": "Polygon", "coordinates": [[[103.787989, -1.515675], [103.78915, -1.514423], [103.789393, -1.514427], [103.790411, -1.515955], [103.789176, -1.516985], [103.788003, -1.515892], [103.787989, -1.515675]]]}}, {"type": "Feature", "properties": {"division_code": 1, "block_code": 29, "block_label": "1-29", "planted_ha": 4.05, "palms": 551, "planted_year": 2010, "abw_kg": 22.4, "rotation_target_days": 10, "gang_code": "", "road_condition": "good", "bunches_per_day": 18.8, "centroid_lon": 103.778129, "centroid_lat": -1.517865, "estate": "MJMB"}, "geometry": {"type": "Polygon", "coordinates": [[[103.777997, -1.519007], [103.776978, -1.517996], [103.776947, -1.517783], [103.778214, -1.516528], [103.778395, -1.516542], [103.778871, -1.517477], [103.779257, -1.51818], [103.778454, -1.51897], [103.777997, -1.519007]]]}}, {"type": "Feature", "properties": {"division_code": 1, "block_code": 30, "block_label": "1-30", "planted_ha": 3.89, "palms": 527, "planted_year": 2010, "abw_kg": 22.0, "rotation_target_days": 10, "gang_code": "", "road_condition": "poor", "bunches_per_day": 20.5, "centroid_lon": 103.779536, "centroid_lat": -1.516946, "estate": "MJMB"}, "geometry": {"type": "Polygon", "coordinates": [[[103.779689, -1.515669], [103.780515, -1.516637], [103.77999, -1.518144], [103.77929, -1.518165], [103.778903, -1.51746], [103.77843, -1.516531], [103.779689, -1.515669]]]}}, {"type": "Feature", "properties": {"division_code": 1, "block_code": 31, "block_label": "1-31", "planted_ha": 4.17, "palms": 561, "planted_year": 2011, "abw_kg": 21.7, "rotation_target_days": 10, "gang_code": "", "road_condition": "good", "bunches_per_day": 21.0, "centroid_lon": 103.781168, "centroid_lat": -1.517641, "estate": "MJMB"}, "geometry": {"type": "Polygon", "coordinates": [[[103.780025, -1.518154], [103.780549, -1.51665], [103.781684, -1.51661], [103.782372, -1.517791], [103.78235, -1.518012], [103.780955, -1.518766], [103.780025, -1.518154]]]}}, {"type": "Feature", "properties": {"division_code": 1, "block_code": 32, "block_label": "1-32", "planted_ha": 4.25, "palms": 572, "planted_year": 2012, "abw_kg": 21.4, "rotation_target_days": 10, "gang_code": "", "road_condition": "good", "bunches_per_day": 21.5, "centroid_lon": 103.783631, "centroid_lat": -1.51782, "estate": "MJMB"}, "geometry": {"type": "Polygon", "coordinates": [[[103.782385, -1.518015], [103.782408, -1.517795], [103.783591, -1.516592], [103.784078, -1.516618], [103.784801, -1.518325], [103.783928, -1.518857], [103.78337, -1.51887], [103.782385, -1.518015]]]}}, {"type": "Feature", "properties": {"division_code": 1, "block_code": 33, "block_label": "1-33", "planted_ha": 3.8, "palms": 523, "planted_year": 2011, "abw_kg": 22.1, "rotation_target_days": 10, "gang_code": "", "road_condition": "good", "bunches_per_day": 19.2, "centroid_lon": 103.785148, "centroid_lat": -1.517044, "estate": "MJMB"}, "geometry": {"type": "Polygon", "coordinates": [[[103.784835, -1.518314], [103.784112, -1.516606], [103.785304, -1.515716], [103.786236, -1.517209], [103.785176, -1.518308], [103.784835, -1.518314]]]}}, {"type": "Feature", "properties": {"division_code": 1, "block_code": 34, "block_label": "1-34", "planted_ha": 4.26, "palms": 557, "planted_year": 2011, "abw_kg": 22.6, "rotation_target_days": 10, "gang_code": "", "road_condition": "good", "bunches_per_day": 19.2, "centroid_lon": 103.787874, "centroid_lat": -1.517164, "estate": "MJMB"}, "geometry": {"type": "Polygon", "coordinates": [[[103.787985, -1.515925], [103.789156, -1.517016], [103.78914, -1.517342], [103.787678, -1.518355], [103.786471, -1.517228], [103.787985, -1.515925]]]}}, {"type": "Feature", "properties": {"division_code": 1, "block_code": 35, "block_label": "1-35", "planted_ha": 4.23, "palms": 572, "planted_year": 2012, "abw_kg": 22.4, "rotation_target_days": 10, "gang_code": "", "road_condition": "good", "bunches_per_day": 21.9, "centroid_lon": 103.790344, "centroid_lat": -1.517317, "estate": "MJMB"}, "geometry": {"type": "Polygon", "coordinates": [[[103.789176, -1.517345], [103.789192, -1.517018], [103.790441, -1.515977], [103.790517, -1.515978], [103.79151, -1.517514], [103.790627, -1.518554], [103.790326, -1.518563], [103.789176, -1.517345]]]}}, {"type": "Feature", "properties": {"division_code": 1, "block_code": 36, "block_label": "1-36", "planted_ha": 2.4, "palms": 323, "planted_year": 2010, "abw_kg": 21.5, "rotation_target_days": 10, "gang_code": "", "road_condition": "good", "bunches_per_day": 12.6, "centroid_lon": 103.777137, "centroid_lat": -1.51919, "estate": "MJMB"}, "geometry": {"type": "Polygon", "coordinates": [[[103.777968, -1.519029], [103.777362, -1.520123], [103.77658, -1.52015], [103.776643, -1.518375], [103.776961, -1.518031], [103.777968, -1.519029]]]}}, {"type": "Feature", "properties": {"division_code": 1, "block_code": 37, "block_label": "1-37", "planted_ha": 3.92, "palms": 537, "planted_year": 2012, "abw_kg": 22.3, "rotation_target_days": 10, "gang_code": "", "road_condition": "fair", "bunches_per_day": 17.6, "centroid_lon": 103.779703, "centroid_lat": -1.519133, "estate": "MJMB"}, "geometry": {"type": "Polygon", "coordinates": [[[103.778485, -1.518989], [103.779287, -1.518201], [103.779998, -1.51818], [103.780934, -1.518796], [103.780898, -1.518995], [103.779884, -1.52026], [103.779314, -1.520175], [103.778485, -1.518989]]]}}, {"type": "Feature", "properties": {"division_code": 1, "block_code": 38, "block_label": "1-38", "planted_ha": 4.53, "palms": 611, "planted_year": 2012, "abw_kg": 21.8, "rotation_target_days": 10, "gang_code": "", "road_condition": "poor", "bunches_per_day": 21.5, "centroid_lon": 103.782182, "centroid_lat": -1.519269, "estate": "MJMB"}, "geometry": {"type": "Polygon", "coordinates": [[[103.780934, -1.519], [103.78097, -1.518799], [103.782364, -1.518045], [103.783342, -1.518894], [103.782856, -1.520264], [103.781868, -1.520506], [103.780934, -1.519]]]}}, {"type": "Feature", "properties": {"division_code": 1, "block_code": 39, "block_label": "1-39", "planted_ha": 3.34, "palms": 437, "planted_year": 2013, "abw_kg": 21.9, "rotation_target_days": 10, "gang_code": "", "road_condition": "good", "bunches_per_day": 15.6, "centroid_lon": 103.784981, "centroid_lat": -1.519447, "estate": "MJMB"}, "geometry": {"type": "Polygon", "coordinates": [[[103.784829, -1.518351], [103.785175, -1.518344], [103.785885, -1.51932], [103.785218, -1.520857], [103.784998, -1.520853], [103.783957, -1.518882], [103.784829, -1.518351]]]}}, {"type": "Feature", "properties": {"division_code": 1, "block_code": 40, "block_label": "1-40", "planted_ha": 3.73, "palms": 504, "planted_year": 2012, "abw_kg": 22.5, "rotation_target_days": 10, "gang_code": "", "road_condition": "good", "bunches_per_day": 18.3, "centroid_lon": 103.786392, "centroid_lat": -1.518374, "estate": "MJMB"}, "geometry": {"type": "Polygon", "coordinates": [[[103.786266, -1.51723], [103.786437, -1.517245], [103.787658, -1.518386], [103.78665, -1.519376], [103.785915, -1.5193], [103.785208, -1.518327], [103.786266, -1.51723]]]}}, {"type": "Feature", "properties": {"division_code": 1, "block_code": 41, "block_label": "1-41", "planted_ha": 4.25, "palms": 589, "planted_year": 2011, "abw_kg": 22.6, "rotation_target_days": 10, "gang_code": "", "road_condition": "poor", "bunches_per_day": 20.0, "centroid_lon": 103.789011, "centroid_lat": -1.518602, "estate": "MJMB"}, "geometry": {"type": "Polygon", "coordinates": [[[103.787693, -1.518388], [103.789155, -1.517375], [103.790295, -1.518582], [103.789568, -1.519516], [103.788586, -1.519679], [103.787693, -1.518388]]]}}, {"type": "Feature", "properties": {"division_code": 1, "block_code": 42, "block_label": "1-42", "planted_ha": 2.53, "palms": 349, "planted_year": 2013, "abw_kg": 21.6, "rotation_target_days": 10, "gang_code": "", "road_condition": "good", "bunches_per_day": 13.5, "centroid_lon": 103.791621, "centroid_lat": -1.518728, "estate": "MJMB"}, "geometry": {"type": "Polygon", "coordinates": [[[103.791347, -1.519297], [103.79066, -1.518572], [103.79153, -1.517547], [103.792508, -1.519047], [103.791936, -1.519845], [103.791907, -1.519845], [103.791347, -1.519297]]]}}, {"type": "Feature", "properties": {"division_code": 1, "block_code": 43, "block_label": "1-43", "planted_ha": 2.9, "palms": 392, "planted_year": 2011, "abw_kg": 21.8, "rotation_target_days": 10, "gang_code": "", "road_condition": "fair", "bunches_per_day": 14.0, "centroid_lon": 103.778299, "centroid_lat": -1.520065, "estate": "MJMB"}, "geometry": {"type": "Polygon", "coordinates": [[[103.777395, -1.520139], [103.778001, -1.519043], [103.778453, -1.519006], [103.77928, -1.52019], [103.778246, -1.521218], [103.778182, -1.521207], [103.777395, -1.520139]]]}}, {"type": "Feature", "properties": {"division_code": 1, "block_code": 44, "block_label": "1-44", "planted_ha": 3.72, "palms": 491, "planted_year": 2012, "abw_kg": 21.9, "rotation_target_days": 10, "gang_code": "", "road_condition": "fair", "bunches_per_day": 16.9, "centroid_lon": 103.780887, "centroid_lat": -1.520522, "estate": "MJMB"}, "geometry": {"type": "Polygon", "coordinates": [[[103.780913, -1.519034], [103.781839, -1.520527], [103.781133, -1.521856], [103.78067, -1.521801], [103.779913, -1.520281], [103.780913, -1.519034]]]}}, {"type": "Feature", "properties": {"division_code": 1, "block_code": 45, "block_label": "1-45", "planted_ha": 3.8, "palms": 525, "planted_year": 2013, "abw_kg": 22.5, "rotation_target_days": 10, "gang_code": "", "road_condition": "poor", "bunches_per_day": 18.7, "centroid_lon": 103.783849, "centroid_lat": -1.520207, "estate": "MJMB"}, "geometry": {"type": "Polygon", "coordinates": [[[103.78289, -1.520276], [103.783376, -1.518906], [103.783922, -1.518894], [103.784963, -1.520864], [103.783803, -1.521481], [103.78289, -1.520276]]]}}, {"type": "Feature", "properties": {"division_code": 1, "block_code": 46, "block_label": "1-46", "planted_ha": 3.63, "palms": 500, "planted_year": 2013, "abw_kg": 22.4, "rotation_target_days": 10, "gang_code": "", "road_condition": "fair", "bunches_per_day": 18.7, "centroid_lon": 103.786289, "centroid_lat": -1.520501, "estate": "MJMB"}, "geometry": {"type": "Polygon", "coordinates": [[[103.785253, -1.520869], [103.785917, -1.519337], [103.786645, -1.519411], [103.787299, -1.520739], [103.786512, -1.521691], [103.786397, -1.521687], [103.785253, -1.520869]]]}}, {"type": "Feature", "properties": {"division_code": 1, "block_code": 47, "block_label": "1-47", "planted_ha": 3.14, "palms": 419, "planted_year": 2012, "abw_kg": 21.9, "rotation_target_days": 10, "gang_code": "", "road_condition": "fair", "bunches_per_day": 15.8, "centroid_lon": 103.787636, "centroid_lat": -1.519677, "estate": "MJMB"}, "geometry": {"type": "Polygon", "coordinates": [[[103.787331, -1.520722], [103.786678, -1.519398], [103.787672, -1.518428], [103.788557, -1.5197], [103.78815, -1.520607], [103.787331, -1.520722]]]}}, {"type": "Feature", "properties": {"division_code": 1, "block_code": 48, "block_label": "1-48", "planted_ha": 3.43, "palms": 471, "planted_year": 2013, "abw_kg": 22.6, "rotation_target_days": 10, "gang_code": "", "road_condition": "poor", "bunches_per_day": 15.4, "centroid_lon": 103.789198, "centroid_lat": -1.520604, "estate": "MJMB"}, "geometry": {"type": "Polygon", "coordinates": [[[103.788183, -1.520621], [103.78859, -1.519715], [103.789567, -1.519553], [103.790213, -1.520925], [103.78926, -1.52182], [103.789202, -1.521812], [103.788183, -1.520621]]]}}, {"type": "Feature", "properties": {"division_code": 1, "block_code": 49, "block_label": "1-49", "planted_ha": 3.87, "palms": 509, "planted_year": 2013, "abw_kg": 22.3, "rotation_target_days": 10, "gang_code": "", "road_condition": "good", "bunches_per_day": 19.2, "centroid_lon": 103.790645, "centroid_lat": -1.519795, "estate": "MJMB"}, "geometry": {"type": "Polygon", "coordinates": [[[103.790246, -1.520911], [103.789598, -1.519535], [103.790328, -1.518599], [103.790628, -1.51859], [103.791322, -1.519322], [103.791875, -1.519863], [103.79084, -1.520918], [103.790246, -1.520911]]]}}, {"type": "Feature", "properties": {"division_code": 1, "block_code": 50, "block_label": "1-50", "planted_ha": 1.18, "palms": 160, "planted_year": 2014, "abw_kg": 21.6, "rotation_target_days": 10, "gang_code": "", "road_condition": "fair", "bunches_per_day": 5.6, "centroid_lon": 103.792678, "centroid_lat": -1.519882, "estate": "MJMB"}, "geometry": {"type": "Polygon", "coordinates": [[[103.79197, -1.519859], [103.79253, -1.519079], [103.793398, -1.520272], [103.793129, -1.520479], [103.792895, -1.520494], [103.79197, -1.519859]]]}}, {"type": "Feature", "properties": {"division_code": 1, "block_code": 51, "block_label": "1-51", "planted_ha": 2.78, "palms": 380, "planted_year": 2010, "abw_kg": 22.3, "rotation_target_days": 10, "gang_code": "", "road_condition": "good", "bunches_per_day": 12.7, "centroid_lon": 103.77714, "centroid_lat": -1.521144, "estate": "MJMB"}, "geometry": {"type": "Polygon", "coordinates": [[[103.776563, -1.520619], [103.776578, -1.520186], [103.777364, -1.520159], [103.778148, -1.52122], [103.776681, -1.522377], [103.776532, -1.522238], [103.776563, -1.520619]]]}}, {"type": "Feature", "properties": {"division_code": 1, "block_code": 52, "block_label": "1-52", "planted_ha": 3.87, "palms": 508, "planted_year": 2012, "abw_kg": 21.8, "rotation_target_days": 10, "gang_code": "", "road_condition": "good", "bunches_per_day": 19.4, "centroid_lon": 103.779498, "centroid_lat": -1.521358, "estate": "MJMB"}, "geometry": {"type": "Polygon", "coordinates": [[[103.778277, -1.521238], [103.77931, -1.520211], [103.77988, -1.520296], [103.780635, -1.521812], [103.779486, -1.522583], [103.778277, -1.521238]]]}}, {"type": "Feature", "properties": {"division_code": 1, "block_code": 53, "block_label": "1-53", "planted_ha": 4.32, "palms": 596, "planted_year": 2013, "abw_kg": 22.4, "rotation_target_days": 10, "gang_code": "", "road_condition": "good", "bunches_per_day": 22.1, "centroid_lon": 103.782412, "centroid_lat": -1.52144, "estate": "MJMB"}, "geometry": {"type": "Polygon", "coordinates": [[[103.781166, -1.521871], [103.781871, -1.520542], [103.782862, -1.520299], [103.783778, -1.521507], [103.783766, -1.521533], [103.782067, -1.52265], [103.781166, -1.521871]]]}}, {"type": "Feature", "properties": {"division_code": 1, "block_code": 54, "block_label": "1-54", "planted_ha": 4.23, "palms": 585, "planted_year": 2014, "abw_kg": 22.4, "rotation_target_days": 10, "gang_code": "", "road_condition": "poor", "bunches_per_day": 21.4, "centroid_lon": 103.785054, "centroid_lat": -1.521943, "estate": "MJMB"}, "geometry": {"type": "Polygon", "coordinates": [[[103.7838, -1.521544], [103.783812, -1.521517], [103.784991, -1.520889], [103.785224, -1.520893], [103.786367, -1.521709], [103.785564, -1.522897], [103.784546, -1.523023], [103.7838, -1.521544]]]}}, {"type": "Feature", "properties": {"division_code": 1, "block_code": 55, "block_label": "1-55", "planted_ha": 4.42, "palms": 612, "planted_year": 2014, "abw_kg": 21.4, "rotation_target_days": 10, "gang_code": "", "road_condition": "fair", "bunches_per_day": 22.1, "centroid_lon": 103.78784, "centroid_lat": -1.521758, "estate": "MJMB"}, "geometry": {"type": "Polygon", "coordinates": [[[103.78733, -1.520759], [103.788155, -1.520643], [103.789168, -1.521828], [103.787811, -1.523099], [103.786544, -1.521709], [103.78733, -1.520759]]]}}, {"type": "Feature", "properties": {"division_code": 1, "block_code": 56, "block_label": "1-56", "planted_ha": 3.22, "palms": 435, "planted_year": 2013, "abw_kg": 21.9, "rotation_target_days": 10, "gang_code": "", "road_condition": "fair", "bunches_per_day": 16.6, "centroid_lon": 103.790406, "centroid_lat": -1.521918, "estate": "MJMB"}, "geometry": {"type": "Polygon", "coordinates": [[[103.789291, -1.52184], [103.790241, -1.520947], [103.790837, -1.520954], [103.791414, -1.521982], [103.790426, -1.52314], [103.789291, -1.52184]]]}}, {"type": "Feature", "properties": {"division_code": 1, "block_code": 57, "block_label": "1-57", "planted_ha": 3.18, "palms": 423, "planted_year": 2014, "abw_kg": 21.5, "rotation_target_days": 10, "gang_code": "", "road_condition": "fair", "bunches_per_day": 14.4, "centroid_lon": 103.791884, "centroid_lat": -1.520992, "estate": "MJMB"}, "geometry": {"type": "Polygon", "coordinates": [[[103.791908, -1.519881], [103.791939, -1.519881], [103.792867, -1.520519], [103.792241, -1.521989], [103.791446, -1.521967], [103.79087, -1.520939], [103.791908, -1.519881]]]}}, {"type": "Feature", "properties": {"division_code": 1, "block_code": 58, "block_label": "1-58", "planted_ha": 3.13, "palms": 434, "planted_year": 2014, "abw_kg": 21.8, "rotation_target_days": 10, "gang_code": "", "road_condition": "good", "bunches_per_day": 15.8, "centroid_lon": 103.793193, "centroid_lat": -1.521734, "estate": "MJMB"}, "geometry": {"type": "Polygon", "coordinates": [[[103.792902, -1.520529], [103.793127, -1.520516], [103.794325, -1.521986], [103.792967, -1.522841], [103.792273, -1.522004], [103.792902, -1.520529]]]}}, {"type": "Feature", "properties": {"division_code": 1, "block_code": 59, "block_label": "1-59", "planted_ha": 4.92, "palms": 648, "planted_year": 2011, "abw_kg": 22.3, "rotation_target_days": 10, "gang_code": "", "road_condition": "good", "bunches_per_day": 25.9, "centroid_lon": 103.778069, "centroid_lat": -1.522567, "estate": "MJMB"}, "geometry": {"type": "Polygon", "coordinates": [[[103.7767, -1.522408], [103.778177, -1.521243], [103.778243, -1.521254], [103.779463, -1.522612], [103.779398, -1.522864], [103.778024, -1.523822], [103.776795, -1.522869], [103.7767, -1.522408]]]}}, {"type": "Feature", "properties": {"division_code": 1, "block_code": 60, "block_label": "1-60", "planted_ha": 5.08, "palms": 674, "planted_year": 2013, "abw_kg": 21.7, "rotation_target_days": 10, "gang_code": "", "road_condition": "fair", "bunches_per_day": 26.2, "centroid_lon": 103.780814, "centroid_lat": -1.523003, "estate": "MJMB"}, "geometry": {"type": "Polygon", "coordinates": [[[103.779433, -1.522871], [103.779499, -1.522618], [103.780663, -1.521837], [103.781136, -1.521892], [103.782049, -1.522682], [103.782119, -1.523187], [103.781287, -1.524071], [103.780427, -1.524189], [103.779433, -1.522871]]]}}, {"type": "Feature", "properties": {"division_code": 1, "block_code": 61, "block_label": "1-61", "planted_ha": 4.63, "palms": 612, "planted_year": 2014, "abw_kg": 22.1, "rotation_target_days": 10, "gang_code": "", "road_condition": "good", "bunches_per_day": 21.8, "centroid_lon": 103.783372, "centroid_lat": -1.522952, "estate": "MJMB"}, "geometry": {"type": "Polygon", "coordinates": [[[103.782155, -1.523183], [103.782085, -1.522681], [103.783773, -1.521571], [103.784515, -1.523043], [103.783958, -1.524083], [103.783328, -1.524128], [103.782155, -1.523183]]]}}, {"type": "Feature", "properties": {"division_code": 1, "block_code": 62, "block_label": "1-62", "planted_ha": 4.23, "palms": 567, "planted_year": 2014, "abw_kg": 22.0, "rotation_target_days": 10, "gang_code": "", "road_condition": "good", "bunches_per_day": 19.1, "centroid_lon": 103.786661, "centroid_lat": -1.523123, "estate": "MJMB"}, "geometry": {"type": "Polygon", "coordinates": [[[103.785594, -1.522916], [103.786401, -1.521723], [103.786512, -1.521728], [103.787793, -1.523133], [103.787855, -1.523545], [103.786482, -1.524368], [103.786234, -1.524321], [103.785594, -1.522916]]]}}, {"type": "Feature", "properties": {"division_code": 1, "block_code": 63, "block_label": "1-63", "planted_ha": 4.63, "palms": 636, "planted_year": 2015, "abw_kg": 22.4, "rotation_target_days": 10, "gang_code": "", "road_condition": "good", "bunches_per_day": 22.5, "centroid_lon": 103.789103, "centroid_lat": -1.523195, "estate": "MJMB"}, "geometry": {"type": "Polygon", "coordinates": [[[103.787891, -1.523545], [103.787829, -1.523131], [103.789199, -1.521848], [103.789257, -1.521856], [103.790409, -1.523175], [103.79043, -1.523387], [103.789157, -1.52434], [103.788725, -1.524282], [103.787891, -1.523545]]]}}, {"type": "Feature", "properties": {"division_code": 1, "block_code": 64, "block_label": "1-64", "planted_ha": 4.4, "palms": 604, "planted_year": 2015, "abw_kg": 22.1, "rotation_target_days": 10, "gang_code": "", "road_condition": "good", "bunches_per_day": 21.7, "centroid_lon": 103.791752, "centroid_lat": -1.52306, "estate": "MJMB"}, "geometry": {"type": "Polygon", "coordinates": [[[103.790466, -1.523385], [103.790445, -1.523173], [103.791444, -1.522003], [103.792244, -1.522025], [103.792944, -1.52287], [103.792852, -1.523486], [103.791836, -1.524112], [103.79151, -1.524131], [103.790466, -1.523385]]]}}, {"type": "Feature", "properties": {"division_code": 1, "block_code": 65, "block_label": "1-65", "planted_ha": 4.85, "palms": 664, "planted_year": 2015, "abw_kg": 21.6, "rotation_target_days": 10, "gang_code": "", "road_condition": "good", "bunches_per_day": 22.4, "centroid_lon": 103.794188, "centroid_lat": -1.523276, "estate": "MJMB"}, "geometry": {"type": "Polygon", "coordinates": [[[103.792888, -1.52349], [103.79298, -1.522876], [103.794356, -1.522009], [103.794587, -1.522022], [103.794908, -1.522503], [103.795474, -1.523604], [103.794554, -1.524426], [103.794101, -1.524446], [103.792888, -1.52349]]]}}, {"type": "Feature", "properties": {"division_code": 1, "block_code": 66, "block_label": "1-66", "planted_ha": 3.63, "palms": 496, "planted_year": 2011, "abw_kg": 22.4, "rotation_target_days": 10, "gang_code": "", "road_condition": "fair", "bunches_per_day": 18.4, "centroid_lon": 103.779328, "centroid_lat": -1.524108, "estate": "MJMB"}, "geometry": {"type": "Polygon", "coordinates": [[[103.779462, -1.52527], [103.778836, -1.524661], [103.778057, -1.523843], [103.77941, -1.5229], [103.780397, -1.524211], [103.779781, -1.525274], [103.779462, -1.52527]]]}}, {"type": "Feature", "properties": {"division_code": 1, "block_code": 67, "block_label": "1-67", "planted_ha": 3.5, "palms": 463, "planted_year": 2014, "abw_kg": 21.6, "rotation_target_days": 10, "gang_code": "", "road_condition": "good", "bunches_per_day": 16.3, "centroid_lon": 103.785091, "centroid_lat": -1.523928, "estate": "MJMB"}, "geometry": {"type": "Polygon", "coordinates": [[[103.784547, -1.52306], [103.785563, -1.522934], [103.786198, -1.524329], [103.784944, -1.524998], [103.783991, -1.524097], [103.784547, -1.52306]]]}}, {"type": "Feature", "properties": {"division_code": 2, "block_code": 1, "block_label": "2-1", "planted_ha": 3.04, "palms": 419, "planted_year": 2011, "abw_kg": 22.3, "rotation_target_days": 10, "gang_code": "", "road_condition": "good", "bunches_per_day": 15.6, "centroid_lon": 103.777056, "centroid_lat": -1.524176, "estate": "MJMB"}, "geometry": {"type": "Polygon", "coordinates": [[[103.776535, -1.525263], [103.776455, -1.525189], [103.776507, -1.523139], [103.77678, -1.522902], [103.777982, -1.523846], [103.777263, -1.525321], [103.776535, -1.525263]]]}}, {"type": "Feature", "properties": {"division_code": 2, "block_code": 2, "block_label": "2-2", "planted_ha": 3.96, "palms": 517, "planted_year": 2014, "abw_kg": 21.6, "rotation_target_days": 10, "gang_code": "", "road_condition": "fair", "bunches_per_day": 18.9, "centroid_lon": 103.782259, "centroid_lat": -1.524553, "estate": "MJMB"}, "geometry": {"type": "Polygon", "coordinates": [[[103.781316, -1.524093], [103.78214, -1.523218], [103.7833, -1.524152], [103.782653, -1.525718], [103.781811, -1.525823], [103.781316, -1.524093]]]}}, {"type": "Feature", "properties": {"division_code": 2, "block_code": 3, "block_label": "2-3", "planted_ha": 3.77, "palms": 494, "planted_year": 2016, "abw_kg": 20.2, "rotation_target_days": 10, "gang_code": "", "road_condition": "poor", "bunches_per_day": 18.4, "centroid_lon": 103.787588, "centroid_lat": -1.524756, "estate": "MJMB"}, "geometry": {"type": "Polygon", "coordinates": [[[103.786508, -1.524394], [103.787872, -1.523577], [103.788695, -1.524304], [103.788294, -1.525028], [103.787749, -1.52594], [103.78721, -1.526032], [103.786508, -1.524394]]]}}, {"type": "Feature", "properties": {"division_code": 2, "block_code": 4, "block_label": "2-4", "planted_ha": 4.33, "palms": 580, "planted_year": 2016, "abw_kg": 20.5, "rotation_target_days": 10, "gang_code": "", "road_condition": "good", "bunches_per_day": 19.8, "centroid_lon": 103.790386, "centroid_lat": -1.524688, "estate": "MJMB"}, "geometry": {"type": "Polygon", "coordinates": [[[103.789186, -1.524364], [103.79045, -1.523418], [103.791483, -1.524156], [103.790833, -1.525934], [103.790049, -1.525902], [103.789186, -1.524364]]]}}, {"type": "Feature", "properties": {"division_code": 2, "block_code": 5, "block_label": "2-5", "planted_ha": 3.41, "palms": 460, "planted_year": 2015, "abw_kg": 22.3, "rotation_target_days": 10, "gang_code": "", "road_condition": "good", "bunches_per_day": 16.2, "centroid_lon": 103.792957, "centroid_lat": -1.524615, "estate": "MJMB"}, "geometry": {"type": "Polygon", "coordinates": [[[103.791866, -1.524136], [103.792867, -1.523519], [103.794071, -1.524469], [103.793237, -1.525734], [103.792745, -1.525737], [103.791866, -1.524136]]]}}, {"type": "Feature", "properties": {"division_code": 2, "block_code": 6, "block_label": "2-6", "planted_ha": 3.48, "palms": 482, "planted_year": 2015, "abw_kg": 21.5, "rotation_target_days": 10, "gang_code": "", "road_condition": "good", "bunches_per_day": 17.4, "centroid_lon": 103.795585, "centroid_lat": -1.524878, "estate": "MJMB"}, "geometry": {"type": "Polygon", "coordinates": [[[103.795503, -1.523626], [103.795664, -1.523637], [103.796547, -1.524961], [103.795944, -1.526069], [103.7954, -1.526071], [103.794584, -1.524448], [103.795503, -1.523626]]]}}, {"type": "Feature", "properties": {"division_code": 2, "block_code": 7, "block_label": "2-7", "planted_ha": 3.05, "palms": 408, "planted_year": 2012, "abw_kg": 21.7, "rotation_target_days": 10, "gang_code": "", "road_condition": "fair", "bunches_per_day": 15.4, "centroid_lon": 103.776855, "centroid_lat": -1.526326, "estate": "MJMB"}, "geometry": {"type": "Polygon", "coordinates": [[[103.776589, -1.527402], [103.776075, -1.526927], [103.776093, -1.526092], [103.776444, -1.525687], [103.776449, -1.525453], [103.776537, -1.5253], [103.777263, -1.525357], [103.777835, -1.526335], [103.776835, -1.527411], [103.776589, -1.527402]]]}}, {"type": "Feature", "properties": {"division_code": 2, "block_code": 8, "block_label": "2-8", "planted_ha": 3.39, "palms": 443, "planted_year": 2012, "abw_kg": 22.6, "rotation_target_days": 10, "gang_code": "", "road_condition": "good", "bunches_per_day": 16.8, "centroid_lon": 103.778237, "centroid_lat": -1.52521, "estate": "MJMB"}, "geometry": {"type": "Polygon", "coordinates": [[[103.778022, -1.523858], [103.778811, -1.524686], [103.779427, -1.525287], [103.778108, -1.526357], [103.777868, -1.526321], [103.777294, -1.525339], [103.778022, -1.523858]]]}}, {"type": "Feature", "properties": {"division_code": 2, "block_code": 9, "block_label": "2-9", "planted_ha": 3.54, "palms": 477, "planted_year": 2013, "abw_kg": 21.6, "rotation_target_days": 10, "gang_code": "", "road_condition": "good", "bunches_per_day": 19.0, "centroid_lon": 103.779398, "centroid_lat": -1.526347, "estate": "MJMB"}, "geometry": {"type": "Polygon", "coordinates": [[[103.77814, -1.526377], [103.779461, -1.525306], [103.779783, -1.52531], [103.780604, -1.526304], [103.779263, -1.527518], [103.77814, -1.526377]]]}}, {"type": "Feature", "properties": {"division_code": 2, "block_code": 10, "block_label": "2-10", "planted_ha": 3.54, "palms": 478, "planted_year": 2013, "abw_kg": 22.0, "rotation_target_days": 10, "gang_code": "", "road_condition": "fair", "bunches_per_day": 15.6, "centroid_lon": 103.780847, "centroid_lat": -1.525243, "estate": "MJMB"}, "geometry": {"type": "Polygon", "coordinates": [[[103.779814, -1.52529], [103.78043, -1.524225], [103.781283, -1.524108], [103.781777, -1.525836], [103.781146, -1.526331], [103.780637, -1.526289], [103.779814, -1.52529]]]}}, {"type": "Feature", "properties": {"division_code": 2, "block_code": 11, "block_label": "2-11", "planted_ha": 4.33, "palms": 583, "planted_year": 2015, "abw_kg": 21.9, "rotation_target_days": 10, "gang_code": "", "road_condition": "fair", "bunches_per_day": 20.0, "centroid_lon": 103.78381, "centroid_lat": -1.52531, "estate": "MJMB"}, "geometry": {"type": "Polygon", "coordinates": [[[103.783334, -1.524164], [103.783962, -1.524119], [103.784923, -1.525029], [103.784941, -1.525628], [103.783678, -1.526503], [103.783391, -1.52646], [103.782687, -1.52573], [103.783334, -1.524164]]]}}, {"type": "Feature", "properties": {"division_code": 2, "block_code": 12, "block_label": "2-12", "planted_ha": 4.22, "palms": 555, "planted_year": 2015, "abw_kg": 21.8, "rotation_target_days": 10, "gang_code": "", "road_condition": "fair", "bunches_per_day": 20.1, "centroid_lon": 103.786074, "centroid_lat": -1.525586, "estate": "MJMB"}, "geometry": {"type": "Polygon", "coordinates": [[[103.784977, -1.52563], [103.784959, -1.525031], [103.786224, -1.524356], [103.786473, -1.524403], [103.787177, -1.526048], [103.786377, -1.526858], [103.786143, -1.526852], [103.784977, -1.52563]]]}}, {"type": "Feature", "properties": {"division_code": 2, "block_code": 13, "block_label": "2-13", "planted_ha": 3.84, "palms": 519, "planted_year": 2016, "abw_kg": 20.7, "rotation_target_days": 10, "gang_code": "", "road_condition": "good", "bunches_per_day": 19.7, "centroid_lon": 103.788935, "centroid_lat": -1.525625, "estate": "MJMB"}, "geometry": {"type": "Polygon", "coordinates": [[[103.788325, -1.525046], [103.788727, -1.524319], [103.789151, -1.524375], [103.790016, -1.525917], [103.789143, -1.526853], [103.787785, -1.525951], [103.788325, -1.525046]]]}}, {"type": "Feature", "properties": {"division_code": 2, "block_code": 14, "block_label": "2-14", "planted_ha": 3.18, "palms": 429, "planted_year": 2016, "abw_kg": 20.5, "rotation_target_days": 10, "gang_code": "", "road_condition": "fair", "bunches_per_day": 16.1, "centroid_lon": 103.79174, "centroid_lat": -1.52547, "estate": "MJMB"}, "geometry": {"type": "Polygon", "coordinates": [[[103.791517, -1.524167], [103.791831, -1.524149], [103.792712, -1.52575], [103.79161, -1.526677], [103.790866, -1.525948], [103.791517, -1.524167]]]}}, {"type": "Feature", "properties": {"division_code": 2, "block_code": 15, "block_label": "2-15", "planted_ha": 3.79, "palms": 520, "planted_year": 2016, "abw_kg": 20.4, "rotation_target_days": 10, "gang_code": "", "road_condition": "fair", "bunches_per_day": 18.4, "centroid_lon": 103.794314, "centroid_lat": -1.525732, "estate": "MJMB"}, "geometry": {"type": "Polygon", "coordinates": [[[103.793268, -1.525752], [103.794105, -1.524482], [103.794551, -1.524463], [103.795367, -1.526084], [103.794497, -1.526873], [103.794082, -1.526924], [103.793268, -1.525752]]]}}, {"type": "Feature", "properties": {"division_code": 2, "block_code": 16, "block_label": "2-16", "planted_ha": 1.78, "palms": 234, "planted_year": 2016, "abw_kg": 20.2, "rotation_target_days": 10, "gang_code": "", "road_condition": "fair", "bunches_per_day": 7.9, "centroid_lon": 103.796755, "centroid_lat": -1.526065, "estate": "MJMB"}, "geometry": {"type": "Polygon", "coordinates": [[[103.79657, -1.524995], [103.797563, -1.526485], [103.797052, -1.526947], [103.795978, -1.526083], [103.79657, -1.524995]]]}}, {"type": "Feature", "properties": {"division_code": 2, "block_code": 17, "block_label": "2-17", "planted_ha": 4.0, "palms": 539, "planted_year": 2013, "abw_kg": 22.5, "rotation_target_days": 10, "gang_code": "", "road_condition": "fair", "bunches_per_day": 17.9, "centroid_lon": 103.778055, "centroid_lat": -1.527573, "estate": "MJMB"}, "geometry": {"type": "Polygon", "coordinates": [[[103.776866, -1.527431], [103.777864, -1.526357], [103.778104, -1.526393], [103.779243, -1.52755], [103.779229, -1.527722], [103.778002, -1.528914], [103.776866, -1.527431]]]}}, {"type": "Feature", "properties": {"division_code": 2, "block_code": 18, "block_label": "2-18", "planted_ha": 4.39, "palms": 596, "planted_year": 2013, "abw_kg": 21.9, "rotation_target_days": 10, "gang_code": "", "road_condition": "good", "bunches_per_day": 20.6, "centroid_lon": 103.780568, "centroid_lat": -1.52758, "estate": "MJMB"}, "geometry": {"type": "Polygon", "coordinates": [[[103.779265, -1.527723], [103.779279, -1.527552], [103.780635, -1.526325], [103.781138, -1.526367], [103.781662, -1.528005], [103.780647, -1.528881], [103.779265, -1.527723]]]}}, {"type": "Feature", "properties": {"division_code": 2, "block_code": 19, "block_label": "2-19", "planted_ha": 4.1, "palms": 554, "planted_year": 2013, "abw_kg": 21.8, "rotation_target_days": 10, "gang_code": "", "road_condition": "fair", "bunches_per_day": 20.5, "centroid_lon": 103.78222, "centroid_lat": -1.526836, "estate": "MJMB"}, "geometry": {"type": "Polygon", "coordinates": [[[103.781805, -1.52586], [103.782659, -1.525753], [103.78336, -1.52648], [103.782957, -1.5272], [103.78241, -1.528104], [103.781696, -1.527995], [103.781172, -1.526356], [103.781805, -1.52586]]]}}, {"type": "Feature", "properties": {"division_code": 2, "block_code": 20, "block_label": "2-20", "planted_ha": 3.71, "palms": 505, "planted_year": 2015, "abw_kg": 21.9, "rotation_target_days": 10, "gang_code": "", "road_condition": "fair", "bunches_per_day": 16.7, "centroid_lon": 103.784878, "centroid_lat": -1.526834, "estate": "MJMB"}, "geometry": {"type": "Polygon", "coordinates": [[[103.783707, -1.526527], [103.784957, -1.525661], [103.786109, -1.526869], [103.78472, -1.528136], [103.783707, -1.526527]]]}}, {"type": "Feature", "properties": {"division_code": 2, "block_code": 21, "block_label": "2-21", "planted_ha": 4.31, "palms": 568, "planted_year": 2017, "abw_kg": 19.0, "rotation_target_days": 10, "gang_code": "", "road_condition": "fair", "bunches_per_day": 23.1, "centroid_lon": 103.787688, "centroid_lat": -1.527037, "estate": "MJMB"}, "geometry": {"type": "Polygon", "coordinates": [[[103.786408, -1.526878], [103.787207, -1.526069], [103.787757, -1.525976], [103.789127, -1.526886], [103.789127, -1.526942], [103.787719, -1.528199], [103.787264, -1.528129], [103.786408, -1.526878]]]}}, {"type": "Feature", "properties": {"division_code": 2, "block_code": 22, "block_label": "2-22", "planted_ha": 4.39, "palms": 608, "planted_year": 2018, "abw_kg": 17.7, "rotation_target_days": 10, "gang_code": "", "road_condition": "fair", "bunches_per_day": 19.4, "centroid_lon": 103.790397, "centroid_lat": -1.526997, "estate": "MJMB"}, "geometry": {"type": "Polygon", "coordinates": [[[103.789163, -1.526944], [103.789163, -1.526884], [103.790045, -1.525938], [103.790838, -1.52597], [103.791592, -1.52671], [103.791631, -1.526959], [103.790563, -1.528185], [103.789971, -1.528112], [103.789163, -1.526944]]]}}, {"type": "Feature", "properties": {"division_code": 2, "block_code": 23, "block_label": "2-23", "planted_ha": 3.74, "palms": 496, "planted_year": 2017, "abw_kg": 18.6, "rotation_target_days": 10, "gang_code": "", "road_condition": "good", "bunches_per_day": 18.1, "centroid_lon": 103.792872, "centroid_lat": -1.526798, "estate": "MJMB"}, "geometry": {"type": "Polygon", "coordinates": [[[103.791629, -1.526709], [103.792741, -1.525773], [103.793237, -1.52577], [103.79405, -1.526941], [103.793074, -1.527945], [103.791666, -1.526954], [103.791629, -1.526709]]]}}, {"type": "Feature", "properties": {"division_code": 2, "block_code": 24, "block_label": "2-24", "planted_ha": 4.48, "palms": 599, "planted_year": 2016, "abw_kg": 20.4, "rotation_target_days": 10, "gang_code": "", "road_condition": "good", "bunches_per_day": 23.9, "centroid_lon": 103.795811, "centroid_lat": -1.527189, "estate": "MJMB"}, "geometry": {"type": "Polygon", "coordinates": [[[103.794979, -1.527583], [103.794528, -1.526893], [103.795396, -1.526107], [103.795948, -1.526106], [103.797035, -1.526981], [103.797079, -1.527442], [103.795601, -1.528509], [103.79554, -1.528501], [103.794979, -1.527583]]]}}, {"type": "Feature", "properties": {"division_code": 2, "block_code": 25, "block_label": "2-25", "planted_ha": 1.66, "palms": 226, "planted_year": 2016, "abw_kg": 20.6, "rotation_target_days": 10, "gang_code": "", "road_condition": "good", "bunches_per_day": 8.8, "centroid_lon": 103.797769, "centroid_lat": -1.527474, "estate": "MJMB"}, "geometry": {"type": "Polygon", "coordinates": [[[103.797115, -1.527442], [103.797071, -1.526979], [103.797583, -1.526515], [103.798634, -1.528092], [103.798344, -1.528258], [103.797868, -1.528176], [103.797115, -1.527442]]]}}, {"type": "Feature", "properties": {"division_code": 2, "block_code": 26, "block_label": "2-26", "planted_ha": 4.06, "palms": 561, "planted_year": 2013, "abw_kg": 21.5, "rotation_target_days": 10, "gang_code": "", "road_condition": "good", "bunches_per_day": 18.2, "centroid_lon": 103.776822, "centroid_lat": -1.528777, "estate": "MJMB"}, "geometry": {"type": "Polygon", "coordinates": [[[103.775932, -1.529444], [103.776023, -1.528163], [103.77659, -1.527439], [103.776833, -1.527447], [103.777981, -1.528946], [103.77796, -1.529105], [103.777086, -1.529852], [103.776389, -1.529834], [103.775932, -1.529444]]]}}, {"type": "Feature", "properties": {"division_code": 2, "block_code": 27, "block_label": "2-27", "planted_ha": 4.51, "palms": 594, "planted_year": 2013, "abw_kg": 21.4, "rotation_target_days": 10, "gang_code": "", "road_condition": "good", "bunches_per_day": 21.4, "centroid_lon": 103.779353, "centroid_lat": -1.529051, "estate": "MJMB"}, "geometry": {"type": "Polygon", "coordinates": [[[103.777996, -1.529107], [103.778017, -1.52895], [103.779247, -1.527755], [103.780629, -1.528913], [103.780601, -1.529141], [103.779587, -1.530377], [103.777996, -1.529107]]]}}, {"type": "Feature", "properties": {"division_code": 2, "block_code": 28, "block_label": "2-28", "planted_ha": 4.13, "palms": 543, "planted_year": 2013, "abw_kg": 22.1, "rotation_target_days": 10, "gang_code": "", "road_condition": "good", "bunches_per_day": 21.5, "centroid_lon": 103.781949, "centroid_lat": -1.529047, "estate": "MJMB"}, "geometry": {"type": "Polygon", "coordinates": [[[103.780665, -1.528914], [103.781688, -1.528031], [103.782411, -1.52814], [103.783297, -1.528987], [103.782066, -1.530249], [103.781272, -1.529655], [103.780637, -1.529141], [103.780665, -1.528914]]]}}, {"type": "Feature", "properties": {"division_code": 2, "block_code": 29, "block_label": "2-29", "planted_ha": 3.69, "palms": 488, "planted_year": 2014, "abw_kg": 22.0, "rotation_target_days": 10, "gang_code": "", "road_condition": "good", "bunches_per_day": 19.4, "centroid_lon": 103.783539, "centroid_lat": -1.527822, "estate": "MJMB"}, "geometry": {"type": "Polygon", "coordinates": [[[103.782442, -1.52812], [103.782988, -1.527219], [103.783392, -1.526497], [103.783672, -1.526539], [103.784697, -1.528166], [103.784687, -1.528197], [103.78333, -1.528968], [103.782442, -1.52812]]]}}, {"type": "Feature", "properties": {"division_code": 2, "block_code": 30, "block_label": "2-30", "planted_ha": 4.57, "palms": 620, "planted_year": 2015, "abw_kg": 21.9, "rotation_target_days": 10, "gang_code": "", "road_condition": "fair", "bunches_per_day": 21.1, "centroid_lon": 103.786055, "centroid_lat": -1.528204, "estate": "MJMB"}, "geometry": {"type": "Polygon", "coordinates": [[[103.784722, -1.528205], [103.784732, -1.528174], [103.786142, -1.526888], [103.786375, -1.526894], [103.787232, -1.528146], [103.786568, -1.529326], [103.785628, -1.529278], [103.784722, -1.528205]]]}}, {"type": "Feature", "properties": {"division_code": 2, "block_code": 31, "block_label": "2-31", "planted_ha": 3.22, "palms": 428, "planted_year": 2017, "abw_kg": 18.8, "rotation_target_days": 10, "gang_code": "", "road_condition": "good", "bunches_per_day": 16.5, "centroid_lon": 103.788888, "centroid_lat": -1.528178, "estate": "MJMB"}, "geometry": {"type": "Polygon", "coordinates": [[[103.78775, -1.528219], [103.789142, -1.526977], [103.789938, -1.528128], [103.788848, -1.529343], [103.788778, -1.529342], [103.78775, -1.528219]]]}}, {"type": "Feature", "properties": {"division_code": 2, "block_code": 32, "block_label": "2-32", "planted_ha": 3.81, "palms": 506, "planted_year": 2017, "abw_kg": 18.7, "rotation_target_days": 10, "gang_code": "", "road_condition": "good", "bunches_per_day": 20.0, "centroid_lon": 103.791747, "centroid_lat": -1.528169, "estate": "MJMB"}, "geometry": {"type": "Polygon", "coordinates": [[[103.790592, -1.528206], [103.791653, -1.526989], [103.793058, -1.527978], [103.793048, -1.528146], [103.791604, -1.529243], [103.791183, -1.529228], [103.790592, -1.528206]]]}}, {"type": "Feature", "properties": {"division_code": 2, "block_code": 33, "block_label": "2-33", "planted_ha": 4.47, "palms": 587, "planted_year": 2018, "abw_kg": 17.5, "rotation_target_days": 10, "gang_code": "", "road_condition": "good", "bunches_per_day": 23.4, "centroid_lon": 103.794259, "centroid_lat": -1.528202, "estate": "MJMB"}, "geometry": {"type": "Polygon", "coordinates": [[[103.793084, -1.52815], [103.793094, -1.527977], [103.794082, -1.52696], [103.794496, -1.526909], [103.794949, -1.527602], [103.795506, -1.528514], [103.794318, -1.529445], [103.793967, -1.529421], [103.793084, -1.52815]]]}}, {"type": "Feature", "properties": {"division_code": 2, "block_code": 34, "block_label": "2-34", "planted_ha": 3.57, "palms": 487, "planted_year": 2016, "abw_kg": 20.4, "rotation_target_days": 10, "gang_code": "", "road_condition": "good", "bunches_per_day": 18.9, "centroid_lon": 103.796786, "centroid_lat": -1.528674, "estate": "MJMB"}, "geometry": {"type": "Polygon", "coordinates": [[[103.795631, -1.528531], [103.797095, -1.527474], [103.797837, -1.528196], [103.796868, -1.530024], [103.796709, -1.530038], [103.795631, -1.528531]]]}}, {"type": "Feature", "properties": {"division_code": 2, "block_code": 35, "block_label": "2-35", "planted_ha": 4.08, "palms": 550, "planted_year": 2013, "abw_kg": 22.1, "rotation_target_days": 10, "gang_code": "", "road_condition": "good", "bunches_per_day": 21.5, "centroid_lon": 103.780755, "centroid_lat": -1.530424, "estate": "MJMB"}, "geometry": {"type": "Polygon", "coordinates": [[[103.779653, -1.530856], [103.779608, -1.530407], [103.78062, -1.529174], [103.78125, -1.529684], [103.782049, -1.530282], [103.782008, -1.530618], [103.780696, -1.531484], [103.780445, -1.531487], [103.779653, -1.530856]]]}}, {"type": "Feature", "properties": {"division_code": 2, "block_code": 36, "block_label": "2-36", "planted_ha": 4.11, "palms": 556, "planted_year": 2014, "abw_kg": 21.5, "rotation_target_days": 10, "gang_code": "", "road_condition": "fair", "bunches_per_day": 18.5, "centroid_lon": 103.784542, "centroid_lat": -1.529512, "estate": "MJMB"}, "geometry": {"type": "Polygon", "coordinates": [[[103.783369, -1.528993], [103.784698, -1.528232], [103.785598, -1.529298], [103.784864, -1.53086], [103.784437, -1.530914], [103.783369, -1.528993]]]}}, {"type": "Feature", "properties": {"division_code": 2, "block_code": 37, "block_label": "2-37", "planted_ha": 3.76, "palms": 521, "planted_year": 2016, "abw_kg": 20.9, "rotation_target_days": 10, "gang_code": "", "road_condition": "good", "bunches_per_day": 18.3, "centroid_lon": 103.78759, "centroid_lat": -1.529381, "estate": "MJMB"}, "geometry": {"type": "Polygon", "coordinates": [[[103.787263, -1.528166], [103.787716, -1.528235], [103.788745, -1.52936], [103.787513, -1.530718], [103.787357, -1.530704], [103.786598, -1.529345], [103.787263, -1.528166]]]}}, {"type": "Feature", "properties": {"division_code": 2, "block_code": 38, "block_label": "2-38", "planted_ha": 3.5, "palms": 470, "planted_year": 2017, "abw_kg": 18.8, "rotation_target_days": 10, "gang_code": "", "road_condition": "good", "bunches_per_day": 18.6, "centroid_lon": 103.79007, "centroid_lat": -1.529211, "estate": "MJMB"}, "geometry": {"type": "Polygon", "coordinates": [[[103.789968, -1.528149], [103.790559, -1.528221], [103.79115, -1.529243], [103.790069, -1.530405], [103.788881, -1.52936], [103.789968, -1.528149]]]}}, {"type": "Feature", "properties": {"division_code": 2, "block_code": 39, "block_label": "2-39", "planted_ha": 4.04, "palms": 560, "planted_year": 2018, "abw_kg": 18.1, "rotation_target_days": 10, "gang_code": "", "road_condition": "good", "bunches_per_day": 20.5, "centroid_lon": 103.792806, "centroid_lat": -1.52951, "estate": "MJMB"}, "geometry": {"type": "Polygon", "coordinates": [[[103.792674, -1.530974], [103.791634, -1.529265], [103.793062, -1.528181], [103.793935, -1.529438], [103.792726, -1.530969], [103.792674, -1.530974]]]}}, {"type": "Feature", "properties": {"division_code": 2, "block_code": 40, "block_label": "2-40", "planted_ha": 3.77, "palms": 510, "planted_year": 2018, "abw_kg": 17.7, "rotation_target_days": 10, "gang_code": "", "road_condition": "good", "bunches_per_day": 19.2, "centroid_lon": 103.79553, "centroid_lat": -1.529799, "estate": "MJMB"}, "geometry": {"type": "Polygon", "coordinates": [[[103.794348, -1.529467], [103.795535, -1.528537], [103.795596, -1.528544], [103.796676, -1.530055], [103.79556, -1.531139], [103.794348, -1.529467]]]}}, {"type": "Feature", "properties": {"division_code": 2, "block_code": 41, "block_label": "2-41", "planted_ha": 3.95, "palms": 522, "planted_year": 2016, "abw_kg": 20.4, "rotation_target_days": 10, "gang_code": "", "road_condition": "fair", "bunches_per_day": 20.9, "centroid_lon": 103.798062, "centroid_lat": -1.529576, "estate": "MJMB"}, "geometry": {"type": "Polygon", "coordinates": [[[103.796903, -1.530034], [103.797869, -1.528213], [103.798335, -1.528293], [103.799167, -1.530174], [103.798183, -1.530712], [103.796903, -1.530034]]]}}, {"type": "Feature", "properties": {"division_code": 2, "block_code": 42, "block_label": "2-42", "planted_ha": 1.25, "palms": 171, "planted_year": 2015, "abw_kg": 22.2, "rotation_target_days": 10, "gang_code": "", "road_condition": "good", "bunches_per_day": 6.7, "centroid_lon": 103.79906, "centroid_lat": -1.529228, "estate": "MJMB"}, "geometry": {"type": "Polygon", "coordinates": [[[103.798371, -1.528285], [103.798654, -1.528122], [103.798659, -1.52813], [103.799752, -1.529841], [103.799389, -1.530175], [103.799203, -1.530165], [103.798371, -1.528285]]]}}, {"type": "Feature", "properties": {"division_code": 2, "block_code": 43, "block_label": "2-43", "planted_ha": 4.34, "palms": 590, "planted_year": 2013, "abw_kg": 21.9, "rotation_target_days": 10, "gang_code": "", "road_condition": "fair", "bunches_per_day": 19.6, "centroid_lon": 103.776695, "centroid_lat": -1.531216, "estate": "MJMB"}, "geometry": {"type": "Polygon", "coordinates": [[[103.775836, -1.531779], [103.775871, -1.530666], [103.776392, -1.52987], [103.777079, -1.529888], [103.777705, -1.531757], [103.776688, -1.532669], [103.775836, -1.531779]]]}}, {"type": "Feature", "properties": {"division_code": 2, "block_code": 44, "block_label": "2-44", "planted_ha": 4.93, "palms": 646, "planted_year": 2013, "abw_kg": 22.0, "rotation_target_days": 10, "gang_code": "", "road_condition": "fair", "bunches_per_day": 22.2, "centroid_lon": 103.778286, "centroid_lat": -1.530524, "estate": "MJMB"}, "geometry": {"type": "Polygon", "coordinates": [[[103.777114, -1.529877], [103.777977, -1.529138], [103.779573, -1.530411], [103.779617, -1.530856], [103.778319, -1.531786], [103.777739, -1.531745], [103.777114, -1.529877]]]}}, {"type": "Feature", "properties": {"division_code": 2, "block_code": 45, "block_label": "2-45", "planted_ha": 3.66, "palms": 504, "planted_year": 2013, "abw_kg": 22.4, "rotation_target_days": 10, "gang_code": "", "road_condition": "fair", "bunches_per_day": 19.5, "centroid_lon": 103.781997, "centroid_lat": -1.531774, "estate": "MJMB"}, "geometry": {"type": "Polygon", "coordinates": [[[103.780729, -1.531506], [103.782023, -1.530652], [103.783225, -1.531822], [103.782396, -1.532743], [103.781827, -1.53283], [103.780729, -1.531506]]]}}, {"type": "Feature", "properties": {"division_code": 2, "block_code": 46, "block_label": "2-46", "planted_ha": 4.41, "palms": 579, "planted_year": 2013, "abw_kg": 22.6, "rotation_target_days": 10, "gang_code": "", "road_condition": "fair", "bunches_per_day": 20.7, "centroid_lon": 103.783223, "centroid_lat": -1.53052, "estate": "MJMB"}, "geometry": {"type": "Polygon", "coordinates": [[[103.782044, -1.530622], [103.782086, -1.530281], [103.783334, -1.529004], [103.784405, -1.530929], [103.783476, -1.531788], [103.783257, -1.531803], [103.782044, -1.530622]]]}}, {"type": "Feature", "properties": {"division_code": 2, "block_code": 47, "block_label": "2-47", "planted_ha": 4.34, "palms": 588, "planted_year": 2014, "abw_kg": 21.4, "rotation_target_days": 10, "gang_code": "", "road_condition": "fair", "bunches_per_day": 23.3, "centroid_lon": 103.786105, "centroid_lat": -1.530454, "estate": "MJMB"}, "geometry": {"type": "Polygon", "coordinates": [[[103.78563, -1.529314], [103.786567, -1.529362], [103.787323, -1.530717], [103.786187, -1.53168], [103.784899, -1.53087], [103.78563, -1.529314]]]}}, {"type": "Feature", "properties": {"division_code": 2, "block_code": 48, "block_label": "2-48", "planted_ha": 3.76, "palms": 493, "planted_year": 2016, "abw_kg": 21.0, "rotation_target_days": 10, "gang_code": "", "road_condition": "fair", "bunches_per_day": 19.1, "centroid_lon": 103.788809, "centroid_lat": -1.530563, "estate": "MJMB"}, "geometry": {"type": "Polygon", "coordinates": [[[103.788778, -1.529378], [103.788849, -1.529379], [103.790052, -1.530438], [103.790053, -1.530529], [103.788749, -1.531741], [103.787546, -1.530735], [103.788778, -1.529378]]]}}, {"type": "Feature", "properties": {"division_code": 2, "block_code": 49, "block_label": "2-49", "planted_ha": 4.38, "palms": 596, "planted_year": 2017, "abw_kg": 19.0, "rotation_target_days": 10, "gang_code": "", "road_condition": "good", "bunches_per_day": 20.3, "centroid_lon": 103.791377, "centroid_lat": -1.530522, "estate": "MJMB"}, "geometry": {"type": "Polygon", "coordinates": [[[103.790089, -1.530529], [103.790088, -1.530437], [103.79118, -1.529264], [103.7916, -1.529279], [103.79264, -1.530988], [103.791562, -1.53174], [103.791432, -1.531746], [103.790089, -1.530529]]]}}, {"type": "Feature", "properties": {"division_code": 2, "block_code": 50, "block_label": "2-50", "planted_ha": 4.76, "palms": 639, "planted_year": 2018, "abw_kg": 17.6, "rotation_target_days": 10, "gang_code": "", "road_condition": "good", "bunches_per_day": 25.4, "centroid_lon": 103.794149, "centroid_lat": -1.530803, "estate": "MJMB"}, "geometry": {"type": "Polygon", "coordinates": [[[103.792761, -1.530983], [103.793966, -1.529457], [103.794314, -1.529481], [103.795538, -1.53117], [103.795528, -1.53122], [103.794103, -1.532031], [103.792761, -1.530983]]]}}, {"type": "Feature", "properties": {"division_code": 2, "block_code": 51, "block_label": "2-51", "planted_ha": 4.35, "palms": 587, "planted_year": 2017, "abw_kg": 19.4, "rotation_target_days": 10, "gang_code": "", "road_condition": "fair", "bunches_per_day": 19.5, "centroid_lon": 103.796855, "centroid_lat": -1.531195, "estate": "MJMB"}, "geometry": {"type": "Polygon", "coordinates": [[[103.795563, -1.531227], [103.795574, -1.531175], [103.796708, -1.530074], [103.796876, -1.53006], [103.798163, -1.530742], [103.79812, -1.531034], [103.796886, -1.53241], [103.796526, -1.532411], [103.795563, -1.531227]]]}}, {"type": "Feature", "properties": {"division_code": 2, "block_code": 52, "block_label": "2-52", "planted_ha": 4.28, "palms": 585, "planted_year": 2016, "abw_kg": 20.9, "rotation_target_days": 10, "gang_code": "", "road_condition": "good", "bunches_per_day": 21.0, "centroid_lon": 103.799254, "centroid_lat": -1.531426, "estate": "MJMB"}, "geometry": {"type": "Polygon", "coordinates": [[[103.798155, -1.531039], [103.798199, -1.530744], [103.799195, -1.530201], [103.799387, -1.530211], [103.800401, -1.531417], [103.799717, -1.532607], [103.798969, -1.532662], [103.798155, -1.531039]]]}}, {"type": "Feature", "properties": {"division_code": 2, "block_code": 53, "block_label": "2-53", "planted_ha": 4.43, "palms": 582, "planted_year": 2013, "abw_kg": 22.3, "rotation_target_days": 10, "gang_code": "", "road_condition": "good", "bunches_per_day": 23.5, "centroid_lon": 103.777973, "centroid_lat": -1.53298, "estate": "MJMB"}, "geometry": {"type": "Polygon", "coordinates": [[[103.777332, -1.533572], [103.776716, -1.532692], [103.777732, -1.531781], [103.778313, -1.531822], [103.779194, -1.533275], [103.777955, -1.534399], [103.777332, -1.533572]]]}}, {"type": "Feature", "properties": {"division_code": 2, "block_code": 54, "block_label": "2-54", "planted_ha": 3.55, "palms": 483, "planted_year": 2013, "abw_kg": 21.6, "rotation_target_days": 10, "gang_code": "", "road_condition": "poor", "bunches_per_day": 18.4, "centroid_lon": 103.779449, "centroid_lat": -1.532064, "estate": "MJMB"}, "geometry": {"type": "Polygon", "coordinates": [[[103.778347, -1.53181], [103.779635, -1.530888], [103.780418, -1.531511], [103.779816, -1.533213], [103.779226, -1.53326], [103.778347, -1.53181]]]}}, {"type": "Feature", "properties": {"division_code": 2, "block_code": 55, "block_label": "2-55", "planted_ha": 3.25, "palms": 435, "planted_year": 2013, "abw_kg": 22.5, "rotation_target_days": 10, "gang_code": "", "road_condition": "fair", "bunches_per_day": 16.9, "centroid_lon": 103.780762, "centroid_lat": -1.53279, "estate": "MJMB"}, "geometry": {"type": "Polygon", "coordinates": [[[103.779851, -1.533223], [103.780452, -1.531523], [103.780694, -1.531521], [103.781797, -1.532849], [103.78088, -1.533949], [103.78074, -1.533927], [103.779851, -1.533223]]]}}, {"type": "Feature", "properties": {"division_code": 2, "block_code": 56, "block_label": "2-56", "planted_ha": 3.75, "palms": 519, "planted_year": 2012, "abw_kg": 21.5, "rotation_target_days": 10, "gang_code": "", "road_condition": "fair", "bunches_per_day": 20.2, "centroid_lon": 103.783422, "centroid_lat": -1.533128, "estate": "MJMB"}, "geometry": {"type": "Polygon", "coordinates": [[[103.782426, -1.532763], [103.783259, -1.531839], [103.783475, -1.531824], [103.784495, -1.53329], [103.783586, -1.534376], [103.78314, -1.534352], [103.782426, -1.532763]]]}}, {"type": "Feature", "properties": {"division_code": 2, "block_code": 57, "block_label": "2-57", "planted_ha": 4.99, "palms": 690, "planted_year": 2013, "abw_kg": 21.8, "rotation_target_days": 10, "gang_code": "", "road_condition": "fair", "bunches_per_day": 23.6, "centroid_lon": 103.784893, "centroid_lat": -1.532057, "estate": "MJMB"}, "geometry": {"type": "Polygon", "coordinates": [[[103.783507, -1.531808], [103.784435, -1.530951], [103.784872, -1.530896], [103.786172, -1.531713], [103.786209, -1.532332], [103.784884, -1.533317], [103.784528, -1.533274], [103.783507, -1.531808]]]}}, {"type": "Feature", "properties": {"division_code": 2, "block_code": 58, "block_label": "2-58", "planted_ha": 4.69, "palms": 629, "planted_year": 2014, "abw_kg": 21.9, "rotation_target_days": 10, "gang_code": "", "road_condition": "good", "bunches_per_day": 20.7, "centroid_lon": 103.787405, "centroid_lat": -1.531977, "estate": "MJMB"}, "geometry": {"type": "Polygon", "coordinates": [[[103.786245, -1.532333], [103.786207, -1.531711], [103.787352, -1.530739], [103.787513, -1.530754], [103.788732, -1.531774], [103.788755, -1.531969], [103.787536, -1.533187], [103.787064, -1.533085], [103.786245, -1.532333]]]}}, {"type": "Feature", "properties": {"division_code": 2, "block_code": 59, "block_label": "2-59", "planted_ha": 4.41, "palms": 595, "planted_year": 2016, "abw_kg": 21.1, "rotation_target_days": 10, "gang_code": "", "road_condition": "poor", "bunches_per_day": 21.8, "centroid_lon": 103.790053, "centroid_lat": -1.531859, "estate": "MJMB"}, "geometry": {"type": "Polygon", "coordinates": [[[103.788768, -1.531772], [103.790071, -1.530561], [103.791399, -1.531765], [103.790073, -1.533204], [103.788791, -1.531967], [103.788768, -1.531772]]]}}, {"type": "Feature", "properties": {"division_code": 2, "block_code": 60, "block_label": "2-60", "planted_ha": 4.94, "palms": 669, "planted_year": 2017, "abw_kg": 19.2, "rotation_target_days": 10, "gang_code": "", "road_condition": "fair", "bunches_per_day": 26.5, "centroid_lon": 103.792868, "centroid_lat": -1.532319, "estate": "MJMB"}, "geometry": {"type": "Polygon", "coordinates": [[[103.792048, -1.532704], [103.791591, -1.531764], [103.792671, -1.531011], [103.79273, -1.531005], [103.794083, -1.53206], [103.79399, -1.532759], [103.793087, -1.533594], [103.792524, -1.533609], [103.792048, -1.532704]]]}}, {"type": "Feature", "properties": {"division_code": 2, "block_code": 61, "block_label": "2-61", "planted_ha": 4.3, "palms": 564, "planted_year": 2018, "abw_kg": 18.4, "rotation_target_days": 10, "gang_code": "", "road_condition": "good", "bunches_per_day": 20.0, "centroid_lon": 103.795258, "centroid_lat": -1.532454, "estate": "MJMB"}, "geometry": {"type": "Polygon", "coordinates": [[[103.794026, -1.532759], [103.794119, -1.532063], [103.79554, -1.531255], [103.796496, -1.532431], [103.796018, -1.533316], [103.795051, -1.533462], [103.794026, -1.532759]]]}}, {"type": "Feature", "properties": {"division_code": 2, "block_code": 62, "block_label": "2-62", "planted_ha": 2.99, "palms": 401, "planted_year": 2017, "abw_kg": 18.9, "rotation_target_days": 10, "gang_code": "", "road_condition": "good", "bunches_per_day": 13.2, "centroid_lon": 103.798009, "centroid_lat": -1.532361, "estate": "MJMB"}, "geometry": {"type": "Polygon", "coordinates": [[[103.798014, -1.533336], [103.79692, -1.532426], [103.798132, -1.531073], [103.798937, -1.532678], [103.7984, -1.533356], [103.798014, -1.533336]]]}}, {"type": "Feature", "properties": {"division_code": 2, "block_code": 63, "block_label": "2-63", "planted_ha": 2.93, "palms": 398, "planted_year": 2015, "abw_kg": 22.2, "rotation_target_days": 10, "gang_code": "", "road_condition": "good", "bunches_per_day": 14.7, "centroid_lon": 103.800699, "centroid_lat": -1.532575, "estate": "MJMB"}, "geometry": {"type": "Polygon", "coordinates": [[[103.80057, -1.533443], [103.800575, -1.533522], [103.800438, -1.53352], [103.79975, -1.532622], [103.800433, -1.531434], [103.80072, -1.531444], [103.801177, -1.532163], [103.801759, -1.533005], [103.801438, -1.533322], [103.800697, -1.533366], [103.8007, -1.53343], [103.80057, -1.533443]]]}}, {"type": "Feature", "properties": {"division_code": 2, "block_code": 64, "block_label": "2-64", "planted_ha": 3.13, "palms": 425, "planted_year": 2012, "abw_kg": 21.5, "rotation_target_days": 10, "gang_code": "", "road_condition": "good", "bunches_per_day": 14.3, "centroid_lon": 103.785984, "centroid_lat": -1.533464, "estate": "MJMB"}, "geometry": {"type": "Polygon", "coordinates": [[[103.784913, -1.533341], [103.786226, -1.532365], [103.787032, -1.533104], [103.786048, -1.534596], [103.785741, -1.534616], [103.784913, -1.533341]]]}}, {"type": "Feature", "properties": {"division_code": 2, "block_code": 65, "block_label": "2-65", "planted_ha": 4.7, "palms": 637, "planted_year": 2015, "abw_kg": 21.4, "rotation_target_days": 10, "gang_code": "", "road_condition": "good", "bunches_per_day": 23.4, "centroid_lon": 103.78883, "centroid_lat": -1.533384, "estate": "MJMB"}, "geometry": {"type": "Polygon", "coordinates": [[[103.787565, -1.53321], [103.788775, -1.532001], [103.790056, -1.533238], [103.790084, -1.533709], [103.788716, -1.534617], [103.788544, -1.534724], [103.788482, -1.534712], [103.787565, -1.53321]]]}}, {"type": "Feature", "properties": {"division_code": 2, "block_code": 66, "block_label": "2-66", "planted_ha": 4.77, "palms": 643, "planted_year": 2016, "abw_kg": 20.7, "rotation_target_days": 10, "gang_code": "", "road_condition": "fair", "bunches_per_day": 24.2, "centroid_lon": 103.791278, "centroid_lat": -1.533312, "estate": "MJMB"}, "geometry": {"type": "Polygon", "coordinates": [[[103.790092, -1.533236], [103.791433, -1.531782], [103.791557, -1.531777], [103.792016, -1.53272], [103.792491, -1.533623], [103.791329, -1.53468], [103.790814, -1.534284], [103.79012, -1.533709], [103.790092, -1.533236]]]}}, {"type": "Feature", "properties": {"division_code": 2, "block_code": 67, "block_label": "2-67", "planted_ha": 3.36, "palms": 466, "planted_year": 2017, "abw_kg": 19.4, "rotation_target_days": 10, "gang_code": "", "road_condition": "good", "bunches_per_day": 16.6, "centroid_lon": 103.796933, "centroid_lat": -1.533581, "estate": "MJMB"}, "geometry": {"type": "Polygon", "coordinates": [[[103.796528, -1.532447], [103.796887, -1.532447], [103.797983, -1.533357], [103.796868, -1.535051], [103.796798, -1.535038], [103.79605, -1.533334], [103.796528, -1.532447]]]}}, {"type": "Feature", "properties": {"division_code": 3, "block_code": 1, "block_label": "3-1", "planted_ha": 4.62, "palms": 628, "planted_year": 2012, "abw_kg": 22.4, "rotation_target_days": 10, "gang_code": "", "road_condition": "fair", "bunches_per_day": 23.6, "centroid_lon": 103.776648, "centroid_lat": -1.534184, "estate": "MJMB"}, "geometry": {"type": "Polygon", "coordinates": [[[103.775741, -1.534936], [103.775739, -1.534853], [103.775785, -1.533399], [103.776684, -1.532709], [103.777303, -1.533593], [103.777935, -1.534431], [103.77793, -1.534553], [103.776563, -1.535411], [103.776193, -1.535394], [103.775741, -1.534936]]]}}, {"type": "Feature", "properties": {"division_code": 3, "block_code": 2, "block_label": "3-2", "planted_ha": 4.22, "palms": 565, "planted_year": 2013, "abw_kg": 22.4, "rotation_target_days": 10, "gang_code": "", "road_condition": "poor", "bunches_per_day": 22.7, "centroid_lon": 103.779293, "centroid_lat": -1.534307, "estate": "MJMB"}, "geometry": {"type": "Polygon", "coordinates": [[[103.777971, -1.534434], [103.779224, -1.533296], [103.779824, -1.533248], [103.780706, -1.533946], [103.779171, -1.535517], [103.778884, -1.535457], [103.777966, -1.534556], [103.777971, -1.534434]]]}}, {"type": "Feature", "properties": {"division_code": 3, "block_code": 3, "block_label": "3-3", "planted_ha": 3.91, "palms": 535, "planted_year": 2012, "abw_kg": 22.1, "rotation_target_days": 10, "gang_code": "", "road_condition": "fair", "bunches_per_day": 17.3, "centroid_lon": 103.782033, "centroid_lat": -1.534012, "estate": "MJMB"}, "geometry": {"type": "Polygon", "coordinates": [[[103.781829, -1.532866], [103.782394, -1.532779], [103.783106, -1.534365], [103.781906, -1.535338], [103.78091, -1.53397], [103.781829, -1.532866]]]}}, {"type": "Feature", "properties": {"division_code": 3, "block_code": 4, "block_label": "3-4", "planted_ha": 3.47, "palms": 461, "planted_year": 2013, "abw_kg": 21.5, "rotation_target_days": 10, "gang_code": "", "road_condition": "fair", "bunches_per_day": 15.8, "centroid_lon": 103.784687, "centroid_lat": -1.534492, "estate": "MJMB"}, "geometry": {"type": "Polygon", "coordinates": [[[103.784645, -1.535693], [103.783617, -1.534395], [103.784525, -1.53331], [103.784878, -1.533353], [103.78571, -1.534634], [103.784887, -1.535695], [103.784645, -1.535693]]]}}, {"type": "Feature", "properties": {"division_code": 3, "block_code": 5, "block_label": "3-5", "planted_ha": 3.67, "palms": 504, "planted_year": 2013, "abw_kg": 22.5, "rotation_target_days": 10, "gang_code": "", "road_condition": "fair", "bunches_per_day": 17.0, "centroid_lon": 103.787275, "centroid_lat": -1.534326, "estate": "MJMB"}, "geometry": {"type": "Polygon", "coordinates": [[[103.786084, -1.534608], [103.787064, -1.533122], [103.787531, -1.533223], [103.788446, -1.534722], [103.78735, -1.535407], [103.786084, -1.534608]]]}}, {"type": "Feature", "properties": {"division_code": 3, "block_code": 6, "block_label": "3-6", "planted_ha": 3.46, "palms": 464, "planted_year": 2017, "abw_kg": 19.4, "rotation_target_days": 10, "gang_code": "", "road_condition": "fair", "bunches_per_day": 18.1, "centroid_lon": 103.794134, "centroid_lat": -1.533987, "estate": "MJMB"}, "geometry": {"type": "Polygon", "coordinates": [[[103.793116, -1.533616], [103.794008, -1.532791], [103.795025, -1.533488], [103.794578, -1.535234], [103.793942, -1.535134], [103.793116, -1.533616]]]}}, {"type": "Feature", "properties": {"division_code": 3, "block_code": 7, "block_label": "3-7", "planted_ha": 3.18, "palms": 422, "planted_year": 2016, "abw_kg": 20.9, "rotation_target_days": 10, "gang_code": "", "road_condition": "good", "bunches_per_day": 15.8, "centroid_lon": 103.799415, "centroid_lat": -1.533611, "estate": "MJMB"}, "geometry": {"type": "Polygon", "coordinates": [[[103.79843, -1.533376], [103.798967, -1.532698], [103.79972, -1.532643], [103.800407, -1.533538], [103.799599, -1.534756], [103.799271, -1.534781], [103.79843, -1.533376]]]}}, {"type": "Feature", "properties": {"division_code": 3, "block_code": 8, "block_label": "3-8", "planted_ha": 3.99, "palms": 526, "planted_year": 2012, "abw_kg": 21.6, "rotation_target_days": 10, "gang_code": "", "road_condition": "fair", "bunches_per_day": 21.3, "centroid_lon": 103.777762, "centroid_lat": -1.535813, "estate": "MJMB"}, "geometry": {"type": "Polygon", "coordinates": [[[103.777945, -1.534586], [103.778853, -1.535477], [103.778081, -1.537027], [103.777531, -1.537094], [103.776592, -1.535436], [103.777945, -1.534586]]]}}, {"type": "Feature", "properties": {"division_code": 3, "block_code": 9, "block_label": "3-9", "planted_ha": 4.87, "palms": 649, "planted_year": 2012, "abw_kg": 22.4, "rotation_target_days": 10, "gang_code": "", "road_condition": "good", "bunches_per_day": 24.6, "centroid_lon": 103.780645, "centroid_lat": -1.53538, "estate": "MJMB"}, "geometry": {"type": "Polygon", "coordinates": [[[103.779203, -1.535536], [103.780739, -1.533964], [103.780877, -1.533985], [103.781884, -1.535369], [103.781844, -1.535847], [103.780448, -1.536636], [103.779203, -1.535536]]]}}, {"type": "Feature", "properties": {"division_code": 3, "block_code": 10, "block_label": "3-10", "planted_ha": 4.93, "palms": 658, "planted_year": 2012, "abw_kg": 21.4, "rotation_target_days": 10, "gang_code": "", "road_condition": "good", "bunches_per_day": 23.9, "centroid_lon": 103.783197, "centroid_lat": -1.535599, "estate": "MJMB"}, "geometry": {"type": "Polygon", "coordinates": [[[103.78192, -1.535373], [103.783134, -1.534388], [103.783585, -1.534412], [103.784611, -1.535709], [103.783386, -1.536775], [103.783038, -1.536801], [103.78188, -1.53585], [103.78192, -1.535373]]]}}, {"type": "Feature", "properties": {"division_code": 3, "block_code": 11, "block_label": "3-11", "planted_ha": 3.87, "palms": 531, "planted_year": 2012, "abw_kg": 21.4, "rotation_target_days": 10, "gang_code": "", "road_condition": "good", "bunches_per_day": 20.0, "centroid_lon": 103.786139, "centroid_lat": -1.535688, "estate": "MJMB"}, "geometry": {"type": "Polygon", "coordinates": [[[103.784919, -1.535712], [103.785741, -1.534653], [103.786054, -1.534632], [103.78733, -1.535437], [103.787223, -1.536037], [103.78612, -1.536754], [103.785799, -1.536684], [103.784919, -1.535712]]]}}, {"type": "Feature", "properties": {"division_code": 3, "block_code": 12, "block_label": "3-12", "planted_ha": 4.68, "palms": 625, "planted_year": 2014, "abw_kg": 22.6, "rotation_target_days": 10, "gang_code": "", "road_condition": "fair", "bunches_per_day": 25.2, "centroid_lon": 103.789972, "centroid_lat": -1.534958, "estate": "MJMB"}, "geometry": {"type": "Polygon", "coordinates": [[[103.790102, -1.533741], [103.790791, -1.534312], [103.791314, -1.534714], [103.791328, -1.534797], [103.790597, -1.535905], [103.789347, -1.535984], [103.788572, -1.534749], [103.790102, -1.533741]]]}}, {"type": "Feature", "properties": {"division_code": 3, "block_code": 13, "block_label": "3-13", "planted_ha": 4.13, "palms": 564, "planted_year": 2015, "abw_kg": 22.5, "rotation_target_days": 10, "gang_code": "", "road_condition": "fair", "bunches_per_day": 19.6, "centroid_lon": 103.792683, "centroid_lat": -1.534746, "estate": "MJMB"}, "geometry": {"type": "Polygon", "coordinates": [[[103.791363, -1.534791], [103.79135, -1.534711], [103.792521, -1.533645], [103.793083, -1.533631], [103.793907, -1.535145], [103.793019, -1.535785], [103.792493, -1.535757], [103.791363, -1.534791]]]}}, {"type": "Feature", "properties": {"division_code": 3, "block_code": 14, "block_label": "3-14", "planted_ha": 4.08, "palms": 541, "planted_year": 2016, "abw_kg": 21.1, "rotation_target_days": 10, "gang_code": "", "road_condition": "good", "bunches_per_day": 20.8, "centroid_lon": 103.795617, "centroid_lat": -1.53457, "estate": "MJMB"}, "geometry": {"type": "Polygon", "coordinates": [[[103.794612, -1.535247], [103.79506, -1.533497], [103.796019, -1.533353], [103.796762, -1.535046], [103.795477, -1.535688], [103.795051, -1.535597], [103.794612, -1.535247]]]}}, {"type": "Feature", "properties": {"division_code": 3, "block_code": 15, "block_label": "3-15", "planted_ha": 4.05, "palms": 534, "planted_year": 2016, "abw_kg": 20.0, "rotation_target_days": 10, "gang_code": "", "road_condition": "good", "bunches_per_day": 19.8, "centroid_lon": 103.798111, "centroid_lat": -1.53468, "estate": "MJMB"}, "geometry": {"type": "Polygon", "coordinates": [[[103.798016, -1.533372], [103.798397, -1.533392], [103.799239, -1.534798], [103.798178, -1.535944], [103.796901, -1.535067], [103.798016, -1.533372]]]}}, {"type": "Feature", "properties": {"division_code": 3, "block_code": 16, "block_label": "3-16", "planted_ha": 2.78, "palms": 367, "planted_year": 2016, "abw_kg": 20.9, "rotation_target_days": 10, "gang_code": "", "road_condition": "poor", "bunches_per_day": 12.4, "centroid_lon": 103.799192, "centroid_lat": -1.535773, "estate": "MJMB"}, "geometry": {"type": "Polygon", "coordinates": [[[103.7982, -1.535973], [103.79927, -1.534817], [103.799605, -1.534792], [103.800483, -1.535405], [103.799911, -1.535562], [103.799286, -1.536555], [103.799117, -1.537032], [103.798261, -1.536233], [103.7982, -1.535973]]]}}, {"type": "Feature", "properties": {"division_code": 3, "block_code": 17, "block_label": "3-17", "planted_ha": 2.43, "palms": 323, "planted_year": 2015, "abw_kg": 21.4, "rotation_target_days": 10, "gang_code": "", "road_condition": "good", "bunches_per_day": 12.8, "centroid_lon": 103.800677, "centroid_lat": -1.534744, "estate": "MJMB"}, "geometry": {"type": "Polygon", "coordinates": [[[103.799634, -1.534768], [103.800439, -1.533556], [103.800578, -1.533559], [103.800648, -1.534439], [103.801551, -1.53458], [103.801738, -1.535157], [103.801379, -1.53548], [103.800554, -1.535411], [103.799634, -1.534768]]]}}, {"type": "Feature", "properties": {"division_code": 3, "block_code": 18, "block_label": "3-18", "planted_ha": 3.6, "palms": 474, "planted_year": 2010, "abw_kg": 22.4, "rotation_target_days": 10, "gang_code": "", "road_condition": "good", "bunches_per_day": 19.2, "centroid_lon": 103.776509, "centroid_lat": -1.536775, "estate": "MJMB"}, "geometry": {"type": "Polygon", "coordinates": [[[103.775777, -1.537202], [103.775773, -1.536141], [103.776195, -1.535431], [103.776557, -1.535447], [103.7775, -1.537112], [103.776883, -1.537918], [103.776223, -1.537916], [103.775777, -1.537202]]]}}, {"type": "Feature", "properties": {"division_code": 3, "block_code": 19, "block_label": "3-19", "planted_ha": 4.25, "palms": 567, "planted_year": 2011, "abw_kg": 22.1, "rotation_target_days": 10, "gang_code": "", "road_condition": "fair", "bunches_per_day": 22.1, "centroid_lon": 103.779285, "centroid_lat": -1.53681, "estate": "MJMB"}, "geometry": {"type": "Polygon", "coordinates": [[[103.778115, -1.537039], [103.778884, -1.535494], [103.779169, -1.535553], [103.780426, -1.536665], [103.780265, -1.537389], [103.779316, -1.538057], [103.778115, -1.537039]]]}}, {"type": "Feature", "properties": {"division_code": 3, "block_code": 20, "block_label": "3-20", "planted_ha": 3.96, "palms": 527, "planted_year": 2012, "abw_kg": 22.2, "rotation_target_days": 10, "gang_code": "", "road_condition": "poor", "bunches_per_day": 21.0, "centroid_lon": 103.784665, "centroid_lat": -1.536917, "estate": "MJMB"}, "geometry": {"type": "Polygon", "coordinates": [[[103.784086, -1.537521], [103.783419, -1.536794], [103.784643, -1.535729], [103.784888, -1.535731], [103.785768, -1.536703], [103.78484, -1.538332], [103.784753, -1.538315], [103.784086, -1.537521]]]}}, {"type": "Feature", "properties": {"division_code": 3, "block_code": 21, "block_label": "3-21", "planted_ha": 2.77, "palms": 378, "planted_year": 2012, "abw_kg": 21.5, "rotation_target_days": 10, "gang_code": "", "road_condition": "good", "bunches_per_day": 14.6, "centroid_lon": 103.787141, "centroid_lat": -1.537131, "estate": "MJMB"}, "geometry": {"type": "Polygon", "coordinates": [[[103.786979, -1.538127], [103.786148, -1.536778], [103.787235, -1.536072], [103.788056, -1.537118], [103.787435, -1.538163], [103.786979, -1.538127]]]}}, {"type": "Feature", "properties": {"division_code": 3, "block_code": 22, "block_label": "3-22", "planted_ha": 3.99, "palms": 535, "planted_year": 2012, "abw_kg": 22.5, "rotation_target_days": 10, "gang_code": "", "road_condition": "good", "bunches_per_day": 18.4, "centroid_lon": 103.788322, "centroid_lat": -1.536017, "estate": "MJMB"}, "geometry": {"type": "Polygon", "coordinates": [[[103.787258, -1.536043], [103.787366, -1.535439], [103.788474, -1.534747], [103.788536, -1.53476], [103.789318, -1.536005], [103.789018, -1.537083], [103.788086, -1.537099], [103.787258, -1.536043]]]}}, {"type": "Feature", "properties": {"division_code": 3, "block_code": 23, "block_label": "3-23", "planted_ha": 3.71, "palms": 500, "planted_year": 2012, "abw_kg": 21.5, "rotation_target_days": 10, "gang_code": "", "road_condition": "good", "bunches_per_day": 16.8, "centroid_lon": 103.790053, "centroid_lat": -1.536941, "estate": "MJMB"}, "geometry": {"type": "Polygon", "coordinates": [[[103.789352, -1.53602], [103.790595, -1.535942], [103.791107, -1.537415], [103.789901, -1.538131], [103.789051, -1.537097], [103.789352, -1.53602]]]}}, {"type": "Feature", "properties": {"division_code": 3, "block_code": 24, "block_label": "3-24", "planted_ha": 3.31, "palms": 440, "planted_year": 2013, "abw_kg": 22.4, "rotation_target_days": 10, "gang_code": "", "road_condition": "good", "bunches_per_day": 16.5, "centroid_lon": 103.791475, "centroid_lat": -1.536127, "estate": "MJMB"}, "geometry": {"type": "Polygon", "coordinates": [[[103.790627, -1.535925], [103.79135, -1.534828], [103.792464, -1.535779], [103.791962, -1.536692], [103.791529, -1.537424], [103.791142, -1.537405], [103.790627, -1.535925]]]}}, {"type": "Feature", "properties": {"division_code": 3, "block_code": 25, "block_label": "3-25", "planted_ha": 3.51, "palms": 473, "planted_year": 2013, "abw_kg": 22.5, "rotation_target_days": 10, "gang_code": "", "road_condition": "good", "bunches_per_day": 15.8, "centroid_lon": 103.792624, "centroid_lat": -1.537059, "estate": "MJMB"}, "geometry": {"type": "Polygon", "coordinates": [[[103.791562, -1.537438], [103.791993, -1.53671], [103.792497, -1.535793], [103.793011, -1.535821], [103.793505, -1.53736], [103.793017, -1.538124], [103.792538, -1.538162], [103.791562, -1.537438]]]}}, {"type": "Feature", "properties": {"division_code": 3, "block_code": 26, "block_label": "3-26", "planted_ha": 3.39, "palms": 447, "planted_year": 2015, "abw_kg": 21.8, "rotation_target_days": 10, "gang_code": "", "road_condition": "poor", "bunches_per_day": 15.7, "centroid_lon": 103.794001, "centroid_lat": -1.536175, "estate": "MJMB"}, "geometry": {"type": "Polygon", "coordinates": [[[103.793045, -1.535811], [103.793935, -1.53517], [103.794584, -1.535272], [103.795021, -1.535619], [103.794327, -1.537173], [103.793537, -1.537342], [103.793045, -1.535811]]]}}, {"type": "Feature", "properties": {"division_code": 3, "block_code": 27, "block_label": "3-27", "planted_ha": 3.36, "palms": 458, "planted_year": 2015, "abw_kg": 21.9, "rotation_target_days": 10, "gang_code": "", "road_condition": "good", "bunches_per_day": 16.5, "centroid_lon": 103.795311, "centroid_lat": -1.536999, "estate": "MJMB"}, "geometry": {"type": "Polygon", "coordinates": [[[103.794362, -1.537184], [103.795053, -1.535634], [103.795467, -1.535722], [103.796243, -1.537659], [103.795516, -1.538265], [103.794362, -1.537184]]]}}, {"type": "Feature", "properties": {"division_code": 3, "block_code": 28, "block_label": "3-28", "planted_ha": 5.11, "palms": 688, "planted_year": 2016, "abw_kg": 21.2, "rotation_target_days": 10, "gang_code": "", "road_condition": "good", "bunches_per_day": 23.4, "centroid_lon": 103.796793, "centroid_lat": -1.536301, "estate": "MJMB"}, "geometry": {"type": "Polygon", "coordinates": [[[103.795502, -1.535715], [103.796788, -1.535073], [103.796869, -1.535088], [103.798165, -1.535978], [103.798225, -1.536236], [103.796711, -1.537679], [103.796277, -1.537647], [103.795502, -1.535715]]]}}, {"type": "Feature", "properties": {"division_code": 3, "block_code": 29, "block_label": "3-29", "planted_ha": 3.96, "palms": 539, "planted_year": 2010, "abw_kg": 21.4, "rotation_target_days": 10, "gang_code": "", "road_condition": "good", "bunches_per_day": 19.5, "centroid_lon": 103.778091, "centroid_lat": -1.538145, "estate": "MJMB"}, "geometry": {"type": "Polygon", "coordinates": [[[103.776914, -1.537936], [103.777531, -1.537131], [103.778087, -1.537063], [103.779295, -1.538087], [103.779186, -1.538536], [103.777967, -1.539395], [103.776914, -1.537936]]]}}, {"type": "Feature", "properties": {"division_code": 3, "block_code": 30, "block_label": "3-30", "planted_ha": 5.5, "palms": 761, "planted_year": 2012, "abw_kg": 21.7, "rotation_target_days": 10, "gang_code": "", "road_condition": "good", "bunches_per_day": 25.1, "centroid_lon": 103.781651, "centroid_lat": -1.537217, "estate": "MJMB"}, "geometry": {"type": "Polygon", "coordinates": [[[103.781521, -1.53853], [103.780301, -1.537394], [103.780462, -1.53667], [103.781859, -1.53588], [103.78301, -1.536825], [103.782152, -1.53852], [103.781521, -1.53853]]]}}, {"type": "Feature", "properties": {"division_code": 3, "block_code": 31, "block_label": "3-31", "planted_ha": 4.49, "palms": 609, "planted_year": 2012, "abw_kg": 22.4, "rotation_target_days": 10, "gang_code": "", "road_condition": "poor", "bunches_per_day": 20.9, "centroid_lon": 103.783337, "centroid_lat": -1.538168, "estate": "MJMB"}, "geometry": {"type": "Polygon", "coordinates": [[[103.783044, -1.536837], [103.783386, -1.536811], [103.784059, -1.537545], [103.784716, -1.538328], [103.782939, -1.539493], [103.782184, -1.538536], [103.783044, -1.536837]]]}}, {"type": "Feature", "properties": {"division_code": 3, "block_code": 32, "block_label": "3-32", "planted_ha": 3.5, "palms": 477, "planted_year": 2013, "abw_kg": 22.5, "rotation_target_days": 10, "gang_code": "", "road_condition": "fair", "bunches_per_day": 17.3, "centroid_lon": 103.785898, "centroid_lat": -1.538025, "estate": "MJMB"}, "geometry": {"type": "Polygon", "coordinates": [[[103.785799, -1.536721], [103.786112, -1.536789], [103.786946, -1.538142], [103.785794, -1.539286], [103.784872, -1.538349], [103.785799, -1.536721]]]}}, {"type": "Feature", "properties": {"division_code": 3, "block_code": 33, "block_label": "3-33", "planted_ha": 4.2, "palms": 560, "planted_year": 2013, "abw_kg": 22.2, "rotation_target_days": 10, "gang_code": "", "road_condition": "good", "bunches_per_day": 20.3, "centroid_lon": 103.788685, "centroid_lat": -1.538145, "estate": "MJMB"}, "geometry": {"type": "Polygon", "coordinates": [[[103.787467, -1.53818], [103.788088, -1.537135], [103.789023, -1.537119], [103.789877, -1.538159], [103.789758, -1.538586], [103.789057, -1.53915], [103.788448, -1.539239], [103.787467, -1.53818]]]}}, {"type": "Feature", "properties": {"division_code": 3, "block_code": 34, "block_label": "3-34", "planted_ha": 3.95, "palms": 532, "planted_year": 2013, "abw_kg": 21.5, "rotation_target_days": 10, "gang_code": "", "road_condition": "good", "bunches_per_day": 19.9, "centroid_lon": 103.794289, "centroid_lat": -1.538266, "estate": "MJMB"}, "geometry": {"type": "Polygon", "coordinates": [[[103.79305, -1.538139], [103.793536, -1.537379], [103.794335, -1.537208], [103.795495, -1.538295], [103.795276, -1.538931], [103.794255, -1.53939], [103.79305, -1.538139]]]}}, {"type": "Feature", "properties": {"division_code": 3, "block_code": 35, "block_label": "3-35", "planted_ha": 3.66, "palms": 487, "planted_year": 2015, "abw_kg": 22.4, "rotation_target_days": 10, "gang_code": "", "road_condition": "good", "bunches_per_day": 19.5, "centroid_lon": 103.797969, "centroid_lat": -1.537509, "estate": "MJMB"}, "geometry": {"type": "Polygon", "coordinates": [[[103.796743, -1.537698], [103.798245, -1.536267], [103.799104, -1.537069], [103.799026, -1.537287], [103.798096, -1.538541], [103.798041, -1.538635], [103.797566, -1.5386], [103.796743, -1.537698]]]}}, {"type": "Feature", "properties": {"division_code": 3, "block_code": 36, "block_label": "3-36", "planted_ha": 4.76, "palms": 646, "planted_year": 2009, "abw_kg": 21.6, "rotation_target_days": 10, "gang_code": "", "road_condition": "good", "bunches_per_day": 24.1, "centroid_lon": 103.776642, "centroid_lat": -1.539198, "estate": "MJMB"}, "geometry": {"type": "Polygon", "coordinates": [[[103.775698, -1.539793], [103.775679, -1.539324], [103.775731, -1.538503], [103.776221, -1.537952], [103.776882, -1.537954], [103.777944, -1.539424], [103.777938, -1.539458], [103.776857, -1.540409], [103.775998, -1.540243], [103.775698, -1.539793]]]}}, {"type": "Feature", "properties": {"division_code": 3, "block_code": 37, "block_label": "3-37", "planted_ha": 3.36, "palms": 447, "planted_year": 2009, "abw_kg": 21.5, "rotation_target_days": 10, "gang_code": "", "road_condition": "good", "bunches_per_day": 17.6, "centroid_lon": 103.77917, "centroid_lat": -1.539705, "estate": "MJMB"}, "geometry": {"type": "Polygon", "coordinates": [[[103.777973, -1.539462], [103.777979, -1.53943], [103.779199, -1.538571], [103.780295, -1.539843], [103.779393, -1.540836], [103.779215, -1.540831], [103.777973, -1.539462]]]}}, {"type": "Feature", "properties": {"division_code": 3, "block_code": 38, "block_label": "3-38", "planted_ha": 3.62, "palms": 498, "planted_year": 2011, "abw_kg": 22.4, "rotation_target_days": 10, "gang_code": "", "road_condition": "fair", "bunches_per_day": 18.2, "centroid_lon": 103.7803, "centroid_lat": -1.538574, "estate": "MJMB"}, "geometry": {"type": "Polygon", "coordinates": [[[103.779221, -1.538542], [103.779331, -1.538091], [103.780279, -1.537423], [103.781489, -1.53855], [103.780407, -1.53981], [103.780326, -1.539823], [103.779221, -1.538542]]]}}, {"type": "Feature", "properties": {"division_code": 3, "block_code": 39, "block_label": "3-39", "planted_ha": 3.99, "palms": 545, "planted_year": 2011, "abw_kg": 22.4, "rotation_target_days": 10, "gang_code": "", "road_condition": "good", "bunches_per_day": 18.6, "centroid_lon": 103.781735, "centroid_lat": -1.539622, "estate": "MJMB"}, "geometry": {"type": "Polygon", "coordinates": [[[103.781504, -1.540688], [103.780442, -1.539824], [103.781522, -1.538566], [103.782154, -1.538556], [103.782917, -1.539524], [103.782918, -1.539595], [103.782087, -1.540605], [103.781504, -1.540688]]]}}, {"type": "Feature", "properties": {"division_code": 3, "block_code": 40, "block_label": "3-40", "planted_ha": 4.91, "palms": 655, "planted_year": 2012, "abw_kg": 21.9, "rotation_target_days": 10, "gang_code": "", "road_condition": "good", "bunches_per_day": 24.8, "centroid_lon": 103.78452, "centroid_lat": -1.539586, "estate": "MJMB"}, "geometry": {"type": "Polygon", "coordinates": [[[103.782953, -1.539527], [103.784747, -1.538351], [103.78484, -1.538369], [103.785777, -1.539319], [103.785852, -1.539774], [103.785049, -1.540553], [103.784088, -1.540625], [103.782954, -1.539594], [103.782953, -1.539527]]]}}, {"type": "Feature", "properties": {"division_code": 3, "block_code": 41, "block_label": "3-41", "planted_ha": 4.41, "palms": 609, "planted_year": 2013, "abw_kg": 21.6, "rotation_target_days": 10, "gang_code": "", "road_condition": "fair", "bunches_per_day": 21.0, "centroid_lon": 103.787102, "centroid_lat": -1.53931, "estate": "MJMB"}, "geometry": {"type": "Polygon", "coordinates": [[[103.785888, -1.539768], [103.785813, -1.539317], [103.786976, -1.538164], [103.787436, -1.5382], [103.788418, -1.539259], [103.787545, -1.540348], [103.786956, -1.540316], [103.785888, -1.539768]]]}}, {"type": "Feature", "properties": {"division_code": 3, "block_code": 42, "block_label": "3-42", "planted_ha": 3.96, "palms": 548, "planted_year": 2012, "abw_kg": 21.8, "rotation_target_days": 10, "gang_code": "", "road_condition": "good", "bunches_per_day": 19.3, "centroid_lon": 103.790155, "centroid_lat": -1.539919, "estate": "MJMB"}, "geometry": {"type": "Polygon", "coordinates": [[[103.789086, -1.539173], [103.789774, -1.53862], [103.79149, -1.540143], [103.79046, -1.541051], [103.789663, -1.540877], [103.789086, -1.539173]]]}}, {"type": "Feature", "properties": {"division_code": 3, "block_code": 43, "block_label": "3-43", "planted_ha": 4.98, "palms": 667, "planted_year": 2013, "abw_kg": 22.5, "rotation_target_days": 10, "gang_code": "", "road_condition": "good", "bunches_per_day": 24.4, "centroid_lon": 103.791192, "centroid_lat": -1.538588, "estate": "MJMB"}, "geometry": {"type": "Polygon", "coordinates": [[[103.789794, -1.53859], [103.789913, -1.538167], [103.791133, -1.537441], [103.791532, -1.537461], [103.79251, -1.538186], [103.791503, -1.540106], [103.789794, -1.53859]]]}}, {"type": "Feature", "properties": {"division_code": 3, "block_code": 44, "block_label": "3-44", "planted_ha": 5.25, "palms": 695, "planted_year": 2012, "abw_kg": 22.6, "rotation_target_days": 10, "gang_code": "", "road_condition": "good", "bunches_per_day": 23.2, "centroid_lon": 103.792879, "centroid_lat": -1.539548, "estate": "MJMB"}, "geometry": {"type": "Polygon", "coordinates": [[[103.792544, -1.538198], [103.79302, -1.53816], [103.79423, -1.539416], [103.793967, -1.540085], [103.792577, -1.540837], [103.791527, -1.540139], [103.792544, -1.538198]]]}}, {"type": "Feature", "properties": {"division_code": 3, "block_code": 45, "block_label": "3-45", "planted_ha": 2.28, "palms": 300, "planted_year": 2013, "abw_kg": 21.5, "rotation_target_days": 10, "gang_code": "", "road_condition": "fair", "bunches_per_day": 11.4, "centroid_lon": 103.794986, "centroid_lat": -1.539749, "estate": "MJMB"}, "geometry": {"type": "Polygon", "coordinates": [[[103.794265, -1.539425], [103.795287, -1.538966], [103.79629, -1.539918], [103.79627, -1.539971], [103.795532, -1.539896], [103.795468, -1.540006], [103.795441, -1.540004], [103.795294, -1.540264], [103.794371, -1.540437], [103.794329, -1.540495], [103.794002, -1.540094], [103.794265, -1.539425]]]}}, {"type": "Feature", "properties": {"division_code": 3, "block_code": 46, "block_label": "3-46", "planted_ha": 3.92, "palms": 540, "planted_year": 2014, "abw_kg": 21.9, "rotation_target_days": 10, "gang_code": "", "road_condition": "good", "bunches_per_day": 20.4, "centroid_lon": 103.796433, "centroid_lat": -1.538787, "estate": "MJMB"}, "geometry": {"type": "Polygon", "coordinates": [[[103.795311, -1.538939], [103.795531, -1.5383], [103.796271, -1.537683], [103.79671, -1.537715], [103.797536, -1.538621], [103.796925, -1.539856], [103.796318, -1.539894], [103.795311, -1.538939]]]}}, {"type": "Feature", "properties": {"division_code": 3, "block_code": 47, "block_label": "3-47", "planted_ha": 3.66, "palms": 484, "planted_year": 2009, "abw_kg": 22.4, "rotation_target_days": 10, "gang_code": "", "road_condition": "fair", "bunches_per_day": 16.5, "centroid_lon": 103.777935, "centroid_lat": -1.540722, "estate": "MJMB"}, "geometry": {"type": "Polygon", "coordinates": [[[103.776883, -1.540434], [103.777953, -1.539493], [103.779181, -1.540846], [103.777861, -1.541833], [103.777394, -1.541709], [103.776883, -1.540434]]]}}, {"type": "Feature", "properties": {"division_code": 3, "block_code": 48, "block_label": "3-48", "planted_ha": 3.06, "palms": 417, "planted_year": 2009, "abw_kg": 22.1, "rotation_target_days": 10, "gang_code": "", "road_condition": "fair", "bunches_per_day": 14.0, "centroid_lon": 103.780439, "centroid_lat": -1.540923, "estate": "MJMB"}, "geometry": {"type": "Polygon", "coordinates": [[[103.78006, -1.541846], [103.779423, -1.540856], [103.780328, -1.53986], [103.780411, -1.539846], [103.781475, -1.540711], [103.780797, -1.541856], [103.78006, -1.541846]]]}}, {"type": "Feature", "properties": {"division_code": 3, "block_code": 49, "block_label": "3-49", "planted_ha": 3.67, "palms": 500, "planted_year": 2011, "abw_kg": 22.3, "rotation_target_days": 10, "gang_code": "", "road_condition": "poor", "bunches_per_day": 18.5, "centroid_lon": 103.783065, "centroid_lat": -1.540962, "estate": "MJMB"}, "geometry": {"type": "Polygon", "coordinates": [[[103.782755, -1.542194], [103.782117, -1.540625], [103.782938, -1.539628], [103.784059, -1.540648], [103.783365, -1.542216], [103.782755, -1.542194]]]}}, {"type": "Feature", "properties": {"division_code": 3, "block_code": 50, "block_label": "3-50", "planted_ha": 3.31, "palms": 456, "planted_year": 2012, "abw_kg": 22.4, "rotation_target_days": 10, "gang_code": "", "road_condition": "good", "bunches_per_day": 17.8, "centroid_lon": 103.785949, "centroid_lat": -1.540929, "estate": "MJMB"}, "geometry": {"type": "Polygon", "coordinates": [[[103.785875, -1.539802], [103.786929, -1.540343], [103.786237, -1.542072], [103.785398, -1.54193], [103.785076, -1.540577], [103.785875, -1.539802]]]}}, {"type": "Feature", "properties": {"division_code": 3, "block_code": 51, "block_label": "3-51", "planted_ha": 3.88, "palms": 535, "planted_year": 2012, "abw_kg": 22.4, "rotation_target_days": 10, "gang_code": "", "road_condition": "fair", "bunches_per_day": 20.9, "centroid_lon": 103.788629, "centroid_lat": -1.540449, "estate": "MJMB"}, "geometry": {"type": "Polygon", "coordinates": [[[103.788451, -1.539275], [103.789053, -1.539187], [103.789628, -1.540885], [103.788508, -1.541744], [103.788356, -1.54173], [103.787575, -1.540368], [103.788451, -1.539275]]]}}, {"type": "Feature", "properties": {"division_code": 3, "block_code": 52, "block_label": "3-52", "planted_ha": 3.05, "palms": 418, "planted_year": 2012, "abw_kg": 21.6, "rotation_target_days": 10, "gang_code": "", "road_condition": "fair", "bunches_per_day": 13.7, "centroid_lon": 103.79153, "centroid_lat": -1.541155, "estate": "MJMB"}, "geometry": {"type": "Polygon", "coordinates": [[[103.791512, -1.540172], [103.792558, -1.540868], [103.792548, -1.541359], [103.792175, -1.541826], [103.792053, -1.541832], [103.790579, -1.541831], [103.790484, -1.541078], [103.791512, -1.540172]]]}}, {"type": "Feature", "properties": {"division_code": 3, "block_code": 53, "block_label": "3-53", "planted_ha": 1.85, "palms": 245, "planted_year": 2012, "abw_kg": 22.2, "rotation_target_days": 10, "gang_code": "", "road_condition": "fair", "bunches_per_day": 9.0, "centroid_lon": 103.793397, "centroid_lat": -1.54094, "estate": "MJMB"}, "geometry": {"type": "Polygon", "coordinates": [[[103.792594, -1.540869], [103.793977, -1.54012], [103.794306, -1.540524], [103.794296, -1.540526], [103.794192, -1.540684], [103.793572, -1.541535], [103.792938, -1.541672], [103.792584, -1.541358], [103.792594, -1.540869]]]}}, {"type": "Feature", "properties": {"division_code": 3, "block_code": 54, "block_label": "3-54", "planted_ha": 3.49, "palms": 473, "planted_year": 2008, "abw_kg": 22.5, "rotation_target_days": 10, "gang_code": "", "road_condition": "good", "bunches_per_day": 17.1, "centroid_lon": 103.776359, "centroid_lat": -1.541431, "estate": "MJMB"}, "geometry": {"type": "Polygon", "coordinates": [[[103.775715, -1.540707], [103.775996, -1.540279], [103.776849, -1.540445], [103.777359, -1.541718], [103.77609, -1.542676], [103.775614, -1.542308], [103.775654, -1.541469], [103.775715, -1.540707]]]}}, {"type": "Feature", "properties": {"division_code": 3, "block_code": 55, "block_label": "3-55", "planted_ha": 3.85, "palms": 503, "planted_year": 2008, "abw_kg": 22.4, "rotation_target_days": 10, "gang_code": "", "road_condition": "poor", "bunches_per_day": 19.4, "centroid_lon": 103.778986, "centroid_lat": -1.542103, "estate": "MJMB"}, "geometry": {"type": "Polygon", "coordinates": [[[103.777887, -1.541859], [103.779213, -1.540867], [103.779391, -1.540872], [103.780029, -1.541864], [103.779134, -1.543367], [103.77861, -1.543312], [103.777887, -1.541859]]]}}, {"type": "Feature", "properties": {"division_code": 3, "block_code": 56, "block_label": "3-56", "planted_ha": 3.13, "palms": 432, "planted_year": 2010, "abw_kg": 21.8, "rotation_target_days": 10, "gang_code": "", "road_condition": "fair", "bunches_per_day": 15.2, "centroid_lon": 103.78179, "centroid_lat": -1.541776, "estate": "MJMB"}, "geometry": {"type": "Polygon", "coordinates": [[[103.780829, -1.541872], [103.781509, -1.540724], [103.782085, -1.540642], [103.782721, -1.542206], [103.781727, -1.542946], [103.780829, -1.541872]]]}}, {"type": "Feature", "properties": {"division_code": 3, "block_code": 57, "block_label": "3-57", "planted_ha": 3.67, "palms": 506, "planted_year": 2012, "abw_kg": 22.2, "rotation_target_days": 10, "gang_code": "", "road_condition": "poor", "bunches_per_day": 16.4, "centroid_lon": 103.784422, "centroid_lat": -1.541723, "estate": "MJMB"}, "geometry": {"type": "Polygon", "coordinates": [[[103.784093, -1.540661], [103.785042, -1.54059], [103.785363, -1.54194], [103.784265, -1.543004], [103.783399, -1.54223], [103.784093, -1.540661]]]}}, {"type": "Feature", "properties": {"division_code": 3, "block_code": 58, "block_label": "3-58", "planted_ha": 3.86, "palms": 511, "planted_year": 2012, "abw_kg": 22.1, "rotation_target_days": 10, "gang_code": "", "road_condition": "fair", "bunches_per_day": 20.1, "centroid_lon": 103.787261, "centroid_lat": -1.541634, "estate": "MJMB"}, "geometry": {"type": "Polygon", "coordinates": [[[103.78627, -1.542088], [103.786964, -1.540353], [103.787542, -1.540384], [103.788323, -1.541745], [103.787171, -1.543003], [103.78627, -1.542088]]]}}, {"type": "Feature", "properties": {"division_code": 3, "block_code": 59, "block_label": "3-59", "planted_ha": 1.67, "palms": 221, "planted_year": 2012, "abw_kg": 22.6, "rotation_target_days": 10, "gang_code": "", "road_condition": "fair", "bunches_per_day": 8.9, "centroid_lon": 103.78815, "centroid_lat": -1.542561, "estate": "MJMB"}, "geometry": {"type": "Polygon", "coordinates": [[[103.787189, -1.543037], [103.788352, -1.541766], [103.788505, -1.54178], [103.789161, -1.542425], [103.787603, -1.543278], [103.787396, -1.54338], [103.787186, -1.543073], [103.787189, -1.543037]]]}}, {"type": "Feature", "properties": {"division_code": 3, "block_code": 60, "block_label": "3-60", "planted_ha": 2.11, "palms": 284, "planted_year": 2013, "abw_kg": 21.5, "rotation_target_days": 10, "gang_code": "", "road_condition": "good", "bunches_per_day": 11.2, "centroid_lon": 103.78961, "centroid_lat": -1.541619, "estate": "MJMB"}, "geometry": {"type": "Polygon", "coordinates": [[[103.789653, -1.540911], [103.790449, -1.541086], [103.790543, -1.541831], [103.790245, -1.541831], [103.789194, -1.542407], [103.788541, -1.541765], [103.789653, -1.540911]]]}}, {"type": "Feature", "properties": {"division_code": 3, "block_code": 61, "block_label": "3-61", "planted_ha": 4.36, "palms": 600, "planted_year": 2008, "abw_kg": 22.2, "rotation_target_days": 10, "gang_code": "", "road_condition": "poor", "bunches_per_day": 23.0, "centroid_lon": 103.77734, "centroid_lat": -1.542939, "estate": "MJMB"}, "geometry": {"type": "Polygon", "coordinates": [[[103.77618, -1.543284], [103.776109, -1.542707], [103.777384, -1.541744], [103.777852, -1.541869], [103.778575, -1.543323], [103.777459, -1.54412], [103.77618, -1.543284]]]}}, {"type": "Feature", "properties": {"division_code": 3, "block_code": 62, "block_label": "3-62", "planted_ha": 4.08, "palms": 541, "planted_year": 2008, "abw_kg": 22.6, "rotation_target_days": 10, "gang_code": "", "road_condition": "fair", "bunches_per_day": 19.3, "centroid_lon": 103.780342, "centroid_lat": -1.542993, "estate": "MJMB"}, "geometry": {"type": "Polygon", "coordinates": [[[103.779166, -1.543384], [103.780061, -1.541882], [103.780799, -1.541892], [103.781704, -1.542975], [103.781681, -1.543063], [103.781097, -1.543028], [103.781089, -1.543051], [103.781086, -1.543051], [103.780795, -1.543799], [103.780709, -1.543877], [103.780354, -1.544181], [103.779908, -1.54411], [103.779166, -1.543384]]]}}, {"type": "Feature", "properties": {"division_code": 3, "block_code": 63, "block_label": "3-63", "planted_ha": 1.71, "palms": 228, "planted_year": 2010, "abw_kg": 22.0, "rotation_target_days": 10, "gang_code": "", "road_condition": "fair", "bunches_per_day": 8.7, "centroid_lon": 103.783005, "centroid_lat": -1.542749, "estate": "MJMB"}, "geometry": {"type": "Polygon", "coordinates": [[[103.78362, -1.543089], [103.781801, -1.54307], [103.781717, -1.543065], [103.78174, -1.542982], [103.782748, -1.54223], [103.78337, -1.542253], [103.784249, -1.543038], [103.784251, -1.543106], [103.78362, -1.543089]]]}}, {"type": "Feature", "properties": {"division_code": 3, "block_code": 64, "block_label": "3-64", "planted_ha": 2.87, "palms": 395, "planted_year": 2012, "abw_kg": 21.7, "rotation_target_days": 10, "gang_code": "", "road_condition": "fair", "bunches_per_day": 14.4, "centroid_lon": 103.78577, "centroid_lat": -1.542726, "estate": "MJMB"}, "geometry": {"type": "Polygon", "coordinates": [[[103.784285, -1.543036], [103.785389, -1.541966], [103.78624, -1.542109], [103.787153, -1.543036], [103.787151, -1.543067], [103.786704, -1.543328], [103.785606, -1.543199], [103.784294, -1.543093], [103.784285, -1.543036]]]}}, {"type": "Feature", "properties": {"division_code": 3, "block_code": 65, "block_label": "3-65", "planted_ha": 3.62, "palms": 484, "planted_year": 2009, "abw_kg": 22.2, "rotation_target_days": 10, "gang_code": "", "road_condition": "fair", "bunches_per_day": 18.3, "centroid_lon": 103.776422, "centroid_lat": -1.544459, "estate": "MJMB"}, "geometry": {"type": "Polygon", "coordinates": [[[103.777441, -1.544151], [103.777412, -1.544899], [103.776582, -1.545491], [103.776283, -1.545452], [103.775492, -1.544913], [103.775539, -1.54391], [103.776166, -1.543317], [103.777441, -1.544151]]]}}, {"type": "Feature", "properties": {"division_code": 3, "block_code": 66, "block_label": "3-66", "planted_ha": 4.62, "palms": 639, "planted_year": 2009, "abw_kg": 22.5, "rotation_target_days": 10, "gang_code": "", "road_condition": "fair", "bunches_per_day": 22.0, "centroid_lon": 103.778592, "centroid_lat": -1.544492, "estate": "MJMB"}, "geometry": {"type": "Polygon", "coordinates": [[[103.777477, -1.544152], [103.778603, -1.543347], [103.779135, -1.543404], [103.779877, -1.54413], [103.779309, -1.545029], [103.778939, -1.545655], [103.778166, -1.545604], [103.777448, -1.544901], [103.777477, -1.544152]]]}}, {"type": "Feature", "properties": {"division_code": 3, "block_code": 67, "block_label": "3-67", "planted_ha": 1.22, "palms": 166, "planted_year": 2008, "abw_kg": 21.4, "rotation_target_days": 10, "gang_code": "", "road_condition": "good", "bunches_per_day": 5.6, "centroid_lon": 103.779727, "centroid_lat": -1.545008, "estate": "MJMB"}, "geometry": {"type": "Polygon", "coordinates": [[[103.780238, -1.544295], [103.780049, -1.54539], [103.779742, -1.545576], [103.779541, -1.545694], [103.778981, -1.545658], [103.779908, -1.544147], [103.780331, -1.544214], [103.780238, -1.544295]]]}}, {"type": "Feature", "properties": {"division_code": 1, "block_code": 1, "block_label": "1-1", "planted_ha": 3.79, "palms": 507, "planted_year": 2010, "abw_kg": 22.0, "rotation_target_days": 10, "gang_code": "", "road_condition": "fair", "bunches_per_day": 17.1, "centroid_lon": 116.909244, "centroid_lat": 1.121981, "estate": "MKAL"}, "geometry": {"type": "Polygon", "coordinates": [[[116.910312, 1.122675], [116.90968, 1.120832], [116.908425, 1.121192], [116.908232, 1.121621], [116.908357, 1.122035], [116.908695, 1.122751], [116.908797, 1.122951], [116.909012, 1.123094], [116.910312, 1.122675]]]}}, {"type": "Feature", "properties": {"division_code": 1, "block_code": 2, "block_label": "1-2", "planted_ha": 2.77, "palms": 383, "planted_year": 2010, "abw_kg": 21.5, "rotation_target_days": 10, "gang_code": "", "road_condition": "fair", "bunches_per_day": 13.2, "centroid_lon": 116.91161, "centroid_lat": 1.122942, "estate": "MKAL"}, "geometry": {"type": "Polygon", "coordinates": [[[116.91079, 1.123432], [116.912408, 1.12364], [116.912625, 1.123557], [116.912246, 1.122201], [116.912037, 1.122059], [116.910457, 1.122751], [116.910628, 1.123408], [116.91079, 1.123432]]]}}, {"type": "Feature", "properties": {"division_code": 1, "block_code": 3, "block_label": "1-3", "planted_ha": 3.41, "palms": 462, "planted_year": 2011, "abw_kg": 21.8, "rotation_target_days": 10, "gang_code": "", "road_condition": "fair", "bunches_per_day": 15.3, "centroid_lon": 116.913423, "centroid_lat": 1.122527, "estate": "MKAL"}, "geometry": {"type": "Polygon", "coordinates": [[[116.913807, 1.121613], [116.912283, 1.122201], [116.912659, 1.123544], [116.914638, 1.122736], [116.914549, 1.122159], [116.913807, 1.121613]]]}}, {"type": "Feature", "properties": {"division_code": 1, "block_code": 4, "block_label": "1-4", "planted_ha": 1.67, "palms": 226, "planted_year": 2012, "abw_kg": 21.8, "rotation_target_days": 10, "gang_code": "", "road_condition": "good", "bunches_per_day": 7.6, "centroid_lon": 116.915519, "centroid_lat": 1.121992, "estate": "MKAL"}, "geometry": {"type": "Polygon", "coordinates": [[[116.916192, 1.121141], [116.914585, 1.122158], [116.914673, 1.122723], [116.916277, 1.122143], [116.916255, 1.121167], [116.916192, 1.121141]]]}}, {"type": "Feature", "properties": {"division_code": 1, "block_code": 5, "block_label": "1-5", "planted_ha": 0.97, "palms": 129, "planted_year": 2010, "abw_kg": 21.6, "rotation_target_days": 10, "gang_code": "", "road_condition": "good", "bunches_per_day": 4.4, "centroid_lon": 116.907661, "centroid_lat": 1.120603, "estate": "MKAL"}, "geometry": {"type": "Polygon", "coordinates": [[[116.908391, 1.121179], [116.907538, 1.119952], [116.906582, 1.120144], [116.907687, 1.120665], [116.908159, 1.12162], [116.908199, 1.121605], [116.908391, 1.121179]]]}}, {"type": "Feature", "properties": {"division_code": 1, "block_code": 6, "block_label": "1-6", "planted_ha": 3.99, "palms": 545, "planted_year": 2010, "abw_kg": 21.6, "rotation_target_days": 10, "gang_code": "", "road_condition": "fair", "bunches_per_day": 18.7, "centroid_lon": 116.91084, "centroid_lat": 1.121545, "estate": "MKAL"}, "geometry": {"type": "Polygon", "coordinates": [[[116.910437, 1.122721], [116.912017, 1.122028], [116.911675, 1.120862], [116.911608, 1.120797], [116.909916, 1.12058], [116.909712, 1.120814], [116.91035, 1.122674], [116.910437, 1.122721]]]}}, {"type": "Feature", "properties": {"division_code": 1, "block_code": 7, "block_label": "1-7", "planted_ha": 3.84, "palms": 502, "planted_year": 2010, "abw_kg": 22.6, "rotation_target_days": 10, "gang_code": "", "road_condition": "fair", "bunches_per_day": 17.2, "centroid_lon": 116.912911, "centroid_lat": 1.121097, "estate": "MKAL"}, "geometry": {"type": "Polygon", "coordinates": [[[116.913793, 1.12158], [116.914032, 1.120292], [116.91352, 1.12004], [116.911713, 1.120862], [116.912054, 1.122027], [116.912264, 1.122169], [116.913793, 1.12158]]]}}, {"type": "Feature", "properties": {"division_code": 1, "block_code": 8, "block_label": "1-8", "planted_ha": 3.92, "palms": 513, "planted_year": 2012, "abw_kg": 21.4, "rotation_target_days": 10, "gang_code": "", "road_condition": "poor", "bunches_per_day": 17.5, "centroid_lon": 116.914869, "centroid_lat": 1.12099, "estate": "MKAL"}, "geometry": {"type": "Polygon", "coordinates": [[[116.916165, 1.121115], [116.915531, 1.120192], [116.915051, 1.119924], [116.914068, 1.120295], [116.913829, 1.121585], [116.914566, 1.122127], [116.916165, 1.121115]]]}}, {"type": "Feature", "properties": {"division_code": 1, "block_code": 9, "block_label": "1-9", "planted_ha": 1.14, "palms": 155, "planted_year": 2013, "abw_kg": 22.6, "rotation_target_days": 10, "gang_code": "", "road_condition": "good", "bunches_per_day": 5.5, "centroid_lon": 116.91689, "centroid_lat": 1.121462, "estate": "MKAL"}, "geometry": {"type": "Polygon", "coordinates": [[[116.916291, 1.121171], [116.916313, 1.122131], [116.917701, 1.121384], [116.917655, 1.121021], [116.916291, 1.121171]]]}}, {"type": "Feature", "properties": {"division_code": 1, "block_code": 10, "block_label": "1-10", "planted_ha": 1.39, "palms": 189, "planted_year": 2009, "abw_kg": 22.3, "rotation_target_days": 10, "gang_code": "", "road_condition": "good", "bunches_per_day": 7.4, "centroid_lon": 116.901401, "centroid_lat": 1.119599, "estate": "MKAL"}, "geometry": {"type": "Polygon", "coordinates": [[[116.901948, 1.120292], [116.90193, 1.119178], [116.901532, 1.118995], [116.900403, 1.119475], [116.90186, 1.120347], [116.901948, 1.120292]]]}}, {"type": "Feature", "properties": {"division_code": 1, "block_code": 11, "block_label": "1-11", "planted_ha": 3.21, "palms": 428, "planted_year": 2010, "abw_kg": 21.5, "rotation_target_days": 10, "gang_code": "", "road_condition": "good", "bunches_per_day": 16.9, "centroid_lon": 116.902857, "centroid_lat": 1.119714, "estate": "MKAL"}, "geometry": {"type": "Polygon", "coordinates": [[[116.903637, 1.120431], [116.903959, 1.120171], [116.903171, 1.118653], [116.901966, 1.119179], [116.901984, 1.120294], [116.902184, 1.120472], [116.902995, 1.120472], [116.903637, 1.120431]]]}}, {"type": "Feature", "properties": {"division_code": 1, "block_code": 12, "block_label": "1-12", "planted_ha": 4.27, "palms": 584, "planted_year": 2011, "abw_kg": 22.3, "rotation_target_days": 10, "gang_code": "", "road_condition": "poor", "bunches_per_day": 19.8, "centroid_lon": 116.904528, "centroid_lat": 1.119199, "estate": "MKAL"}, "geometry": {"type": "Polygon", "coordinates": [[[116.905564, 1.119878], [116.90542, 1.118195], [116.903246, 1.118546], [116.9032, 1.11863], [116.903994, 1.12016], [116.904487, 1.120295], [116.905564, 1.119878]]]}}, {"type": "Feature", "properties": {"division_code": 1, "block_code": 13, "block_label": "1-13", "planted_ha": 4.69, "palms": 645, "planted_year": 2011, "abw_kg": 22.3, "rotation_target_days": 10, "gang_code": "", "road_condition": "fair", "bunches_per_day": 22.1, "centroid_lon": 116.908802, "centroid_lat": 1.119977, "estate": "MKAL"}, "geometry": {"type": "Polygon", "coordinates": [[[116.909682, 1.120794], [116.90989, 1.120554], [116.909797, 1.119374], [116.909325, 1.118884], [116.908552, 1.119043], [116.907765, 1.119233], [116.907566, 1.119928], [116.908419, 1.121156], [116.909682, 1.120794]]]}}, {"type": "Feature", "properties": {"division_code": 1, "block_code": 14, "block_label": "1-14", "planted_ha": 3.73, "palms": 504, "planted_year": 2011, "abw_kg": 21.4, "rotation_target_days": 10, "gang_code": "", "road_condition": "poor", "bunches_per_day": 17.8, "centroid_lon": 116.910841, "centroid_lat": 1.119772, "estate": "MKAL"}, "geometry": {"type": "Polygon", "coordinates": [[[116.9116, 1.12076], [116.911703, 1.118903], [116.9112, 1.11865], [116.909834, 1.119377], [116.909925, 1.120545], [116.9116, 1.12076]]]}}, {"type": "Feature", "properties": {"division_code": 1, "block_code": 15, "block_label": "1-15", "planted_ha": 3.34, "palms": 456, "planted_year": 2011, "abw_kg": 22.6, "rotation_target_days": 10, "gang_code": "", "road_condition": "good", "bunches_per_day": 17.1, "centroid_lon": 116.912432, "centroid_lat": 1.119657, "estate": "MKAL"}, "geometry": {"type": "Polygon", "coordinates": [[[116.913497, 1.120011], [116.912862, 1.11854], [116.911739, 1.118906], [116.911635, 1.120773], [116.911695, 1.120831], [116.913497, 1.120011]]]}}, {"type": "Feature", "properties": {"division_code": 1, "block_code": 16, "block_label": "1-16", "planted_ha": 3.6, "palms": 496, "planted_year": 2013, "abw_kg": 22.1, "rotation_target_days": 10, "gang_code": "", "road_condition": "fair", "bunches_per_day": 16.7, "centroid_lon": 116.916804, "centroid_lat": 1.120221, "estate": "MKAL"}, "geometry": {"type": "Polygon", "coordinates": [[[116.917646, 1.120986], [116.917676, 1.11944], [116.917064, 1.11911], [116.915568, 1.120183], [116.916202, 1.121106], [116.916276, 1.121136], [116.917646, 1.120986]]]}}, {"type": "Feature", "properties": {"division_code": 1, "block_code": 17, "block_label": "1-17", "planted_ha": 4.42, "palms": 611, "planted_year": 2013, "abw_kg": 22.5, "rotation_target_days": 10, "gang_code": "", "road_condition": "good", "bunches_per_day": 21.7, "centroid_lon": 116.918708, "centroid_lat": 1.119913, "estate": "MKAL"}, "geometry": {"type": "Polygon", "coordinates": [[[116.918541, 1.120916], [116.919133, 1.120581], [116.919834, 1.120462], [116.919907, 1.12035], [116.919653, 1.119186], [116.91888, 1.118724], [116.917712, 1.11944], [116.917682, 1.120987], [116.918541, 1.120916]]]}}, {"type": "Feature", "properties": {"division_code": 1, "block_code": 18, "block_label": "1-18", "planted_ha": 3.33, "palms": 440, "planted_year": 2014, "abw_kg": 21.5, "rotation_target_days": 10, "gang_code": "", "road_condition": "poor", "bunches_per_day": 17.8, "centroid_lon": 116.920668, "centroid_lat": 1.119421, "estate": "MKAL"}, "geometry": {"type": "Polygon", "coordinates": [[[116.921259, 1.120094], [116.921635, 1.119746], [116.921314, 1.118578], [116.920844, 1.118315], [116.919689, 1.119182], [116.91994, 1.120334], [116.9211, 1.120232], [116.921259, 1.120094]]]}}, {"type": "Feature", "properties": {"division_code": 1, "block_code": 19, "block_label": "1-19", "planted_ha": 2.11, "palms": 285, "planted_year": 2009, "abw_kg": 21.7, "rotation_target_days": 10, "gang_code": "", "road_condition": "good", "bunches_per_day": 11.0, "centroid_lon": 116.899092, "centroid_lat": 1.118012, "estate": "MKAL"}, "geometry": {"type": "Polygon", "coordinates": [[[116.899855, 1.117862], [116.899127, 1.117119], [116.898046, 1.117966], [116.899238, 1.118778], [116.899477, 1.118921], [116.899584, 1.118889], [116.899855, 1.117862]]]}}, {"type": "Feature", "properties": {"division_code": 1, "block_code": 20, "block_label": "1-20", "planted_ha": 2.86, "palms": 375, "planted_year": 2010, "abw_kg": 21.8, "rotation_target_days": 10, "gang_code": "", "road_condition": "fair", "bunches_per_day": 13.3, "centroid_lon": 116.900533, "centroid_lat": 1.118538, "estate": "MKAL"}, "geometry": {"type": "Polygon", "coordinates": [[[116.901509, 1.118966], [116.900977, 1.117576], [116.89989, 1.117871], [116.899619, 1.118897], [116.900055, 1.119267], [116.900364, 1.119452], [116.901509, 1.118966]]]}}, {"type": "Feature", "properties": {"division_code": 1, "block_code": 21, "block_label": "1-21", "planted_ha": 5.08, "palms": 668, "planted_year": 2010, "abw_kg": 22.6, "rotation_target_days": 10, "gang_code": "", "road_condition": "good", "bunches_per_day": 26.1, "centroid_lon": 116.902148, "centroid_lat": 1.117816, "estate": "MKAL"}, "geometry": {"type": "Polygon", "coordinates": [[[116.901949, 1.119147], [116.903167, 1.118616], [116.903215, 1.118527], [116.902925, 1.116623], [116.901404, 1.116746], [116.901007, 1.117555], [116.901546, 1.118962], [116.901949, 1.119147]]]}}, {"type": "Feature", "properties": {"division_code": 1, "block_code": 22, "block_label": "1-22", "planted_ha": 5.18, "palms": 714, "planted_year": 2012, "abw_kg": 22.1, "rotation_target_days": 10, "gang_code": "", "road_condition": "fair", "bunches_per_day": 24.4, "centroid_lon": 116.906526, "centroid_lat": 1.118999, "estate": "MKAL"}, "geometry": {"type": "Polygon", "coordinates": [[[116.906399, 1.120057], [116.906527, 1.120118], [116.907532, 1.119916], [116.907732, 1.119219], [116.907163, 1.117938], [116.906795, 1.117836], [116.905583, 1.11798], [116.905455, 1.118179], [116.905601, 1.11988], [116.905929, 1.120116], [116.906399, 1.120057]]]}}, {"type": "Feature", "properties": {"division_code": 1, "block_code": 23, "block_label": "1-23", "planted_ha": 3.87, "palms": 518, "planted_year": 2012, "abw_kg": 21.8, "rotation_target_days": 10, "gang_code": "", "road_condition": "fair", "bunches_per_day": 18.0, "centroid_lon": 116.908387, "centroid_lat": 1.118146, "estate": "MKAL"}, "geometry": {"type": "Polygon", "coordinates": [[[116.908544, 1.119008], [116.909312, 1.11885], [116.909233, 1.117292], [116.908782, 1.116976], [116.907199, 1.11793], [116.907761, 1.119197], [116.908544, 1.119008]]]}}, {"type": "Feature", "properties": {"division_code": 1, "block_code": 24, "block_label": "1-24", "planted_ha": 3.66, "palms": 480, "planted_year": 2012, "abw_kg": 22.1, "rotation_target_days": 10, "gang_code": "", "road_condition": "good", "bunches_per_day": 18.3, "centroid_lon": 116.910114, "centroid_lat": 1.118176, "estate": "MKAL"}, "geometry": {"type": "Polygon", "coordinates": [[[116.911178, 1.118621], [116.910649, 1.117164], [116.909269, 1.117299], [116.909349, 1.118857], [116.909818, 1.119344], [116.911178, 1.118621]]]}}, {"type": "Feature", "properties": {"division_code": 1, "block_code": 25, "block_label": "1-25", "planted_ha": 4.27, "palms": 590, "planted_year": 2012, "abw_kg": 22.0, "rotation_target_days": 10, "gang_code": "", "road_condition": "fair", "bunches_per_day": 21.9, "centroid_lon": 116.914113, "centroid_lat": 1.11911, "estate": "MKAL"}, "geometry": {"type": "Polygon", "coordinates": [[[116.915111, 1.118225], [116.913048, 1.118265], [116.912892, 1.118519], [116.913534, 1.120007], [116.914053, 1.120263], [116.915035, 1.119891], [116.915111, 1.118225]]]}}, {"type": "Feature", "properties": {"division_code": 1, "block_code": 26, "block_label": "1-26", "planted_ha": 3.62, "palms": 494, "planted_year": 2012, "abw_kg": 22.1, "rotation_target_days": 10, "gang_code": "", "road_condition": "good", "bunches_per_day": 17.7, "centroid_lon": 116.915899, "centroid_lat": 1.118966, "estate": "MKAL"}, "geometry": {"type": "Polygon", "coordinates": [[[116.915542, 1.120157], [116.91704, 1.119083], [116.916481, 1.117974], [116.915248, 1.118102], [116.915148, 1.118214], [116.915071, 1.119894], [116.915542, 1.120157]]]}}, {"type": "Feature", "properties": {"division_code": 1, "block_code": 27, "block_label": "1-27", "planted_ha": 4.48, "palms": 591, "planted_year": 2013, "abw_kg": 22.2, "rotation_target_days": 10, "gang_code": "", "road_condition": "good", "bunches_per_day": 20.7, "centroid_lon": 116.91773, "centroid_lat": 1.11821, "estate": "MKAL"}, "geometry": {"type": "Polygon", "coordinates": [[[116.917693, 1.119409], [116.918861, 1.118693], [116.918735, 1.117673], [116.917963, 1.117139], [116.917092, 1.11726], [116.916513, 1.117957], [116.917076, 1.119075], [116.917693, 1.119409]]]}}, {"type": "Feature", "properties": {"division_code": 1, "block_code": 28, "block_label": "1-28", "planted_ha": 3.64, "palms": 496, "planted_year": 2014, "abw_kg": 21.9, "rotation_target_days": 10, "gang_code": "", "road_condition": "good", "bunches_per_day": 16.6, "centroid_lon": 116.919802, "centroid_lat": 1.118041, "estate": "MKAL"}, "geometry": {"type": "Polygon", "coordinates": [[[116.920823, 1.118286], [116.9206, 1.117298], [116.920498, 1.116901], [116.920474, 1.116888], [116.918772, 1.117673], [116.918897, 1.118692], [116.919668, 1.119152], [116.920823, 1.118286]]]}}, {"type": "Feature", "properties": {"division_code": 1, "block_code": 29, "block_label": "1-29", "planted_ha": 1.9, "palms": 252, "planted_year": 2015, "abw_kg": 22.4, "rotation_target_days": 10, "gang_code": "", "road_condition": "good", "bunches_per_day": 9.5, "centroid_lon": 116.922175, "centroid_lat": 1.118683, "estate": "MKAL"}, "geometry": {"type": "Polygon", "coordinates": [[[116.921351, 1.118576], [116.921665, 1.119718], [116.923057, 1.118429], [116.923026, 1.117997], [116.922805, 1.117864], [116.921351, 1.118576]]]}}, {"type": "Feature", "properties": {"division_code": 1, "block_code": 30, "block_label": "1-30", "planted_ha": 2.1, "palms": 286, "planted_year": 2011, "abw_kg": 21.7, "rotation_target_days": 10, "gang_code": "", "road_condition": "good", "bunches_per_day": 10.5, "centroid_lon": 116.896896, "centroid_lat": 1.116435, "estate": "MKAL"}, "geometry": {"type": "Polygon", "coordinates": [[[116.897515, 1.115651], [116.897311, 1.115679], [116.896035, 1.115895], [116.896541, 1.11706], [116.897296, 1.117498], [116.897549, 1.11568], [116.897515, 1.115651]]]}}, {"type": "Feature", "properties": {"division_code": 1, "block_code": 31, "block_label": "1-31", "planted_ha": 3.63, "palms": 483, "planted_year": 2011, "abw_kg": 21.7, "rotation_target_days": 10, "gang_code": "", "road_condition": "good", "bunches_per_day": 16.2, "centroid_lon": 116.898193, "centroid_lat": 1.116743, "estate": "MKAL"}, "geometry": {"type": "Polygon", "coordinates": [[[116.898014, 1.117945], [116.89911, 1.117086], [116.899039, 1.11607], [116.898762, 1.115827], [116.897583, 1.115693], [116.897329, 1.117517], [116.898014, 1.117945]]]}}, {"type": "Feature", "properties": {"division_code": 1, "block_code": 32, "block_label": "1-32", "planted_ha": 4.16, "palms": 557, "planted_year": 2010, "abw_kg": 22.1, "rotation_target_days": 10, "gang_code": "", "road_condition": "good", "bunches_per_day": 21.3, "centroid_lon": 116.900174, "centroid_lat": 1.116763, "estate": "MKAL"}, "geometry": {"type": "Polygon", "coordinates": [[[116.899881, 1.117836], [116.900975, 1.117539], [116.901372, 1.116731], [116.900652, 1.115744], [116.899075, 1.116076], [116.899146, 1.117087], [116.899881, 1.117836]]]}}, {"type": "Feature", "properties": {"division_code": 1, "block_code": 33, "block_label": "1-33", "planted_ha": 5.16, "palms": 688, "planted_year": 2011, "abw_kg": 21.6, "rotation_target_days": 10, "gang_code": "", "road_condition": "fair", "bunches_per_day": 27.4, "centroid_lon": 116.904182, "centroid_lat": 1.117411, "estate": "MKAL"}, "geometry": {"type": "Polygon", "coordinates": [[[116.905552, 1.117961], [116.904998, 1.116506], [116.904576, 1.116308], [116.902959, 1.11661], [116.903249, 1.118509], [116.905426, 1.118157], [116.905552, 1.117961]]]}}, {"type": "Feature", "properties": {"division_code": 1, "block_code": 34, "block_label": "1-34", "planted_ha": 4.05, "palms": 534, "planted_year": 2012, "abw_kg": 22.5, "rotation_target_days": 10, "gang_code": "", "road_condition": "good", "bunches_per_day": 20.5, "centroid_lon": 116.906137, "centroid_lat": 1.11678, "estate": "MKAL"}, "geometry": {"type": "Polygon", "coordinates": [[[116.907018, 1.115722], [116.906566, 1.115481], [116.905034, 1.1165], [116.905584, 1.117943], [116.90678, 1.117801], [116.907018, 1.115722]]]}}, {"type": "Feature", "properties": {"division_code": 1, "block_code": 35, "block_label": "1-35", "planted_ha": 3.71, "palms": 488, "planted_year": 2013, "abw_kg": 21.7, "rotation_target_days": 10, "gang_code": "", "road_condition": "good", "bunches_per_day": 18.6, "centroid_lon": 116.90771, "centroid_lat": 1.116699, "estate": "MKAL"}, "geometry": {"type": "Polygon", "coordinates": [[[116.908553, 1.115803], [116.907053, 1.11573], [116.906816, 1.117804], [116.907173, 1.117903], [116.908763, 1.116946], [116.908553, 1.115803]]]}}, {"type": "Feature", "properties": {"division_code": 1, "block_code": 36, "block_label": "1-36", "planted_ha": 4.55, "palms": 629, "planted_year": 2012, "abw_kg": 22.5, "rotation_target_days": 10, "gang_code": "", "road_condition": "good", "bunches_per_day": 22.2, "centroid_lon": 116.911951, "centroid_lat": 1.117729, "estate": "MKAL"}, "geometry": {"type": "Polygon", "coordinates": [[[116.911723, 1.118873], [116.91286, 1.118503], [116.913019, 1.118244], [116.912748, 1.116549], [116.910682, 1.117148], [116.911215, 1.118617], [116.911723, 1.118873]]]}}, {"type": "Feature", "properties": {"division_code": 1, "block_code": 37, "block_label": "1-37", "planted_ha": 4.82, "palms": 632, "planted_year": 2012, "abw_kg": 22.2, "rotation_target_days": 10, "gang_code": "", "road_condition": "fair", "bunches_per_day": 23.5, "centroid_lon": 116.913951, "centroid_lat": 1.117273, "estate": "MKAL"}, "geometry": {"type": "Polygon", "coordinates": [[[116.915122, 1.118189], [116.915219, 1.118081], [116.914576, 1.116104], [116.9128, 1.116491], [116.912782, 1.116528], [116.912812, 1.116737], [116.913053, 1.118229], [116.915122, 1.118189]]]}}, {"type": "Feature", "properties": {"division_code": 1, "block_code": 38, "block_label": "1-38", "planted_ha": 5.07, "palms": 669, "planted_year": 2012, "abw_kg": 22.2, "rotation_target_days": 10, "gang_code": "", "road_condition": "fair", "bunches_per_day": 26.7, "centroid_lon": 116.915796, "centroid_lat": 1.116833, "estate": "MKAL"}, "geometry": {"type": "Polygon", "coordinates": [[[116.917061, 1.117241], [116.916119, 1.115523], [116.914746, 1.115888], [116.914609, 1.116086], [116.915252, 1.118065], [116.916483, 1.117937], [116.917061, 1.117241]]]}}, {"type": "Feature", "properties": {"division_code": 1, "block_code": 39, "block_label": "1-39", "planted_ha": 4.43, "palms": 579, "planted_year": 2014, "abw_kg": 22.2, "rotation_target_days": 10, "gang_code": "", "road_condition": "good", "bunches_per_day": 19.7, "centroid_lon": 116.919165, "centroid_lat": 1.116477, "estate": "MKAL"}, "geometry": {"type": "Polygon", "coordinates": [[[116.92045, 1.116859], [116.919668, 1.115294], [116.918606, 1.115459], [116.917989, 1.117113], [116.918754, 1.117642], [116.92045, 1.116859]]]}}, {"type": "Feature", "properties": {"division_code": 1, "block_code": 40, "block_label": "1-40", "planted_ha": 3.6, "palms": 472, "planted_year": 2015, "abw_kg": 21.5, "rotation_target_days": 10, "gang_code": "", "road_condition": "good", "bunches_per_day": 17.9, "centroid_lon": 116.921587, "centroid_lat": 1.117507, "estate": "MKAL"}, "geometry": {"type": "Polygon", "coordinates": [[[116.922782, 1.117835], [116.92224, 1.116754], [116.921868, 1.116545], [116.920536, 1.116902], [116.920859, 1.118282], [116.92133, 1.118545], [116.922782, 1.117835]]]}}, {"type": "Feature", "properties": {"division_code": 1, "block_code": 41, "block_label": "1-41", "planted_ha": 3.81, "palms": 499, "planted_year": 2016, "abw_kg": 20.9, "rotation_target_days": 10, "gang_code": "", "road_condition": "good", "bunches_per_day": 18.7, "centroid_lon": 116.923433, "centroid_lat": 1.116797, "estate": "MKAL"}, "geometry": {"type": "Polygon", "coordinates": [[[116.923928, 1.117622], [116.924149, 1.117417], [116.924334, 1.115781], [116.92398, 1.11548], [116.922276, 1.116747], [116.922819, 1.11783], [116.923045, 1.117966], [116.923928, 1.117622]]]}}, {"type": "Feature", "properties": {"division_code": 1, "block_code": 42, "block_label": "1-42", "planted_ha": 4.18, "palms": 555, "planted_year": 2010, "abw_kg": 22.4, "rotation_target_days": 10, "gang_code": "", "road_condition": "fair", "bunches_per_day": 21.7, "centroid_lon": 116.901889, "centroid_lat": 1.115742, "estate": "MKAL"}, "geometry": {"type": "Polygon", "coordinates": [[[116.902933, 1.116585], [116.902789, 1.115177], [116.902203, 1.114591], [116.900751, 1.115283], [116.900678, 1.115719], [116.901401, 1.11671], [116.902933, 1.116585]]]}}, {"type": "Feature", "properties": {"division_code": 1, "block_code": 43, "block_label": "1-43", "planted_ha": 3.63, "palms": 494, "planted_year": 2011, "abw_kg": 21.5, "rotation_target_days": 10, "gang_code": "", "road_condition": "good", "bunches_per_day": 17.9, "centroid_lon": 116.903743, "centroid_lat": 1.115496, "estate": "MKAL"}, "geometry": {"type": "Polygon", "coordinates": [[[116.90456, 1.116274], [116.904411, 1.114249], [116.904276, 1.114147], [116.902825, 1.115177], [116.902968, 1.116569], [116.90456, 1.116274]]]}}, {"type": "Feature", "properties": {"division_code": 1, "block_code": 44, "block_label": "1-44", "planted_ha": 4.28, "palms": 593, "planted_year": 2011, "abw_kg": 21.8, "rotation_target_days": 10, "gang_code": "", "road_condition": "poor", "bunches_per_day": 18.9, "centroid_lon": 116.905384, "centroid_lat": 1.115199, "estate": "MKAL"}, "geometry": {"type": "Polygon", "coordinates": [[[116.906545, 1.115451], [116.906446, 1.114636], [116.90567, 1.114196], [116.904447, 1.114257], [116.904596, 1.116277], [116.90501, 1.116472], [116.906545, 1.115451]]]}}, {"type": "Feature", "properties": {"division_code": 1, "block_code": 45, "block_label": "1-45", "planted_ha": 4.62, "palms": 604, "planted_year": 2013, "abw_kg": 21.7, "rotation_target_days": 10, "gang_code": "", "road_condition": "fair", "bunches_per_day": 22.8, "centroid_lon": 116.909676, "centroid_lat": 1.116178, "estate": "MKAL"}, "geometry": {"type": "Polygon", "coordinates": [[[116.910661, 1.117116], [116.91056, 1.115348], [116.909998, 1.115008], [116.908946, 1.115291], [116.908588, 1.115791], [116.908799, 1.116944], [116.909256, 1.117264], [116.910661, 1.117116]]]}}, {"type": "Feature", "properties": {"division_code": 1, "block_code": 46, "block_label": "1-46", "planted_ha": 3.91, "palms": 526, "planted_year": 2014, "abw_kg": 22.0, "rotation_target_days": 10, "gang_code": "", "road_condition": "good", "bunches_per_day": 21.0, "centroid_lon": 116.911569, "centroid_lat": 1.116023, "estate": "MKAL"}, "geometry": {"type": "Polygon", "coordinates": [[[116.912768, 1.116474], [116.912218, 1.114987], [116.910597, 1.115352], [116.910696, 1.117098], [116.912751, 1.11651], [116.912768, 1.116474]]]}}, {"type": "Feature", "properties": {"division_code": 1, "block_code": 47, "block_label": "1-47", "planted_ha": 4.29, "palms": 594, "planted_year": 2015, "abw_kg": 21.8, "rotation_target_days": 10, "gang_code": "", "road_condition": "fair", "bunches_per_day": 22.8, "centroid_lon": 116.913481, "centroid_lat": 1.115409, "estate": "MKAL"}, "geometry": {"type": "Polygon", "coordinates": [[[116.914578, 1.116066], [116.914715, 1.11587], [116.914253, 1.114641], [116.913709, 1.114317], [116.912271, 1.114907], [116.912248, 1.114966], [116.912799, 1.116454], [116.914578, 1.116066]]]}}, {"type": "Feature", "properties": {"division_code": 1, "block_code": 48, "block_label": "1-48", "planted_ha": 4.27, "palms": 559, "planted_year": 2013, "abw_kg": 22.5, "rotation_target_days": 10, "gang_code": "", "road_condition": "fair", "bunches_per_day": 21.3, "centroid_lon": 116.917419, "centroid_lat": 1.116015, "estate": "MKAL"}, "geometry": {"type": "Polygon", "coordinates": [[[116.918571, 1.11545], [116.917969, 1.114997], [116.91624, 1.115347], [116.916149, 1.115502], [116.917092, 1.117224], [116.917954, 1.117104], [116.918571, 1.11545]]]}}, {"type": "Feature", "properties": {"division_code": 1, "block_code": 49, "block_label": "1-49", "planted_ha": 4.64, "palms": 632, "planted_year": 2014, "abw_kg": 21.9, "rotation_target_days": 10, "gang_code": "", "road_condition": "good", "bunches_per_day": 21.3, "centroid_lon": 116.920877, "centroid_lat": 1.115616, "estate": "MKAL"}, "geometry": {"type": "Polygon", "coordinates": [[[116.921852, 1.116513], [116.921754, 1.114746], [116.921343, 1.114536], [116.920055, 1.114653], [116.919699, 1.115275], [116.920488, 1.116854], [116.920516, 1.11687], [116.921852, 1.116513]]]}}, {"type": "Feature", "properties": {"division_code": 1, "block_code": 50, "block_label": "1-50", "planted_ha": 4.19, "palms": 575, "planted_year": 2015, "abw_kg": 21.6, "rotation_target_days": 10, "gang_code": "", "road_condition": "poor", "bunches_per_day": 22.3, "centroid_lon": 116.922733, "centroid_lat": 1.115402, "estate": "MKAL"}, "geometry": {"type": "Polygon", "coordinates": [[[116.922252, 1.11672], [116.923959, 1.115451], [116.923433, 1.114251], [116.92179, 1.114748], [116.921888, 1.116515], [116.922252, 1.11672]]]}}, {"type": "Feature", "properties": {"division_code": 1, "block_code": 51, "block_label": "1-51", "planted_ha": 0.94, "palms": 130, "planted_year": 2016, "abw_kg": 20.6, "rotation_target_days": 10, "gang_code": "", "road_condition": "good", "bunches_per_day": 5.0, "centroid_lon": 116.924602, "centroid_lat": 1.116365, "estate": "MKAL"}, "geometry": {"type": "Polygon", "coordinates": [[[116.925244, 1.115808], [116.924369, 1.115792], [116.92419, 1.117379], [116.924385, 1.117199], [116.924548, 1.116948], [116.925244, 1.115808]]]}}, {"type": "Feature", "properties": {"division_code": 1, "block_code": 52, "block_label": "1-52", "planted_ha": 3.42, "palms": 466, "planted_year": 2013, "abw_kg": 22.3, "rotation_target_days": 10, "gang_code": "", "road_condition": "fair", "bunches_per_day": 16.3, "centroid_lon": 116.896473, "centroid_lat": 1.114904, "estate": "MKAL"}, "geometry": {"type": "Polygon", "coordinates": [[[116.897207, 1.114345], [116.896419, 1.113863], [116.895389, 1.11442], [116.895449, 1.114574], [116.89602, 1.115861], [116.897498, 1.115616], [116.897207, 1.114345]]]}}, {"type": "Feature", "properties": {"division_code": 1, "block_code": 53, "block_label": "1-53", "planted_ha": 3.32, "palms": 448, "planted_year": 2012, "abw_kg": 22.1, "rotation_target_days": 10, "gang_code": "", "road_condition": "good", "bunches_per_day": 17.3, "centroid_lon": 116.898161, "centroid_lat": 1.114762, "estate": "MKAL"}, "geometry": {"type": "Polygon", "coordinates": [[[116.898755, 1.11579], [116.898982, 1.114086], [116.898274, 1.113644], [116.897243, 1.114341], [116.897536, 1.115622], [116.897575, 1.115655], [116.898755, 1.11579]]]}}, {"type": "Feature", "properties": {"division_code": 1, "block_code": 54, "block_label": "1-54", "planted_ha": 3.92, "palms": 541, "planted_year": 2011, "abw_kg": 21.5, "rotation_target_days": 10, "gang_code": "", "road_condition": "good", "bunches_per_day": 17.7, "centroid_lon": 116.899714, "centroid_lat": 1.114975, "estate": "MKAL"}, "geometry": {"type": "Polygon", "coordinates": [[[116.900716, 1.115272], [116.900163, 1.113753], [116.899018, 1.114091], [116.898789, 1.115803], [116.899061, 1.116042], [116.900644, 1.115708], [116.900716, 1.115272]]]}}, {"type": "Feature", "properties": {"division_code": 1, "block_code": 55, "block_label": "1-55", "planted_ha": 3.84, "palms": 516, "planted_year": 2011, "abw_kg": 22.1, "rotation_target_days": 10, "gang_code": "", "road_condition": "fair", "bunches_per_day": 19.3, "centroid_lon": 116.901248, "centroid_lat": 1.114039, "estate": "MKAL"}, "geometry": {"type": "Polygon", "coordinates": [[[116.902189, 1.114558], [116.902194, 1.11331], [116.901817, 1.113088], [116.900395, 1.113298], [116.900194, 1.113731], [116.900744, 1.115246], [116.902189, 1.114558]]]}}, {"type": "Feature", "properties": {"division_code": 1, "block_code": 56, "block_label": "1-56", "planted_ha": 3.43, "palms": 472, "planted_year": 2011, "abw_kg": 21.9, "rotation_target_days": 10, "gang_code": "", "road_condition": "good", "bunches_per_day": 17.7, "centroid_lon": 116.903091, "centroid_lat": 1.114018, "estate": "MKAL"}, "geometry": {"type": "Polygon", "coordinates": [[[116.902808, 1.115145], [116.904254, 1.114119], [116.903873, 1.113362], [116.903386, 1.113116], [116.90223, 1.113315], [116.902225, 1.114562], [116.902808, 1.115145]]]}}, {"type": "Feature", "properties": {"division_code": 1, "block_code": 57, "block_label": "1-57", "planted_ha": 4.47, "palms": 588, "planted_year": 2013, "abw_kg": 21.6, "rotation_target_days": 10, "gang_code": "", "road_condition": "poor", "bunches_per_day": 20.1, "centroid_lon": 116.907684, "centroid_lat": 1.114836, "estate": "MKAL"}, "geometry": {"type": "Polygon", "coordinates": [[[116.90856, 1.115767], [116.908915, 1.115273], [116.908457, 1.114351], [116.907962, 1.113429], [116.906481, 1.114632], [116.906581, 1.115448], [116.907042, 1.115694], [116.90856, 1.115767]]]}}, {"type": "Feature", "properties": {"division_code": 1, "block_code": 58, "block_label": "1-58", "planted_ha": 4.35, "palms": 582, "planted_year": 2014, "abw_kg": 22.1, "rotation_target_days": 10, "gang_code": "", "road_condition": "good", "bunches_per_day": 23.1, "centroid_lon": 116.909265, "centroid_lat": 1.113993, "estate": "MKAL"}, "geometry": {"type": "Polygon", "coordinates": [[[116.910181, 1.113987], [116.910312, 1.113181], [116.910051, 1.112997], [116.908019, 1.11325], [116.907987, 1.113398], [116.908489, 1.114334], [116.908945, 1.115254], [116.909985, 1.114974], [116.910181, 1.113987]]]}}, {"type": "Feature", "properties": {"division_code": 1, "block_code": 59, "block_label": "1-59", "planted_ha": 4.62, "palms": 616, "planted_year": 2015, "abw_kg": 22.3, "rotation_target_days": 10, "gang_code": "", "road_condition": "good", "bunches_per_day": 24.8, "centroid_lon": 116.911098, "centroid_lat": 1.114205, "estate": "MKAL"}, "geometry": {"type": "Polygon", "coordinates": [[[116.912216, 1.11495], [116.912238, 1.114892], [116.912141, 1.114483], [116.911748, 1.113029], [116.910347, 1.113189], [116.910217, 1.113994], [116.910021, 1.11498], [116.910581, 1.115318], [116.912216, 1.11495]]]}}, {"type": "Feature", "properties": {"division_code": 1, "block_code": 60, "block_label": "1-60", "planted_ha": 3.42, "palms": 472, "planted_year": 2015, "abw_kg": 22.2, "rotation_target_days": 10, "gang_code": "", "road_condition": "good", "bunches_per_day": 18.4, "centroid_lon": 116.915282, "centroid_lat": 1.114821, "estate": "MKAL"}, "geometry": {"type": "Polygon", "coordinates": [[[116.916211, 1.115327], [116.916129, 1.114432], [116.915247, 1.113611], [116.914288, 1.114634], [116.914746, 1.115851], [116.916116, 1.115486], [116.916211, 1.115327]]]}}, {"type": "Feature", "properties": {"division_code": 1, "block_code": 61, "block_label": "1-61", "planted_ha": 3.3, "palms": 448, "planted_year": 2014, "abw_kg": 22.1, "rotation_target_days": 10, "gang_code": "", "road_condition": "good", "bunches_per_day": 16.3, "centroid_lon": 116.917151, "centroid_lat": 1.114336, "estate": "MKAL"}, "geometry": {"type": "Polygon", "coordinates": [[[116.917955, 1.114963], [116.917964, 1.113464], [116.917293, 1.113192], [116.916165, 1.11443], [116.916245, 1.11531], [116.917955, 1.114963]]]}}, {"type": "Feature", "properties": {"division_code": 1, "block_code": 62, "block_label": "1-62", "planted_ha": 4.57, "palms": 620, "planted_year": 2015, "abw_kg": 22.3, "rotation_target_days": 10, "gang_code": "", "road_condition": "fair", "bunches_per_day": 21.4, "centroid_lon": 116.918928, "centroid_lat": 1.114281, "estate": "MKAL"}, "geometry": {"type": "Polygon", "coordinates": [[[116.919667, 1.115257], [116.920024, 1.114634], [116.919483, 1.113194], [116.919204, 1.113011], [116.918, 1.113464], [116.917991, 1.114969], [116.918597, 1.115424], [116.919667, 1.115257]]]}}, {"type": "Feature", "properties": {"division_code": 1, "block_code": 63, "block_label": "1-63", "planted_ha": 4.5, "palms": 620, "planted_year": 2015, "abw_kg": 21.5, "rotation_target_days": 10, "gang_code": "", "road_condition": "good", "bunches_per_day": 24.2, "centroid_lon": 116.924694, "centroid_lat": 1.114667, "estate": "MKAL"}, "geometry": {"type": "Polygon", "coordinates": [[[116.925266, 1.115773], [116.925696, 1.115057], [116.92555, 1.113708], [116.925206, 1.113551], [116.924274, 1.113809], [116.923521, 1.114046], [116.923463, 1.114228], [116.923996, 1.115446], [116.924359, 1.115756], [116.925266, 1.115773]]]}}, {"type": "Feature", "properties": {"division_code": 1, "block_code": 64, "block_label": "1-64", "planted_ha": 2.78, "palms": 363, "planted_year": 2014, "abw_kg": 22.2, "rotation_target_days": 10, "gang_code": "", "road_condition": "good", "bunches_per_day": 12.6, "centroid_lon": 116.895692, "centroid_lat": 1.113289, "estate": "MKAL"}, "geometry": {"type": "Polygon", "coordinates": [[[116.896477, 1.112788], [116.895911, 1.112351], [116.894759, 1.1128], [116.895376, 1.114386], [116.896402, 1.113831], [116.896477, 1.112788]]]}}, {"type": "Feature", "properties": {"division_code": 1, "block_code": 65, "block_label": "1-65", "planted_ha": 3.24, "palms": 424, "planted_year": 2013, "abw_kg": 22.4, "rotation_target_days": 10, "gang_code": "", "road_condition": "fair", "bunches_per_day": 15.1, "centroid_lon": 116.897357, "centroid_lat": 1.113267, "estate": "MKAL"}, "geometry": {"type": "Polygon", "coordinates": [[[116.898073, 1.112218], [116.898021, 1.112196], [116.896513, 1.112792], [116.896438, 1.113832], [116.897222, 1.114312], [116.898254, 1.113614], [116.898073, 1.112218]]]}}, {"type": "Feature", "properties": {"division_code": 1, "block_code": 66, "block_label": "1-66", "planted_ha": 3.72, "palms": 505, "planted_year": 2011, "abw_kg": 22.3, "rotation_target_days": 10, "gang_code": "", "road_condition": "fair", "bunches_per_day": 17.1, "centroid_lon": 116.905053, "centroid_lat": 1.113247, "estate": "MKAL"}, "geometry": {"type": "Polygon", "coordinates": [[[116.905659, 1.11416], [116.906027, 1.112418], [116.905217, 1.112051], [116.903908, 1.113352], [116.904291, 1.114113], [116.904434, 1.114221], [116.905659, 1.11416]]]}}, {"type": "Feature", "properties": {"division_code": 1, "block_code": 67, "block_label": "1-67", "planted_ha": 4.23, "palms": 554, "planted_year": 2013, "abw_kg": 21.8, "rotation_target_days": 10, "gang_code": "", "road_condition": "good", "bunches_per_day": 20.4, "centroid_lon": 116.906744, "centroid_lat": 1.113351, "estate": "MKAL"}, "geometry": {"type": "Polygon", "coordinates": [[[116.90646, 1.114603], [116.907952, 1.113391], [116.907985, 1.113237], [116.907635, 1.112605], [116.907008, 1.11228], [116.906063, 1.112424], [116.905694, 1.114168], [116.90646, 1.114603]]]}}, {"type": "Feature", "properties": {"division_code": 1, "block_code": 68, "block_label": "1-68", "planted_ha": 3.99, "palms": 531, "planted_year": 2015, "abw_kg": 21.5, "rotation_target_days": 10, "gang_code": "", "road_condition": "good", "bunches_per_day": 20.9, "centroid_lon": 116.912797, "centroid_lat": 1.113595, "estate": "MKAL"}, "geometry": {"type": "Polygon", "coordinates": [[[116.913692, 1.114285], [116.913648, 1.11341], [116.913574, 1.112524], [116.912793, 1.112632], [116.911974, 1.112774], [116.911781, 1.113014], [116.912018, 1.113848], [116.91227, 1.114869], [116.913692, 1.114285]]]}}, {"type": "Feature", "properties": {"division_code": 1, "block_code": 69, "block_label": "1-69", "planted_ha": 3.29, "palms": 438, "planted_year": 2016, "abw_kg": 20.6, "rotation_target_days": 10, "gang_code": "", "road_condition": "fair", "bunches_per_day": 17.2, "centroid_lon": 116.914344, "centroid_lat": 1.113355, "estate": "MKAL"}, "geometry": {"type": "Polygon", "coordinates": [[[116.915227, 1.113579], [116.915084, 1.112828], [116.915046, 1.112643], [116.914705, 1.11242], [116.913811, 1.11234], [116.913609, 1.112512], [116.913684, 1.113407], [116.913728, 1.114287], [116.914265, 1.114606], [116.915227, 1.113579]]]}}, {"type": "Feature", "properties": {"division_code": 1, "block_code": 70, "block_label": "1-70", "planted_ha": 3.69, "palms": 493, "planted_year": 2016, "abw_kg": 20.6, "rotation_target_days": 10, "gang_code": "", "road_condition": "fair", "bunches_per_day": 19.1, "centroid_lon": 116.916154, "centroid_lat": 1.113158, "estate": "MKAL"}, "geometry": {"type": "Polygon", "coordinates": [[[116.917266, 1.113167], [116.916745, 1.112159], [116.916668, 1.112114], [116.915083, 1.112644], [116.915263, 1.113576], [116.916145, 1.114398], [116.917266, 1.113167]]]}}, {"type": "Feature", "properties": {"division_code": 1, "block_code": 71, "block_label": "1-71", "planted_ha": 3.63, "palms": 477, "planted_year": 2015, "abw_kg": 21.7, "rotation_target_days": 10, "gang_code": "", "road_condition": "good", "bunches_per_day": 18.6, "centroid_lon": 116.920622, "centroid_lat": 1.113592, "estate": "MKAL"}, "geometry": {"type": "Polygon", "coordinates": [[[116.921329, 1.114501], [116.921388, 1.113462], [116.921479, 1.11244], [116.921385, 1.112408], [116.919521, 1.113192], [116.920056, 1.114617], [116.921329, 1.114501]]]}}, {"type": "Feature", "properties": {"division_code": 1, "block_code": 72, "block_label": "1-72", "planted_ha": 4.91, "palms": 671, "planted_year": 2016, "abw_kg": 20.8, "rotation_target_days": 10, "gang_code": "", "road_condition": "good", "bunches_per_day": 22.7, "centroid_lon": 116.922331, "centroid_lat": 1.113483, "estate": "MKAL"}, "geometry": {"type": "Polygon", "coordinates": [[[116.923488, 1.114031], [116.92302, 1.112435], [116.922691, 1.112225], [116.921515, 1.112442], [116.921424, 1.113465], [116.921365, 1.114507], [116.921773, 1.114716], [116.923429, 1.114214], [116.923488, 1.114031]]]}}, {"type": "Feature", "properties": {"division_code": 2, "block_code": 1, "block_label": "2-1", "planted_ha": 4.43, "palms": 583, "planted_year": 2012, "abw_kg": 21.7, "rotation_target_days": 10, "gang_code": "", "road_condition": "fair", "bunches_per_day": 23.4, "centroid_lon": 116.899193, "centroid_lat": 1.11295, "estate": "MKAL"}, "geometry": {"type": "Polygon", "coordinates": [[[116.900161, 1.113715], [116.900363, 1.113282], [116.899769, 1.111958], [116.899432, 1.111825], [116.89811, 1.112219], [116.89829, 1.113611], [116.899005, 1.114057], [116.900161, 1.113715]]]}}, {"type": "Feature", "properties": {"division_code": 2, "block_code": 2, "block_label": "2-2", "planted_ha": 4.18, "palms": 549, "planted_year": 2016, "abw_kg": 20.9, "rotation_target_days": 10, "gang_code": "", "road_condition": "fair", "bunches_per_day": 18.4, "centroid_lon": 116.918121, "centroid_lat": 1.1124, "estate": "MKAL"}, "geometry": {"type": "Polygon", "coordinates": [[[116.919187, 1.112979], [116.918993, 1.111484], [116.918695, 1.111259], [116.917744, 1.111688], [116.916783, 1.112154], [116.917301, 1.113156], [116.917982, 1.113433], [116.919187, 1.112979]]]}}, {"type": "Feature", "properties": {"division_code": 2, "block_code": 3, "block_label": "2-3", "planted_ha": 3.89, "palms": 534, "planted_year": 2015, "abw_kg": 21.8, "rotation_target_days": 10, "gang_code": "", "road_condition": "good", "bunches_per_day": 17.4, "centroid_lon": 116.924157, "centroid_lat": 1.112894, "estate": "MKAL"}, "geometry": {"type": "Polygon", "coordinates": [[[116.924856, 1.111834], [116.924664, 1.111766], [116.923862, 1.112084], [116.923057, 1.112434], [116.923518, 1.114008], [116.924263, 1.113774], [116.925186, 1.113519], [116.924856, 1.111834]]]}}, {"type": "Feature", "properties": {"division_code": 2, "block_code": 4, "block_label": "2-4", "planted_ha": 2.81, "palms": 388, "planted_year": 2016, "abw_kg": 20.6, "rotation_target_days": 10, "gang_code": "", "road_condition": "good", "bunches_per_day": 13.5, "centroid_lon": 116.925646, "centroid_lat": 1.112539, "estate": "MKAL"}, "geometry": {"type": "Polygon", "coordinates": [[[116.926261, 1.112383], [116.926195, 1.111507], [116.926101, 1.111447], [116.924892, 1.111833], [116.925223, 1.113519], [116.925568, 1.113676], [116.926148, 1.113472], [116.926261, 1.112383]]]}}, {"type": "Feature", "properties": {"division_code": 2, "block_code": 5, "block_label": "2-5", "planted_ha": 2.99, "palms": 397, "planted_year": 2015, "abw_kg": 21.6, "rotation_target_days": 10, "gang_code": "", "road_condition": "good", "bunches_per_day": 14.7, "centroid_lon": 116.895216, "centroid_lat": 1.111615, "estate": "MKAL"}, "geometry": {"type": "Polygon", "coordinates": [[[116.895866, 1.110806], [116.895394, 1.11055], [116.894617, 1.110745], [116.894615, 1.110752], [116.894569, 1.112313], [116.894746, 1.112766], [116.895895, 1.112318], [116.895866, 1.110806]]]}}, {"type": "Feature", "properties": {"division_code": 2, "block_code": 6, "block_label": "2-6", "planted_ha": 3.85, "palms": 503, "planted_year": 2015, "abw_kg": 21.8, "rotation_target_days": 10, "gang_code": "", "road_condition": "good", "bunches_per_day": 20.7, "centroid_lon": 116.896782, "centroid_lat": 1.111674, "estate": "MKAL"}, "geometry": {"type": "Polygon", "coordinates": [[[116.897996, 1.112167], [116.89717, 1.110612], [116.895902, 1.11081], [116.895931, 1.112321], [116.896499, 1.112759], [116.897996, 1.112167]]]}}, {"type": "Feature", "properties": {"division_code": 2, "block_code": 7, "block_label": "2-7", "planted_ha": 4.02, "palms": 532, "planted_year": 2012, "abw_kg": 22.1, "rotation_target_days": 10, "gang_code": "", "road_condition": "good", "bunches_per_day": 19.3, "centroid_lon": 116.90098, "centroid_lat": 1.112201, "estate": "MKAL"}, "geometry": {"type": "Polygon", "coordinates": [[[116.901803, 1.113053], [116.901886, 1.11139], [116.901212, 1.111022], [116.899805, 1.11195], [116.900393, 1.113262], [116.901803, 1.113053]]]}}, {"type": "Feature", "properties": {"division_code": 2, "block_code": 8, "block_label": "2-8", "planted_ha": 3.37, "palms": 463, "planted_year": 2011, "abw_kg": 22.2, "rotation_target_days": 10, "gang_code": "", "road_condition": "fair", "bunches_per_day": 14.8, "centroid_lon": 116.902596, "centroid_lat": 1.112237, "estate": "MKAL"}, "geometry": {"type": "Polygon", "coordinates": [[[116.903202, 1.111169], [116.903106, 1.111096], [116.901922, 1.111394], [116.901839, 1.113059], [116.902216, 1.113281], [116.903369, 1.113083], [116.903202, 1.111169]]]}}, {"type": "Feature", "properties": {"division_code": 2, "block_code": 9, "block_label": "2-9", "planted_ha": 3.76, "palms": 502, "planted_year": 2012, "abw_kg": 22.1, "rotation_target_days": 10, "gang_code": "", "road_condition": "fair", "bunches_per_day": 18.5, "centroid_lon": 116.90411, "centroid_lat": 1.112033, "estate": "MKAL"}, "geometry": {"type": "Polygon", "coordinates": [[[116.905192, 1.112024], [116.904911, 1.111077], [116.904063, 1.111145], [116.903238, 1.111177], [116.903405, 1.113086], [116.903883, 1.113326], [116.905192, 1.112024]]]}}, {"type": "Feature", "properties": {"division_code": 2, "block_code": 10, "block_label": "2-10", "planted_ha": 4.33, "palms": 571, "planted_year": 2012, "abw_kg": 22.6, "rotation_target_days": 10, "gang_code": "", "road_condition": "fair", "bunches_per_day": 21.5, "centroid_lon": 116.906076, "centroid_lat": 1.111314, "estate": "MKAL"}, "geometry": {"type": "Polygon", "coordinates": [[[116.906992, 1.112246], [116.906958, 1.110393], [116.906698, 1.110242], [116.905226, 1.110521], [116.904944, 1.11106], [116.905228, 1.112016], [116.90605, 1.112389], [116.906992, 1.112246]]]}}, {"type": "Feature", "properties": {"division_code": 2, "block_code": 11, "block_label": "2-11", "planted_ha": 3.98, "palms": 540, "planted_year": 2013, "abw_kg": 21.4, "rotation_target_days": 10, "gang_code": "", "road_condition": "poor", "bunches_per_day": 19.5, "centroid_lon": 116.907832, "centroid_lat": 1.111186, "estate": "MKAL"}, "geometry": {"type": "Polygon", "coordinates": [[[116.907643, 1.112568], [116.909009, 1.110804], [116.90878, 1.110296], [116.908553, 1.11014], [116.906994, 1.110398], [116.907029, 1.11225], [116.907643, 1.112568]]]}}, {"type": "Feature", "properties": {"division_code": 2, "block_code": 12, "block_label": "2-12", "planted_ha": 4.34, "palms": 598, "planted_year": 2014, "abw_kg": 21.6, "rotation_target_days": 10, "gang_code": "", "road_condition": "good", "bunches_per_day": 19.7, "centroid_lon": 116.908948, "centroid_lat": 1.112213, "estate": "MKAL"}, "geometry": {"type": "Polygon", "coordinates": [[[116.910034, 1.112963], [116.909711, 1.111233], [116.909035, 1.110831], [116.907669, 1.112593], [116.908013, 1.113215], [116.910034, 1.112963]]]}}, {"type": "Feature", "properties": {"division_code": 2, "block_code": 13, "block_label": "2-13", "planted_ha": 4.68, "palms": 639, "planted_year": 2015, "abw_kg": 21.8, "rotation_target_days": 10, "gang_code": "", "road_condition": "good", "bunches_per_day": 23.3, "centroid_lon": 116.910837, "centroid_lat": 1.112043, "estate": "MKAL"}, "geometry": {"type": "Polygon", "coordinates": [[[116.911752, 1.112992], [116.911945, 1.112753], [116.911612, 1.111246], [116.910966, 1.110826], [116.909747, 1.111234], [116.910072, 1.112968], [116.910336, 1.113153], [116.911752, 1.112992]]]}}, {"type": "Feature", "properties": {"division_code": 2, "block_code": 14, "block_label": "2-14", "planted_ha": 3.98, "palms": 522, "planted_year": 2016, "abw_kg": 20.9, "rotation_target_days": 10, "gang_code": "", "road_condition": "good", "bunches_per_day": 19.6, "centroid_lon": 116.912692, "centroid_lat": 1.111707, "estate": "MKAL"}, "geometry": {"type": "Polygon", "coordinates": [[[116.913785, 1.112315], [116.913348, 1.110862], [116.912752, 1.11053], [116.911649, 1.111244], [116.911979, 1.112737], [116.912787, 1.112596], [116.913583, 1.112487], [116.913785, 1.112315]]]}}, {"type": "Feature", "properties": {"division_code": 2, "block_code": 15, "block_label": "2-15", "planted_ha": 3.35, "palms": 455, "planted_year": 2016, "abw_kg": 20.8, "rotation_target_days": 10, "gang_code": "", "road_condition": "fair", "bunches_per_day": 17.5, "centroid_lon": 116.914259, "centroid_lat": 1.111198, "estate": "MKAL"}, "geometry": {"type": "Polygon", "coordinates": [[[116.915043, 1.11043], [116.914368, 1.109932], [116.913384, 1.110856], [116.913819, 1.112304], [116.914697, 1.112383], [116.915043, 1.11043]]]}}, {"type": "Feature", "properties": {"division_code": 2, "block_code": 16, "block_label": "2-16", "planted_ha": 3.95, "palms": 534, "planted_year": 2016, "abw_kg": 20.5, "rotation_target_days": 10, "gang_code": "", "road_condition": "good", "bunches_per_day": 17.9, "centroid_lon": 116.915671, "centroid_lat": 1.111451, "estate": "MKAL"}, "geometry": {"type": "Polygon", "coordinates": [[[116.91665, 1.112082], [116.916316, 1.110318], [116.916281, 1.110297], [116.915078, 1.110439], [116.914731, 1.112394], [116.915065, 1.112612], [116.91665, 1.112082]]]}}, {"type": "Feature", "properties": {"division_code": 2, "block_code": 17, "block_label": "2-17", "planted_ha": 4.0, "palms": 545, "planted_year": 2015, "abw_kg": 21.4, "rotation_target_days": 10, "gang_code": "", "road_condition": "fair", "bunches_per_day": 19.6, "centroid_lon": 116.920061, "centroid_lat": 1.112053, "estate": "MKAL"}, "geometry": {"type": "Polygon", "coordinates": [[[116.921359, 1.11238], [116.920612, 1.111059], [116.920388, 1.110976], [116.91903, 1.111486], [116.919223, 1.11298], [116.9195, 1.113161], [116.921359, 1.11238]]]}}, {"type": "Feature", "properties": {"division_code": 2, "block_code": 18, "block_label": "2-18", "planted_ha": 4.13, "palms": 558, "planted_year": 2016, "abw_kg": 20.1, "rotation_target_days": 10, "gang_code": "", "road_condition": "fair", "bunches_per_day": 20.8, "centroid_lon": 116.921891, "centroid_lat": 1.11129, "estate": "MKAL"}, "geometry": {"type": "Polygon", "coordinates": [[[116.922677, 1.11219], [116.922786, 1.110324], [116.92228, 1.110071], [116.920649, 1.111051], [116.921397, 1.112374], [116.9215, 1.112409], [116.922677, 1.11219]]]}}, {"type": "Feature", "properties": {"division_code": 2, "block_code": 19, "block_label": "2-19", "planted_ha": 4.03, "palms": 541, "planted_year": 2016, "abw_kg": 20.4, "rotation_target_days": 10, "gang_code": "", "road_condition": "good", "bunches_per_day": 20.0, "centroid_lon": 116.923566, "centroid_lat": 1.11119, "estate": "MKAL"}, "geometry": {"type": "Polygon", "coordinates": [[[116.924089, 1.110012], [116.923951, 1.109956], [116.922822, 1.110326], [116.922713, 1.112196], [116.923037, 1.112403], [116.923849, 1.112051], [116.924642, 1.111736], [116.924089, 1.110012]]]}}, {"type": "Feature", "properties": {"division_code": 2, "block_code": 20, "block_label": "2-20", "planted_ha": 0.92, "palms": 125, "planted_year": 2014, "abw_kg": 22.1, "rotation_target_days": 10, "gang_code": "", "road_condition": "fair", "bunches_per_day": 4.7, "centroid_lon": 116.895125, "centroid_lat": 1.109973, "estate": "MKAL"}, "geometry": {"type": "Polygon", "coordinates": [[[116.895437, 1.109165], [116.895248, 1.109036], [116.89502, 1.109493], [116.89463, 1.110704], [116.895379, 1.110516], [116.895437, 1.109165]]]}}, {"type": "Feature", "properties": {"division_code": 2, "block_code": 21, "block_label": "2-21", "planted_ha": 4.7, "palms": 644, "planted_year": 2014, "abw_kg": 21.5, "rotation_target_days": 10, "gang_code": "", "road_condition": "fair", "bunches_per_day": 21.3, "centroid_lon": 116.896469, "centroid_lat": 1.10969, "estate": "MKAL"}, "geometry": {"type": "Polygon", "coordinates": [[[116.89717, 1.110575], [116.897652, 1.109907], [116.897177, 1.108706], [116.896708, 1.108387], [116.895473, 1.109166], [116.895414, 1.11052], [116.895886, 1.110776], [116.89717, 1.110575]]]}}, {"type": "Feature", "properties": {"division_code": 2, "block_code": 22, "block_label": "2-22", "planted_ha": 4.49, "palms": 611, "planted_year": 2014, "abw_kg": 22.6, "rotation_target_days": 10, "gang_code": "", "road_condition": "poor", "bunches_per_day": 24.1, "centroid_lon": 116.898382, "centroid_lat": 1.110952, "estate": "MKAL"}, "geometry": {"type": "Polygon", "coordinates": [[[116.898091, 1.112186], [116.899413, 1.111793], [116.899267, 1.110759], [116.899124, 1.109928], [116.897682, 1.109928], [116.897201, 1.110593], [116.898034, 1.112162], [116.898091, 1.112186]]]}}, {"type": "Feature", "properties": {"division_code": 2, "block_code": 23, "block_label": "2-23", "planted_ha": 4.15, "palms": 571, "planted_year": 2013, "abw_kg": 21.4, "rotation_target_days": 10, "gang_code": "", "road_condition": "good", "bunches_per_day": 19.3, "centroid_lon": 116.900167, "centroid_lat": 1.110643, "estate": "MKAL"}, "geometry": {"type": "Polygon", "coordinates": [[[116.901192, 1.110991], [116.901056, 1.109574], [116.899187, 1.10989], [116.899159, 1.109916], [116.899302, 1.110753], [116.899449, 1.111793], [116.89978, 1.111924], [116.901192, 1.110991]]]}}, {"type": "Feature", "properties": {"division_code": 2, "block_code": 24, "block_label": "2-24", "planted_ha": 4.11, "palms": 540, "planted_year": 2012, "abw_kg": 21.9, "rotation_target_days": 10, "gang_code": "", "road_condition": "good", "bunches_per_day": 19.7, "centroid_lon": 116.902096, "centroid_lat": 1.110296, "estate": "MKAL"}, "geometry": {"type": "Polygon", "coordinates": [[[116.90309, 1.111063], [116.90289, 1.109288], [116.901155, 1.109469], [116.90109, 1.109558], [116.901228, 1.110989], [116.901907, 1.11136], [116.90309, 1.111063]]]}}, {"type": "Feature", "properties": {"division_code": 2, "block_code": 25, "block_label": "2-25", "planted_ha": 4.54, "palms": 611, "planted_year": 2012, "abw_kg": 22.5, "rotation_target_days": 10, "gang_code": "", "road_condition": "poor", "bunches_per_day": 23.2, "centroid_lon": 116.904003, "centroid_lat": 1.110164, "estate": "MKAL"}, "geometry": {"type": "Polygon", "coordinates": [[[116.904061, 1.111109], [116.904913, 1.111041], [116.905195, 1.110503], [116.90467, 1.109154], [116.903805, 1.109216], [116.902947, 1.109247], [116.902924, 1.109274], [116.903127, 1.111067], [116.903225, 1.111141], [116.904061, 1.111109]]]}}, {"type": "Feature", "properties": {"division_code": 2, "block_code": 26, "block_label": "2-26", "planted_ha": 3.76, "palms": 501, "planted_year": 2014, "abw_kg": 22.4, "rotation_target_days": 10, "gang_code": "", "road_condition": "good", "bunches_per_day": 20.0, "centroid_lon": 116.910088, "centroid_lat": 1.11022, "estate": "MKAL"}, "geometry": {"type": "Polygon", "coordinates": [[[116.910952, 1.110793], [116.911142, 1.109453], [116.910243, 1.109171], [116.908816, 1.11029], [116.909044, 1.110794], [116.909729, 1.111202], [116.910952, 1.110793]]]}}, {"type": "Feature", "properties": {"division_code": 2, "block_code": 27, "block_label": "2-27", "planted_ha": 3.22, "palms": 426, "planted_year": 2015, "abw_kg": 21.5, "rotation_target_days": 10, "gang_code": "", "road_condition": "fair", "bunches_per_day": 14.6, "centroid_lon": 116.911823, "centroid_lat": 1.110108, "estate": "MKAL"}, "geometry": {"type": "Polygon", "coordinates": [[[116.911628, 1.111214], [116.912731, 1.110501], [116.912358, 1.109133], [116.912058, 1.108962], [116.911178, 1.109451], [116.910988, 1.110797], [116.911628, 1.111214]]]}}, {"type": "Feature", "properties": {"division_code": 2, "block_code": 28, "block_label": "2-28", "planted_ha": 3.15, "palms": 423, "planted_year": 2016, "abw_kg": 20.4, "rotation_target_days": 10, "gang_code": "", "road_condition": "fair", "bunches_per_day": 14.2, "centroid_lon": 116.913389, "centroid_lat": 1.109741, "estate": "MKAL"}, "geometry": {"type": "Polygon", "coordinates": [[[116.913361, 1.110828], [116.914347, 1.109902], [116.914154, 1.108973], [116.91395, 1.108873], [116.912396, 1.109135], [116.912767, 1.110496], [116.913361, 1.110828]]]}}, {"type": "Feature", "properties": {"division_code": 2, "block_code": 29, "block_label": "2-29", "planted_ha": 4.24, "palms": 559, "planted_year": 2017, "abw_kg": 19.6, "rotation_target_days": 10, "gang_code": "", "road_condition": "fair", "bunches_per_day": 19.6, "centroid_lon": 116.917432, "centroid_lat": 1.11088, "estate": "MKAL"}, "geometry": {"type": "Polygon", "coordinates": [[[116.916759, 1.112125], [116.917728, 1.111655], [116.918674, 1.111228], [116.918192, 1.11001], [116.917843, 1.10975], [116.916353, 1.110317], [116.916686, 1.112083], [116.916759, 1.112125]]]}}, {"type": "Feature", "properties": {"division_code": 2, "block_code": 30, "block_label": "2-30", "planted_ha": 3.72, "palms": 497, "planted_year": 2017, "abw_kg": 19.6, "rotation_target_days": 10, "gang_code": "", "road_condition": "good", "bunches_per_day": 18.7, "centroid_lon": 116.919371, "centroid_lat": 1.110378, "estate": "MKAL"}, "geometry": {"type": "Polygon", "coordinates": [[[116.920367, 1.110946], [116.920024, 1.109189], [116.91823, 1.110008], [116.918712, 1.111226], [116.919013, 1.111453], [116.920367, 1.110946]]]}}, {"type": "Feature", "properties": {"division_code": 2, "block_code": 31, "block_label": "2-31", "planted_ha": 3.89, "palms": 531, "planted_year": 2016, "abw_kg": 20.3, "rotation_target_days": 10, "gang_code": "", "road_condition": "fair", "bunches_per_day": 18.2, "centroid_lon": 116.92104, "centroid_lat": 1.109807, "estate": "MKAL"}, "geometry": {"type": "Polygon", "coordinates": [[[116.921776, 1.109092], [116.921353, 1.108794], [116.920125, 1.109027], [116.920056, 1.109166], [116.920403, 1.110944], [116.920623, 1.111024], [116.922255, 1.110043], [116.921776, 1.109092]]]}}, {"type": "Feature", "properties": {"division_code": 2, "block_code": 32, "block_label": "2-32", "planted_ha": 3.76, "palms": 501, "planted_year": 2015, "abw_kg": 22.3, "rotation_target_days": 10, "gang_code": "", "road_condition": "fair", "bunches_per_day": 17.5, "centroid_lon": 116.925207, "centroid_lat": 1.110683, "estate": "MKAL"}, "geometry": {"type": "Polygon", "coordinates": [[[116.926085, 1.111414], [116.925992, 1.109763], [116.925802, 1.10965], [116.924127, 1.110012], [116.924678, 1.111733], [116.924872, 1.111801], [116.926085, 1.111414]]]}}, {"type": "Feature", "properties": {"division_code": 2, "block_code": 33, "block_label": "2-33", "planted_ha": 2.99, "palms": 392, "planted_year": 2015, "abw_kg": 22.4, "rotation_target_days": 10, "gang_code": "", "road_condition": "poor", "bunches_per_day": 13.4, "centroid_lon": 116.927048, "centroid_lat": 1.110116, "estate": "MKAL"}, "geometry": {"type": "Polygon", "coordinates": [[[116.926163, 1.111065], [116.926147, 1.110953], [116.926154, 1.110952], [116.926152, 1.110924], [116.928007, 1.11049], [116.928095, 1.109413], [116.927912, 1.109281], [116.926028, 1.109766], [116.926121, 1.111417], [116.926192, 1.111462], [116.926163, 1.111065]]]}}, {"type": "Feature", "properties": {"division_code": 2, "block_code": 34, "block_label": "2-34", "planted_ha": 3.44, "palms": 462, "planted_year": 2014, "abw_kg": 22.4, "rotation_target_days": 10, "gang_code": "", "road_condition": "good", "bunches_per_day": 17.6, "centroid_lon": 116.898328, "centroid_lat": 1.109043, "estate": "MKAL"}, "geometry": {"type": "Polygon", "coordinates": [[[116.899161, 1.109865], [116.89913, 1.108282], [116.898654, 1.107996], [116.897215, 1.108704], [116.897685, 1.109892], [116.899132, 1.109892], [116.899161, 1.109865]]]}}, {"type": "Feature", "properties": {"division_code": 2, "block_code": 35, "block_label": "2-35", "planted_ha": 3.62, "palms": 481, "planted_year": 2014, "abw_kg": 22.5, "rotation_target_days": 10, "gang_code": "", "road_condition": "fair", "bunches_per_day": 17.8, "centroid_lon": 116.900068, "centroid_lat": 1.108891, "estate": "MKAL"}, "geometry": {"type": "Polygon", "coordinates": [[[116.901126, 1.109448], [116.900714, 1.107966], [116.900512, 1.107831], [116.899166, 1.108284], [116.899197, 1.109852], [116.901061, 1.109537], [116.901126, 1.109448]]]}}, {"type": "Feature", "properties": {"division_code": 2, "block_code": 36, "block_label": "2-36", "planted_ha": 4.18, "palms": 559, "planted_year": 2014, "abw_kg": 22.4, "rotation_target_days": 10, "gang_code": "", "road_condition": "good", "bunches_per_day": 20.8, "centroid_lon": 116.901911, "centroid_lat": 1.108426, "estate": "MKAL"}, "geometry": {"type": "Polygon", "coordinates": [[[116.90292, 1.109224], [116.902895, 1.109014], [116.902653, 1.107276], [116.902545, 1.107213], [116.900751, 1.107965], [116.901159, 1.109432], [116.902897, 1.109252], [116.90292, 1.109224]]]}}, {"type": "Feature", "properties": {"division_code": 2, "block_code": 37, "block_label": "2-37", "planted_ha": 3.9, "palms": 526, "planted_year": 2012, "abw_kg": 21.5, "rotation_target_days": 10, "gang_code": "", "road_condition": "fair", "bunches_per_day": 21.0, "centroid_lon": 116.905847, "centroid_lat": 1.109407, "estate": "MKAL"}, "geometry": {"type": "Polygon", "coordinates": [[[116.906683, 1.110208], [116.906677, 1.109175], [116.906645, 1.108328], [116.906381, 1.108168], [116.904702, 1.109136], [116.905226, 1.110484], [116.906683, 1.110208]]]}}, {"type": "Feature", "properties": {"division_code": 2, "block_code": 38, "block_label": "2-38", "planted_ha": 4.06, "palms": 534, "planted_year": 2013, "abw_kg": 22.0, "rotation_target_days": 10, "gang_code": "", "road_condition": "good", "bunches_per_day": 19.7, "centroid_lon": 116.907527, "centroid_lat": 1.109283, "estate": "MKAL"}, "geometry": {"type": "Polygon", "coordinates": [[[116.908536, 1.110107], [116.908139, 1.108166], [116.906681, 1.108333], [116.906713, 1.109175], [116.906719, 1.110212], [116.906979, 1.110364], [116.908536, 1.110107]]]}}, {"type": "Feature", "properties": {"division_code": 2, "block_code": 39, "block_label": "2-39", "planted_ha": 3.88, "palms": 520, "planted_year": 2013, "abw_kg": 22.5, "rotation_target_days": 10, "gang_code": "", "road_condition": "fair", "bunches_per_day": 20.9, "centroid_lon": 116.909148, "centroid_lat": 1.108925, "estate": "MKAL"}, "geometry": {"type": "Polygon", "coordinates": [[[116.908793, 1.110262], [116.910219, 1.109145], [116.909859, 1.107907], [116.909027, 1.108021], [116.908209, 1.108099], [116.908172, 1.10815], [116.908573, 1.110111], [116.908793, 1.110262]]]}}, {"type": "Feature", "properties": {"division_code": 2, "block_code": 40, "block_label": "2-40", "planted_ha": 4.09, "palms": 542, "planted_year": 2015, "abw_kg": 22.2, "rotation_target_days": 10, "gang_code": "", "road_condition": "fair", "bunches_per_day": 20.4, "centroid_lon": 116.911042, "centroid_lat": 1.108344, "estate": "MKAL"}, "geometry": {"type": "Polygon", "coordinates": [[[116.912039, 1.108931], [116.911842, 1.10723], [116.910011, 1.107744], [116.909892, 1.107891], [116.910254, 1.109137], [116.91116, 1.10942], [116.912039, 1.108931]]]}}, {"type": "Feature", "properties": {"division_code": 2, "block_code": 41, "block_label": "2-41", "planted_ha": 3.82, "palms": 512, "planted_year": 2017, "abw_kg": 19.4, "rotation_target_days": 10, "gang_code": "", "road_condition": "good", "bunches_per_day": 17.6, "centroid_lon": 116.915244, "centroid_lat": 1.109386, "estate": "MKAL"}, "geometry": {"type": "Polygon", "coordinates": [[[116.916262, 1.110263], [116.916031, 1.109388], [116.915778, 1.108304], [116.915477, 1.108158], [116.91419, 1.108969], [116.914383, 1.109898], [116.915068, 1.110403], [116.916262, 1.110263]]]}}, {"type": "Feature", "properties": {"division_code": 2, "block_code": 42, "block_label": "2-42", "planted_ha": 4.11, "palms": 555, "planted_year": 2017, "abw_kg": 19.7, "rotation_target_days": 10, "gang_code": "", "road_condition": "good", "bunches_per_day": 21.3, "centroid_lon": 116.916872, "centroid_lat": 1.109047, "estate": "MKAL"}, "geometry": {"type": "Polygon", "coordinates": [[[116.917827, 1.109718], [116.917688, 1.108112], [116.917487, 1.107976], [116.916653, 1.108125], [116.915815, 1.108305], [116.91618, 1.109824], [116.9163, 1.110267], [116.916334, 1.110286], [116.917827, 1.109718]]]}}, {"type": "Feature", "properties": {"division_code": 2, "block_code": 43, "block_label": "2-43", "planted_ha": 4.46, "palms": 591, "planted_year": 2018, "abw_kg": 18.4, "rotation_target_days": 10, "gang_code": "", "road_condition": "good", "bunches_per_day": 22.6, "centroid_lon": 116.918764, "centroid_lat": 1.108783, "estate": "MKAL"}, "geometry": {"type": "Polygon", "coordinates": [[[116.920024, 1.109149], [116.920092, 1.109012], [116.919246, 1.107611], [116.917724, 1.108115], [116.917863, 1.10972], [116.918209, 1.109978], [116.920024, 1.109149]]]}}, {"type": "Feature", "properties": {"division_code": 2, "block_code": 44, "block_label": "2-44", "planted_ha": 3.49, "palms": 473, "planted_year": 2016, "abw_kg": 20.1, "rotation_target_days": 10, "gang_code": "", "road_condition": "good", "bunches_per_day": 15.6, "centroid_lon": 116.923003, "centroid_lat": 1.109318, "estate": "MKAL"}, "geometry": {"type": "Polygon", "coordinates": [[[116.923696, 1.108141], [116.921814, 1.109088], [116.922292, 1.110037], [116.922806, 1.110294], [116.923932, 1.109924], [116.923696, 1.108141]]]}}, {"type": "Feature", "properties": {"division_code": 2, "block_code": 45, "block_label": "2-45", "planted_ha": 3.96, "palms": 534, "planted_year": 2016, "abw_kg": 20.1, "rotation_target_days": 10, "gang_code": "", "road_condition": "good", "bunches_per_day": 21.0, "centroid_lon": 116.924689, "centroid_lat": 1.108927, "estate": "MKAL"}, "geometry": {"type": "Polygon", "coordinates": [[[116.925784, 1.109617], [116.925464, 1.108173], [116.925305, 1.10807], [116.923791, 1.107937], [116.923729, 1.108116], [116.923968, 1.109924], [116.924105, 1.109979], [116.925784, 1.109617]]]}}, {"type": "Feature", "properties": {"division_code": 2, "block_code": 46, "block_label": "2-46", "planted_ha": 4.46, "palms": 613, "planted_year": 2016, "abw_kg": 21.1, "rotation_target_days": 10, "gang_code": "", "road_condition": "good", "bunches_per_day": 20.0, "centroid_lon": 116.926671, "centroid_lat": 1.108658, "estate": "MKAL"}, "geometry": {"type": "Polygon", "coordinates": [[[116.927894, 1.109248], [116.927644, 1.108118], [116.926929, 1.107486], [116.9255, 1.108172], [116.925821, 1.10962], [116.926012, 1.109733], [116.927894, 1.109248]]]}}, {"type": "Feature", "properties": {"division_code": 2, "block_code": 47, "block_label": "2-47", "planted_ha": 1.3, "palms": 179, "planted_year": 2016, "abw_kg": 20.3, "rotation_target_days": 10, "gang_code": "", "road_condition": "good", "bunches_per_day": 6.5, "centroid_lon": 116.92817, "centroid_lat": 1.108639, "estate": "MKAL"}, "geometry": {"type": "Polygon", "coordinates": [[[116.92768, 1.108114], [116.927932, 1.10925], [116.928119, 1.109386], [116.928594, 1.109366], [116.928711, 1.10914], [116.928161, 1.107654], [116.92768, 1.108114]]]}}, {"type": "Feature", "properties": {"division_code": 2, "block_code": 48, "block_label": "2-48", "planted_ha": 1.55, "palms": 209, "planted_year": 2014, "abw_kg": 22.6, "rotation_target_days": 10, "gang_code": "", "road_condition": "good", "bunches_per_day": 6.9, "centroid_lon": 116.896059, "centroid_lat": 1.108217, "estate": "MKAL"}, "geometry": {"type": "Polygon", "coordinates": [[[116.896688, 1.108357], [116.896424, 1.107131], [116.896366, 1.107127], [116.895956, 1.107699], [116.895775, 1.107982], [116.895264, 1.109003], [116.895456, 1.109134], [116.896688, 1.108357]]]}}, {"type": "Feature", "properties": {"division_code": 2, "block_code": 49, "block_label": "2-49", "planted_ha": 3.95, "palms": 534, "planted_year": 2014, "abw_kg": 22.2, "rotation_target_days": 10, "gang_code": "", "road_condition": "good", "bunches_per_day": 20.1, "centroid_lon": 116.897532, "centroid_lat": 1.107571, "estate": "MKAL"}, "geometry": {"type": "Polygon", "coordinates": [[[116.898505, 1.106892], [116.897876, 1.10664], [116.896701, 1.10684], [116.896458, 1.107119], [116.896725, 1.108355], [116.897193, 1.108674], [116.898635, 1.107965], [116.898505, 1.106892]]]}}, {"type": "Feature", "properties": {"division_code": 2, "block_code": 50, "block_label": "2-50", "planted_ha": 3.31, "palms": 444, "planted_year": 2014, "abw_kg": 21.7, "rotation_target_days": 10, "gang_code": "", "road_condition": "fair", "bunches_per_day": 16.1, "centroid_lon": 116.899496, "centroid_lat": 1.107299, "estate": "MKAL"}, "geometry": {"type": "Polygon", "coordinates": [[[116.900184, 1.106487], [116.899737, 1.106288], [116.898541, 1.10689], [116.898671, 1.107964], [116.89915, 1.108252], [116.900493, 1.107799], [116.900184, 1.106487]]]}}, {"type": "Feature", "properties": {"division_code": 2, "block_code": 51, "block_label": "2-51", "planted_ha": 4.37, "palms": 571, "planted_year": 2013, "abw_kg": 22.5, "rotation_target_days": 10, "gang_code": "", "road_condition": "poor", "bunches_per_day": 21.6, "centroid_lon": 116.903655, "centroid_lat": 1.10812, "estate": "MKAL"}, "geometry": {"type": "Polygon", "coordinates": [[[116.903803, 1.10918], [116.904671, 1.109118], [116.904552, 1.108473], [116.904225, 1.106982], [116.903932, 1.106855], [116.902689, 1.107278], [116.902955, 1.109211], [116.903803, 1.10918]]]}}, {"type": "Feature", "properties": {"division_code": 2, "block_code": 52, "block_label": "2-52", "planted_ha": 3.95, "palms": 536, "planted_year": 2013, "abw_kg": 21.5, "rotation_target_days": 10, "gang_code": "", "road_condition": "fair", "bunches_per_day": 20.4, "centroid_lon": 116.905253, "centroid_lat": 1.10774, "estate": "MKAL"}, "geometry": {"type": "Polygon", "coordinates": [[[116.90579, 1.10661], [116.904262, 1.106982], [116.90471, 1.109077], [116.906359, 1.108139], [116.90579, 1.10661]]]}}, {"type": "Feature", "properties": {"division_code": 2, "block_code": 53, "block_label": "2-53", "planted_ha": 5.23, "palms": 687, "planted_year": 2013, "abw_kg": 22.0, "rotation_target_days": 10, "gang_code": "", "road_condition": "fair", "bunches_per_day": 23.5, "centroid_lon": 116.907061, "centroid_lat": 1.107115, "estate": "MKAL"}, "geometry": {"type": "Polygon", "coordinates": [[[116.908143, 1.108129], [116.90818, 1.108077], [116.907947, 1.106289], [116.907492, 1.105917], [116.905994, 1.106205], [116.905821, 1.10659], [116.906395, 1.108135], [116.906667, 1.108298], [116.908143, 1.108129]]]}}, {"type": "Feature", "properties": {"division_code": 2, "block_code": 54, "block_label": "2-54", "planted_ha": 4.02, "palms": 528, "planted_year": 2013, "abw_kg": 22.5, "rotation_target_days": 10, "gang_code": "", "road_condition": "good", "bunches_per_day": 20.4, "centroid_lon": 116.908947, "centroid_lat": 1.107026, "estate": "MKAL"}, "geometry": {"type": "Polygon", "coordinates": [[[116.909981, 1.107724], [116.909474, 1.105817], [116.907983, 1.106292], [116.908215, 1.108063], [116.909023, 1.107985], [116.909862, 1.10787], [116.909981, 1.107724]]]}}, {"type": "Feature", "properties": {"division_code": 2, "block_code": 55, "block_label": "2-55", "planted_ha": 4.24, "palms": 585, "planted_year": 2015, "abw_kg": 22.3, "rotation_target_days": 10, "gang_code": "", "road_condition": "good", "bunches_per_day": 20.4, "centroid_lon": 116.912805, "centroid_lat": 1.107995, "estate": "MKAL"}, "geometry": {"type": "Polygon", "coordinates": [[[116.913277, 1.106827], [116.912005, 1.106987], [116.911875, 1.107212], [116.912075, 1.10893], [116.912377, 1.109102], [116.91393, 1.108839], [116.913277, 1.106827]]]}}, {"type": "Feature", "properties": {"division_code": 2, "block_code": 56, "block_label": "2-56", "planted_ha": 4.6, "palms": 623, "planted_year": 2017, "abw_kg": 19.5, "rotation_target_days": 10, "gang_code": "", "road_condition": "good", "bunches_per_day": 24.7, "centroid_lon": 116.914414, "centroid_lat": 1.107522, "estate": "MKAL"}, "geometry": {"type": "Polygon", "coordinates": [[[116.915456, 1.108128], [116.915139, 1.106427], [116.913792, 1.106455], [116.91331, 1.106813], [116.913968, 1.108841], [116.914169, 1.10894], [116.915456, 1.108128]]]}}, {"type": "Feature", "properties": {"division_code": 2, "block_code": 57, "block_label": "2-57", "planted_ha": 4.53, "palms": 612, "planted_year": 2017, "abw_kg": 19.8, "rotation_target_days": 10, "gang_code": "", "road_condition": "fair", "bunches_per_day": 24.2, "centroid_lon": 116.91628, "centroid_lat": 1.107189, "estate": "MKAL"}, "geometry": {"type": "Polygon", "coordinates": [[[116.916646, 1.108089], [116.917469, 1.107943], [116.917074, 1.106255], [116.916229, 1.106228], [116.915356, 1.106238], [116.915173, 1.106415], [116.915492, 1.108125], [116.915796, 1.108272], [116.916646, 1.108089]]]}}, {"type": "Feature", "properties": {"division_code": 2, "block_code": 58, "block_label": "2-58", "planted_ha": 4.41, "palms": 602, "planted_year": 2017, "abw_kg": 19.0, "rotation_target_days": 10, "gang_code": "", "road_condition": "good", "bunches_per_day": 21.3, "centroid_lon": 116.920666, "centroid_lat": 1.107855, "estate": "MKAL"}, "geometry": {"type": "Polygon", "coordinates": [[[116.920122, 1.108991], [116.921342, 1.108759], [116.921825, 1.106965], [116.921381, 1.106682], [116.919278, 1.107595], [116.920122, 1.108991]]]}}, {"type": "Feature", "properties": {"division_code": 2, "block_code": 59, "block_label": "2-59", "planted_ha": 4.19, "palms": 551, "planted_year": 2017, "abw_kg": 18.6, "rotation_target_days": 10, "gang_code": "", "road_condition": "fair", "bunches_per_day": 20.7, "centroid_lon": 116.922508, "centroid_lat": 1.107858, "estate": "MKAL"}, "geometry": {"type": "Polygon", "coordinates": [[[116.923696, 1.108101], [116.923759, 1.107919], [116.923245, 1.106812], [116.92186, 1.106973], [116.921377, 1.108767], [116.921792, 1.109059], [116.923696, 1.108101]]]}}, {"type": "Feature", "properties": {"division_code": 2, "block_code": 60, "block_label": "2-60", "planted_ha": 4.21, "palms": 582, "planted_year": 2016, "abw_kg": 20.7, "rotation_target_days": 10, "gang_code": "", "road_condition": "fair", "bunches_per_day": 21.1, "centroid_lon": 116.924493, "centroid_lat": 1.106991, "estate": "MKAL"}, "geometry": {"type": "Polygon", "coordinates": [[[116.925294, 1.108033], [116.92542, 1.105971], [116.925079, 1.105832], [116.923468, 1.106493], [116.923277, 1.106794], [116.923791, 1.107901], [116.925294, 1.108033]]]}}, {"type": "Feature", "properties": {"division_code": 2, "block_code": 61, "block_label": "2-61", "planted_ha": 3.35, "palms": 460, "planted_year": 2015, "abw_kg": 22.6, "rotation_target_days": 10, "gang_code": "", "road_condition": "fair", "bunches_per_day": 15.0, "centroid_lon": 116.926079, "centroid_lat": 1.106933, "estate": "MKAL"}, "geometry": {"type": "Polygon", "coordinates": [[[116.926787, 1.105949], [116.925456, 1.105977], [116.925329, 1.108043], [116.925481, 1.108142], [116.926913, 1.107454], [116.926787, 1.105949]]]}}, {"type": "Feature", "properties": {"division_code": 2, "block_code": 62, "block_label": "2-62", "planted_ha": 2.15, "palms": 285, "planted_year": 2016, "abw_kg": 20.3, "rotation_target_days": 10, "gang_code": "", "road_condition": "poor", "bunches_per_day": 10.4, "centroid_lon": 116.927396, "centroid_lat": 1.106975, "estate": "MKAL"}, "geometry": {"type": "Polygon", "coordinates": [[[116.928148, 1.107617], [116.92791, 1.106975], [116.927178, 1.105742], [116.927036, 1.105758], [116.926822, 1.105938], [116.926949, 1.107456], [116.92766, 1.108084], [116.928148, 1.107617]]]}}, {"type": "Feature", "properties": {"division_code": 2, "block_code": 63, "block_label": "2-63", "planted_ha": 1.83, "palms": 242, "planted_year": 2013, "abw_kg": 21.4, "rotation_target_days": 10, "gang_code": "", "road_condition": "good", "bunches_per_day": 9.2, "centroid_lon": 116.897572, "centroid_lat": 1.105899, "estate": "MKAL"}, "geometry": {"type": "Polygon", "coordinates": [[[116.898209, 1.104885], [116.897817, 1.104737], [116.896964, 1.106295], [116.896689, 1.106681], [116.896707, 1.106802], [116.897863, 1.106606], [116.898209, 1.104885]]]}}, {"type": "Feature", "properties": {"division_code": 2, "block_code": 64, "block_label": "2-64", "planted_ha": 3.51, "palms": 471, "planted_year": 2013, "abw_kg": 22.1, "rotation_target_days": 10, "gang_code": "", "road_condition": "good", "bunches_per_day": 17.7, "centroid_lon": 116.898807, "centroid_lat": 1.105757, "estate": "MKAL"}, "geometry": {"type": "Polygon", "coordinates": [[[116.899392, 1.104585], [116.898245, 1.104888], [116.897899, 1.106611], [116.898521, 1.106859], [116.899716, 1.106258], [116.899392, 1.104585]]]}}, {"type": "Feature", "properties": {"division_code": 2, "block_code": 65, "block_label": "2-65", "planted_ha": 3.62, "palms": 487, "planted_year": 2013, "abw_kg": 21.6, "rotation_target_days": 10, "gang_code": "", "road_condition": "poor", "bunches_per_day": 18.1, "centroid_lon": 116.901287, "centroid_lat": 1.106882, "estate": "MKAL"}, "geometry": {"type": "Polygon", "coordinates": [[[116.90252, 1.107184], [116.901749, 1.105783], [116.90022, 1.106484], [116.900531, 1.1078], [116.900732, 1.107934], [116.90252, 1.107184]]]}}, {"type": "Feature", "properties": {"division_code": 2, "block_code": 66, "block_label": "2-66", "planted_ha": 3.95, "palms": 517, "planted_year": 2013, "abw_kg": 22.1, "rotation_target_days": 10, "gang_code": "", "road_condition": "fair", "bunches_per_day": 19.5, "centroid_lon": 116.902975, "centroid_lat": 1.106114, "estate": "MKAL"}, "geometry": {"type": "Polygon", "coordinates": [[[116.902671, 1.107246], [116.903914, 1.106823], [116.903772, 1.104999], [116.902793, 1.105296], [116.901818, 1.105563], [116.901776, 1.105757], [116.902559, 1.10718], [116.902671, 1.107246]]]}}, {"type": "Feature", "properties": {"division_code": 2, "block_code": 67, "block_label": "2-67", "planted_ha": 4.81, "palms": 653, "planted_year": 2013, "abw_kg": 22.2, "rotation_target_days": 10, "gang_code": "", "road_condition": "fair", "bunches_per_day": 25.9, "centroid_lon": 116.904779, "centroid_lat": 1.105757, "estate": "MKAL"}, "geometry": {"type": "Polygon", "coordinates": [[[116.905789, 1.106574], [116.905962, 1.106189], [116.905358, 1.104705], [116.905042, 1.104531], [116.903944, 1.104747], [116.903807, 1.10498], [116.90395, 1.106823], [116.904242, 1.10695], [116.905789, 1.106574]]]}}, {"type": "Feature", "properties": {"division_code": 2, "block_code": 68, "block_label": "2-68", "planted_ha": 4.7, "palms": 627, "planted_year": 2014, "abw_kg": 22.1, "rotation_target_days": 10, "gang_code": "", "road_condition": "good", "bunches_per_day": 23.8, "centroid_lon": 116.910657, "centroid_lat": 1.106512, "estate": "MKAL"}, "geometry": {"type": "Polygon", "coordinates": [[[116.911973, 1.10697], [116.911244, 1.105529], [116.909757, 1.105483], [116.909506, 1.105798], [116.910013, 1.107706], [116.911845, 1.107192], [116.911973, 1.10697]]]}}, {"type": "Feature", "properties": {"division_code": 2, "block_code": 69, "block_label": "2-69", "planted_ha": 4.74, "palms": 648, "planted_year": 2014, "abw_kg": 22.2, "rotation_target_days": 10, "gang_code": "", "road_condition": "fair", "bunches_per_day": 22.7, "centroid_lon": 116.912542, "centroid_lat": 1.105857, "estate": "MKAL"}, "geometry": {"type": "Polygon", "coordinates": [[[116.913282, 1.106789], [116.913766, 1.10643], [116.913404, 1.105187], [116.912632, 1.104673], [116.911458, 1.105176], [116.911275, 1.105511], [116.912004, 1.106951], [116.913282, 1.106789]]]}}, {"type": "Feature", "properties": {"division_code": 2, "block_code": 70, "block_label": "2-70", "planted_ha": 4.61, "palms": 639, "planted_year": 2018, "abw_kg": 18.4, "rotation_target_days": 10, "gang_code": "", "road_condition": "good", "bunches_per_day": 23.8, "centroid_lon": 116.918161, "centroid_lat": 1.10683, "estate": "MKAL"}, "geometry": {"type": "Polygon", "coordinates": [[[116.919237, 1.107576], [116.91895, 1.105979], [116.918654, 1.10574], [116.917605, 1.105729], [116.917108, 1.106243], [116.917507, 1.107946], [116.917708, 1.108083], [116.919237, 1.107576]]]}}, {"type": "Feature", "properties": {"division_code": 2, "block_code": 71, "block_label": "2-71", "planted_ha": 3.95, "palms": 543, "planted_year": 2018, "abw_kg": 17.2, "rotation_target_days": 10, "gang_code": "", "road_condition": "fair", "bunches_per_day": 18.4, "centroid_lon": 116.920115, "centroid_lat": 1.106398, "estate": "MKAL"}, "geometry": {"type": "Polygon", "coordinates": [[[116.920966, 1.105465], [116.920778, 1.105355], [116.918987, 1.105982], [116.91927, 1.107559], [116.92136, 1.106652], [116.920966, 1.105465]]]}}, {"type": "Feature", "properties": {"division_code": 2, "block_code": 72, "block_label": "2-72", "planted_ha": 4.63, "palms": 637, "planted_year": 2017, "abw_kg": 18.8, "rotation_target_days": 10, "gang_code": "", "road_condition": "good", "bunches_per_day": 24.2, "centroid_lon": 116.922247, "centroid_lat": 1.105907, "estate": "MKAL"}, "geometry": {"type": "Polygon", "coordinates": [[[116.923246, 1.106775], [116.923436, 1.106475], [116.922987, 1.105074], [116.922329, 1.104686], [116.921003, 1.10546], [116.921397, 1.10665], [116.92185, 1.106938], [116.923246, 1.106775]]]}}, {"type": "Feature", "properties": {"division_code": 3, "block_code": 1, "block_label": "3-1", "planted_ha": 1.06, "palms": 143, "planted_year": 2013, "abw_kg": 21.7, "rotation_target_days": 10, "gang_code": "", "road_condition": "fair", "bunches_per_day": 5.1, "centroid_lon": 116.898614, "centroid_lat": 1.104435, "estate": "MKAL"}, "geometry": {"type": "Polygon", "coordinates": [[[116.899395, 1.104546], [116.899442, 1.104481], [116.899307, 1.104123], [116.898135, 1.104091], [116.897833, 1.104705], [116.89823, 1.104855], [116.899395, 1.104546]]]}}, {"type": "Feature", "properties": {"division_code": 3, "block_code": 2, "block_label": "3-2", "planted_ha": 4.42, "palms": 602, "planted_year": 2013, "abw_kg": 22.4, "rotation_target_days": 10, "gang_code": "", "road_condition": "fair", "bunches_per_day": 20.5, "centroid_lon": 116.900529, "centroid_lat": 1.105307, "estate": "MKAL"}, "geometry": {"type": "Polygon", "coordinates": [[[116.901784, 1.105549], [116.901438, 1.104599], [116.900191, 1.104289], [116.899474, 1.1045], [116.899425, 1.104566], [116.899752, 1.106255], [116.9002, 1.106454], [116.901741, 1.105747], [116.901784, 1.105549]]]}}, {"type": "Feature", "properties": {"division_code": 3, "block_code": 3, "block_label": "3-3", "planted_ha": 1.94, "palms": 255, "planted_year": 2014, "abw_kg": 22.1, "rotation_target_days": 10, "gang_code": "", "road_condition": "good", "bunches_per_day": 8.9, "centroid_lon": 116.902714, "centroid_lat": 1.104894, "estate": "MKAL"}, "geometry": {"type": "Polygon", "coordinates": [[[116.902783, 1.105261], [116.903777, 1.10496], [116.903911, 1.104731], [116.903575, 1.10419], [116.903524, 1.104277], [116.90349, 1.10429], [116.903481, 1.104306], [116.9031, 1.104428], [116.902118, 1.104775], [116.90148, 1.10461], [116.901814, 1.105526], [116.902783, 1.105261]]]}}, {"type": "Feature", "properties": {"division_code": 3, "block_code": 4, "block_label": "3-4", "planted_ha": 4.3, "palms": 587, "planted_year": 2013, "abw_kg": 22.5, "rotation_target_days": 10, "gang_code": "", "road_condition": "good", "bunches_per_day": 20.3, "centroid_lon": 116.906597, "centroid_lat": 1.105043, "estate": "MKAL"}, "geometry": {"type": "Polygon", "coordinates": [[[116.907521, 1.104318], [116.907012, 1.103788], [116.905395, 1.1047], [116.905993, 1.106169], [116.907479, 1.105883], [116.907521, 1.104318]]]}}, {"type": "Feature", "properties": {"division_code": 3, "block_code": 5, "block_label": "3-5", "planted_ha": 4.62, "palms": 609, "planted_year": 2013, "abw_kg": 22.2, "rotation_target_days": 10, "gang_code": "", "road_condition": "good", "bunches_per_day": 22.0, "centroid_lon": 116.908527, "centroid_lat": 1.10511, "estate": "MKAL"}, "geometry": {"type": "Polygon", "coordinates": [[[116.909476, 1.105778], [116.909728, 1.105462], [116.909271, 1.104083], [116.909109, 1.103977], [116.907556, 1.104326], [116.907515, 1.105889], [116.907968, 1.106259], [116.909476, 1.105778]]]}}, {"type": "Feature", "properties": {"division_code": 3, "block_code": 6, "block_label": "3-6", "planted_ha": 3.81, "palms": 500, "planted_year": 2012, "abw_kg": 21.9, "rotation_target_days": 10, "gang_code": "", "road_condition": "good", "bunches_per_day": 19.9, "centroid_lon": 116.910431, "centroid_lat": 1.104575, "estate": "MKAL"}, "geometry": {"type": "Polygon", "coordinates": [[[116.911244, 1.105492], [116.911426, 1.10516], [116.911087, 1.103694], [116.910711, 1.103472], [116.909309, 1.104081], [116.909761, 1.105447], [116.911244, 1.105492]]]}}, {"type": "Feature", "properties": {"division_code": 3, "block_code": 7, "block_label": "3-7", "planted_ha": 4.43, "palms": 590, "planted_year": 2014, "abw_kg": 22.3, "rotation_target_days": 10, "gang_code": "", "road_condition": "fair", "bunches_per_day": 21.1, "centroid_lon": 116.914556, "centroid_lat": 1.105325, "estate": "MKAL"}, "geometry": {"type": "Polygon", "coordinates": [[[116.915331, 1.106212], [116.915431, 1.104272], [116.914802, 1.103943], [116.91344, 1.105182], [116.9138, 1.106419], [116.915146, 1.106391], [116.915331, 1.106212]]]}}, {"type": "Feature", "properties": {"division_code": 3, "block_code": 8, "block_label": "3-8", "planted_ha": 4.89, "palms": 667, "planted_year": 2017, "abw_kg": 19.8, "rotation_target_days": 10, "gang_code": "", "road_condition": "good", "bunches_per_day": 25.2, "centroid_lon": 116.916369, "centroid_lat": 1.105175, "estate": "MKAL"}, "geometry": {"type": "Polygon", "coordinates": [[[116.917577, 1.105706], [116.916795, 1.103813], [116.915467, 1.104274], [116.915368, 1.106201], [116.916229, 1.106192], [116.917081, 1.106219], [116.917577, 1.105706]]]}}, {"type": "Feature", "properties": {"division_code": 3, "block_code": 9, "block_label": "3-9", "planted_ha": 3.83, "palms": 525, "planted_year": 2017, "abw_kg": 19.0, "rotation_target_days": 10, "gang_code": "", "road_condition": "good", "bunches_per_day": 17.8, "centroid_lon": 116.917963, "centroid_lat": 1.104602, "estate": "MKAL"}, "geometry": {"type": "Polygon", "coordinates": [[[116.918908, 1.10405], [116.918209, 1.103639], [116.91687, 1.103726], [116.916826, 1.103792], [116.91761, 1.105693], [116.918646, 1.105704], [116.918908, 1.10405]]]}}, {"type": "Feature", "properties": {"division_code": 3, "block_code": 10, "block_label": "3-10", "planted_ha": 3.88, "palms": 508, "planted_year": 2018, "abw_kg": 18.0, "rotation_target_days": 10, "gang_code": "", "road_condition": "good", "bunches_per_day": 17.6, "centroid_lon": 116.919645, "centroid_lat": 1.104829, "estate": "MKAL"}, "geometry": {"type": "Polygon", "coordinates": [[[116.920757, 1.105324], [116.920159, 1.103608], [116.918944, 1.104054], [116.91868, 1.105715], [116.91897, 1.105949], [116.920757, 1.105324]]]}}, {"type": "Feature", "properties": {"division_code": 3, "block_code": 11, "block_label": "3-11", "planted_ha": 3.68, "palms": 490, "planted_year": 2016, "abw_kg": 20.6, "rotation_target_days": 10, "gang_code": "", "road_condition": "good", "bunches_per_day": 16.8, "centroid_lon": 116.924051, "centroid_lat": 1.105311, "estate": "MKAL"}, "geometry": {"type": "Polygon", "coordinates": [[[116.924972, 1.104902], [116.924105, 1.1041], [116.923023, 1.105067], [116.923467, 1.106454], [116.925059, 1.105801], [116.924972, 1.104902]]]}}, {"type": "Feature", "properties": {"division_code": 3, "block_code": 12, "block_label": "3-12", "planted_ha": 3.0, "palms": 416, "planted_year": 2016, "abw_kg": 20.1, "rotation_target_days": 10, "gang_code": "", "road_condition": "fair", "bunches_per_day": 14.1, "centroid_lon": 116.925932, "centroid_lat": 1.105232, "estate": "MKAL"}, "geometry": {"type": "Polygon", "coordinates": [[[116.926797, 1.105913], [116.927009, 1.105734], [116.926941, 1.105343], [116.926804, 1.105111], [116.925784, 1.104149], [116.925008, 1.1049], [116.925095, 1.105799], [116.925442, 1.105941], [116.926797, 1.105913]]]}}, {"type": "Feature", "properties": {"division_code": 3, "block_code": 13, "block_label": "3-13", "planted_ha": 2.63, "palms": 354, "planted_year": 2012, "abw_kg": 22.5, "rotation_target_days": 10, "gang_code": "", "road_condition": "good", "bunches_per_day": 12.0, "centroid_lon": 116.904463, "centroid_lat": 1.103743, "estate": "MKAL"}, "geometry": {"type": "Polygon", "coordinates": [[[116.905084, 1.10284], [116.904606, 1.102538], [116.904527, 1.102555], [116.904145, 1.103194], [116.903596, 1.104155], [116.903941, 1.10471], [116.905027, 1.104496], [116.905084, 1.10284]]]}}, {"type": "Feature", "properties": {"division_code": 3, "block_code": 14, "block_label": "3-14", "planted_ha": 3.74, "palms": 496, "planted_year": 2013, "abw_kg": 22.5, "rotation_target_days": 10, "gang_code": "", "road_condition": "good", "bunches_per_day": 17.8, "centroid_lon": 116.905953, "centroid_lat": 1.103487, "estate": "MKAL"}, "geometry": {"type": "Polygon", "coordinates": [[[116.905372, 1.104672], [116.906996, 1.103755], [116.906874, 1.102762], [116.906537, 1.102432], [116.90512, 1.102844], [116.905063, 1.104501], [116.905372, 1.104672]]]}}, {"type": "Feature", "properties": {"division_code": 3, "block_code": 15, "block_label": "3-15", "planted_ha": 4.05, "palms": 549, "planted_year": 2013, "abw_kg": 22.4, "rotation_target_days": 10, "gang_code": "", "road_condition": "good", "bunches_per_day": 19.1, "centroid_lon": 116.908027, "centroid_lat": 1.103295, "estate": "MKAL"}, "geometry": {"type": "Polygon", "coordinates": [[[116.909093, 1.103944], [116.908972, 1.102572], [116.908153, 1.102308], [116.906911, 1.102765], [116.907032, 1.103757], [116.907545, 1.104291], [116.909093, 1.103944]]]}}, {"type": "Feature", "properties": {"division_code": 3, "block_code": 16, "block_label": "3-16", "planted_ha": 3.45, "palms": 476, "planted_year": 2013, "abw_kg": 22.5, "rotation_target_days": 10, "gang_code": "", "road_condition": "good", "bunches_per_day": 17.7, "centroid_lon": 116.909862, "centroid_lat": 1.102894, "estate": "MKAL"}, "geometry": {"type": "Polygon", "coordinates": [[[116.910621, 1.102034], [116.910076, 1.101693], [116.909008, 1.102566], [116.909129, 1.103947], [116.909288, 1.10405], [116.910694, 1.10344], [116.910621, 1.102034]]]}}, {"type": "Feature", "properties": {"division_code": 3, "block_code": 17, "block_label": "3-17", "planted_ha": 2.88, "palms": 379, "planted_year": 2013, "abw_kg": 22.4, "rotation_target_days": 10, "gang_code": "", "road_condition": "good", "bunches_per_day": 13.9, "centroid_lon": 116.912037, "centroid_lat": 1.104051, "estate": "MKAL"}, "geometry": {"type": "Polygon", "coordinates": [[[116.912948, 1.103071], [116.912846, 1.103005], [116.911124, 1.103694], [116.911457, 1.105137], [116.912618, 1.10464], [116.912948, 1.103071]]]}}, {"type": "Feature", "properties": {"division_code": 3, "block_code": 18, "block_label": "3-18", "planted_ha": 3.54, "palms": 462, "planted_year": 2014, "abw_kg": 21.7, "rotation_target_days": 10, "gang_code": "", "road_condition": "good", "bunches_per_day": 17.3, "centroid_lon": 116.913602, "centroid_lat": 1.103981, "estate": "MKAL"}, "geometry": {"type": "Polygon", "coordinates": [[[116.914775, 1.103919], [116.91415, 1.103046], [116.912982, 1.10308], [116.912654, 1.104644], [116.913417, 1.105153], [116.914775, 1.103919]]]}}, {"type": "Feature", "properties": {"division_code": 3, "block_code": 19, "block_label": "3-19", "planted_ha": 5.11, "palms": 686, "planted_year": 2014, "abw_kg": 21.5, "rotation_target_days": 10, "gang_code": "", "road_condition": "good", "bunches_per_day": 24.1, "centroid_lon": 116.915639, "centroid_lat": 1.103107, "estate": "MKAL"}, "geometry": {"type": "Polygon", "coordinates": [[[116.916794, 1.103775], [116.916841, 1.103704], [116.916653, 1.102129], [116.916492, 1.101988], [116.915672, 1.102167], [116.91461, 1.102435], [116.914181, 1.103027], [116.914811, 1.103907], [116.915451, 1.104242], [116.916794, 1.103775]]]}}, {"type": "Feature", "properties": {"division_code": 3, "block_code": 20, "block_label": "3-20", "planted_ha": 3.81, "palms": 507, "planted_year": 2016, "abw_kg": 20.7, "rotation_target_days": 10, "gang_code": "", "road_condition": "good", "bunches_per_day": 18.7, "centroid_lon": 116.919155, "centroid_lat": 1.102901, "estate": "MKAL"}, "geometry": {"type": "Polygon", "coordinates": [[[116.920165, 1.10355], [116.919629, 1.101786], [116.91862, 1.101745], [116.918233, 1.103612], [116.918929, 1.104021], [116.920156, 1.10357], [116.920165, 1.10355]]]}}, {"type": "Feature", "properties": {"division_code": 3, "block_code": 21, "block_label": "3-21", "planted_ha": 4.0, "palms": 534, "planted_year": 2018, "abw_kg": 17.3, "rotation_target_days": 10, "gang_code": "", "road_condition": "good", "bunches_per_day": 18.3, "centroid_lon": 116.921311, "centroid_lat": 1.104177, "estate": "MKAL"}, "geometry": {"type": "Polygon", "coordinates": [[[116.922309, 1.104655], [116.922063, 1.103057], [116.920833, 1.103383], [116.920197, 1.103567], [116.920189, 1.103585], [116.920795, 1.105323], [116.920981, 1.105431], [116.922309, 1.104655]]]}}, {"type": "Feature", "properties": {"division_code": 3, "block_code": 22, "block_label": "3-22", "planted_ha": 4.01, "palms": 553, "planted_year": 2017, "abw_kg": 18.9, "rotation_target_days": 10, "gang_code": "", "road_condition": "poor", "bunches_per_day": 20.5, "centroid_lon": 116.923062, "centroid_lat": 1.103784, "estate": "MKAL"}, "geometry": {"type": "Polygon", "coordinates": [[[116.924086, 1.104068], [116.923976, 1.103071], [116.923641, 1.102869], [116.922216, 1.102858], [116.922097, 1.103039], [116.922345, 1.104654], [116.923, 1.105039], [116.924086, 1.104068]]]}}, {"type": "Feature", "properties": {"division_code": 3, "block_code": 23, "block_label": "3-23", "planted_ha": 2.05, "palms": 272, "planted_year": 2016, "abw_kg": 20.6, "rotation_target_days": 10, "gang_code": "", "road_condition": "fair", "bunches_per_day": 10.1, "centroid_lon": 116.924777, "centroid_lat": 1.103942, "estate": "MKAL"}, "geometry": {"type": "Polygon", "coordinates": [[[116.925757, 1.104125], [116.925627, 1.104002], [116.924946, 1.103435], [116.924157, 1.103025], [116.924012, 1.103073], [116.924122, 1.104066], [116.924989, 1.104868], [116.925757, 1.104125]]]}}, {"type": "Feature", "properties": {"division_code": 3, "block_code": 24, "block_label": "3-24", "planted_ha": 4.12, "palms": 552, "planted_year": 2013, "abw_kg": 21.6, "rotation_target_days": 10, "gang_code": "", "road_condition": "good", "bunches_per_day": 20.9, "centroid_lon": 116.905502, "centroid_lat": 1.101693, "estate": "MKAL"}, "geometry": {"type": "Polygon", "coordinates": [[[116.906522, 1.102398], [116.90623, 1.10075], [116.906063, 1.100649], [116.904682, 1.100726], [116.904627, 1.102508], [116.905105, 1.10281], [116.906522, 1.102398]]]}}, {"type": "Feature", "properties": {"division_code": 3, "block_code": 25, "block_label": "3-25", "planted_ha": 3.42, "palms": 460, "planted_year": 2012, "abw_kg": 22.0, "rotation_target_days": 10, "gang_code": "", "road_condition": "good", "bunches_per_day": 18.3, "centroid_lon": 116.911599, "centroid_lat": 1.102692, "estate": "MKAL"}, "geometry": {"type": "Polygon", "coordinates": [[[116.912823, 1.102976], [116.912252, 1.101826], [116.910657, 1.102039], [116.91073, 1.103441], [116.911104, 1.103663], [116.912823, 1.102976]]]}}, {"type": "Feature", "properties": {"division_code": 3, "block_code": 26, "block_label": "3-26", "planted_ha": 4.89, "palms": 656, "planted_year": 2012, "abw_kg": 21.6, "rotation_target_days": 10, "gang_code": "", "road_condition": "good", "bunches_per_day": 24.5, "centroid_lon": 116.913524, "centroid_lat": 1.101942, "estate": "MKAL"}, "geometry": {"type": "Polygon", "coordinates": [[[116.91415, 1.10301], [116.91458, 1.102414], [116.914392, 1.100914], [116.913909, 1.100704], [116.912445, 1.10136], [116.912281, 1.101805], [116.912862, 1.102973], [116.912973, 1.103044], [116.91415, 1.10301]]]}}, {"type": "Feature", "properties": {"division_code": 3, "block_code": 27, "block_label": "3-27", "planted_ha": 3.52, "palms": 488, "planted_year": 2015, "abw_kg": 21.7, "rotation_target_days": 10, "gang_code": "", "road_condition": "poor", "bunches_per_day": 17.9, "centroid_lon": 116.917621, "centroid_lat": 1.102696, "estate": "MKAL"}, "geometry": {"type": "Polygon", "coordinates": [[[116.918198, 1.103604], [116.918585, 1.101736], [116.918408, 1.101633], [116.91669, 1.102134], [116.916876, 1.103689], [116.918198, 1.103604]]]}}, {"type": "Feature", "properties": {"division_code": 3, "block_code": 28, "block_label": "3-28", "planted_ha": 4.7, "palms": 634, "planted_year": 2017, "abw_kg": 19.3, "rotation_target_days": 10, "gang_code": "", "road_condition": "fair", "bunches_per_day": 22.3, "centroid_lon": 116.920893, "centroid_lat": 1.102381, "estate": "MKAL"}, "geometry": {"type": "Polygon", "coordinates": [[[116.922186, 1.102837], [116.921712, 1.101456], [116.920731, 1.101459], [116.919923, 1.101493], [116.919663, 1.101774], [116.920197, 1.103529], [116.922067, 1.103019], [116.922186, 1.102837]]]}}, {"type": "Feature", "properties": {"division_code": 3, "block_code": 29, "block_label": "3-29", "planted_ha": 2.09, "palms": 275, "planted_year": 2016, "abw_kg": 20.5, "rotation_target_days": 10, "gang_code": "", "road_condition": "good", "bunches_per_day": 10.2, "centroid_lon": 116.922462, "centroid_lat": 1.10203, "estate": "MKAL"}, "geometry": {"type": "Polygon", "coordinates": [[[116.923628, 1.102833], [116.923628, 1.102731], [116.923066, 1.102395], [116.922346, 1.101076], [116.922305, 1.100888], [116.921935, 1.100942], [116.921744, 1.101439], [116.922219, 1.102822], [116.923628, 1.102833]]]}}, {"type": "Feature", "properties": {"division_code": 3, "block_code": 30, "block_label": "3-30", "planted_ha": 4.29, "palms": 562, "planted_year": 2012, "abw_kg": 22.2, "rotation_target_days": 10, "gang_code": "", "road_condition": "fair", "bunches_per_day": 20.2, "centroid_lon": 116.907267, "centroid_lat": 1.101477, "estate": "MKAL"}, "geometry": {"type": "Polygon", "coordinates": [[[116.908134, 1.102276], [116.908123, 1.100566], [116.90748, 1.100312], [116.906267, 1.100751], [116.906559, 1.102403], [116.906896, 1.102732], [116.908134, 1.102276]]]}}, {"type": "Feature", "properties": {"division_code": 3, "block_code": 31, "block_label": "3-31", "planted_ha": 3.96, "palms": 526, "planted_year": 2013, "abw_kg": 22.5, "rotation_target_days": 10, "gang_code": "", "road_condition": "fair", "bunches_per_day": 19.9, "centroid_lon": 116.909016, "centroid_lat": 1.101378, "estate": "MKAL"}, "geometry": {"type": "Polygon", "coordinates": [[[116.908985, 1.102538], [116.910054, 1.101664], [116.90973, 1.100306], [116.908159, 1.100568], [116.90817, 1.102276], [116.908985, 1.102538]]]}}, {"type": "Feature", "properties": {"division_code": 3, "block_code": 32, "block_label": "3-32", "planted_ha": 5.26, "palms": 699, "planted_year": 2012, "abw_kg": 22.2, "rotation_target_days": 10, "gang_code": "", "road_condition": "good", "bunches_per_day": 24.7, "centroid_lon": 116.911062, "centroid_lat": 1.100928, "estate": "MKAL"}, "geometry": {"type": "Polygon", "coordinates": [[[116.912249, 1.10179], [116.912411, 1.101347], [116.911557, 1.099689], [116.909807, 1.1002], [116.909763, 1.100288], [116.91009, 1.10166], [116.910642, 1.102005], [116.912249, 1.10179]]]}}, {"type": "Feature", "properties": {"division_code": 3, "block_code": 33, "block_label": "3-33", "planted_ha": 3.63, "palms": 476, "planted_year": 2013, "abw_kg": 22.4, "rotation_target_days": 10, "gang_code": "", "road_condition": "good", "bunches_per_day": 19.1, "centroid_lon": 116.915433, "centroid_lat": 1.101384, "estate": "MKAL"}, "geometry": {"type": "Polygon", "coordinates": [[[116.915664, 1.102132], [116.916476, 1.101955], [116.916172, 1.100458], [116.915966, 1.10032], [116.914428, 1.100913], [116.914614, 1.102396], [116.915664, 1.102132]]]}}, {"type": "Feature", "properties": {"division_code": 3, "block_code": 34, "block_label": "3-34", "planted_ha": 3.75, "palms": 513, "planted_year": 2014, "abw_kg": 22.2, "rotation_target_days": 10, "gang_code": "", "road_condition": "good", "bunches_per_day": 19.2, "centroid_lon": 116.917257, "centroid_lat": 1.101079, "estate": "MKAL"}, "geometry": {"type": "Polygon", "coordinates": [[[116.918389, 1.101601], [116.91814, 1.100539], [116.917456, 1.100085], [116.916209, 1.100459], [116.916514, 1.101959], [116.916675, 1.1021], [116.918389, 1.101601]]]}}, {"type": "Feature", "properties": {"division_code": 3, "block_code": 35, "block_label": "3-35", "planted_ha": 3.58, "palms": 476, "planted_year": 2015, "abw_kg": 21.7, "rotation_target_days": 10, "gang_code": "", "road_condition": "good", "bunches_per_day": 17.0, "centroid_lon": 116.919165, "centroid_lat": 1.100765, "estate": "MKAL"}, "geometry": {"type": "Polygon", "coordinates": [[[116.919636, 1.10175], [116.919897, 1.101468], [116.91996, 1.099897], [116.919378, 1.099557], [116.918176, 1.100535], [116.918426, 1.101601], [116.91861, 1.101709], [116.919636, 1.10175]]]}}, {"type": "Feature", "properties": {"division_code": 3, "block_code": 36, "block_label": "3-36", "planted_ha": 3.95, "palms": 519, "planted_year": 2015, "abw_kg": 22.2, "rotation_target_days": 10, "gang_code": "", "road_condition": "fair", "bunches_per_day": 21.1, "centroid_lon": 116.920882, "centroid_lat": 1.100543, "estate": "MKAL"}, "geometry": {"type": "Polygon", "coordinates": [[[116.921903, 1.100925], [116.921403, 1.099319], [116.919996, 1.099899], [116.919934, 1.101457], [116.92073, 1.101423], [116.921713, 1.10142], [116.921903, 1.100925]]]}}, {"type": "Feature", "properties": {"division_code": 3, "block_code": 37, "block_label": "3-37", "planted_ha": 3.54, "palms": 484, "planted_year": 2011, "abw_kg": 21.8, "rotation_target_days": 10, "gang_code": "", "road_condition": "good", "bunches_per_day": 19.0, "centroid_lon": 116.905177, "centroid_lat": 1.099748, "estate": "MKAL"}, "geometry": {"type": "Polygon", "coordinates": [[[116.906047, 1.100613], [116.905771, 1.098665], [116.905396, 1.098456], [116.904112, 1.099721], [116.904513, 1.100615], [116.904668, 1.100691], [116.906047, 1.100613]]]}}, {"type": "Feature", "properties": {"division_code": 3, "block_code": 38, "block_label": "3-38", "planted_ha": 4.15, "palms": 558, "planted_year": 2011, "abw_kg": 22.0, "rotation_target_days": 10, "gang_code": "", "road_condition": "fair", "bunches_per_day": 19.9, "centroid_lon": 116.906739, "centroid_lat": 1.099426, "estate": "MKAL"}, "geometry": {"type": "Polygon", "coordinates": [[[116.907463, 1.10028], [116.907632, 1.098454], [116.907263, 1.098242], [116.905807, 1.098668], [116.906084, 1.100619], [116.906248, 1.100719], [116.907463, 1.10028]]]}}, {"type": "Feature", "properties": {"division_code": 3, "block_code": 39, "block_label": "3-39", "planted_ha": 4.87, "palms": 649, "planted_year": 2013, "abw_kg": 22.0, "rotation_target_days": 10, "gang_code": "", "road_condition": "good", "bunches_per_day": 22.5, "centroid_lon": 116.908546, "centroid_lat": 1.099449, "estate": "MKAL"}, "geometry": {"type": "Polygon", "coordinates": [[[116.909732, 1.100269], [116.909775, 1.100184], [116.909234, 1.098493], [116.908816, 1.098239], [116.907667, 1.098459], [116.907499, 1.100281], [116.908142, 1.100535], [116.909732, 1.100269]]]}}, {"type": "Feature", "properties": {"division_code": 3, "block_code": 40, "block_label": "3-40", "planted_ha": 4.66, "palms": 619, "planted_year": 2013, "abw_kg": 21.4, "rotation_target_days": 10, "gang_code": "", "road_condition": "fair", "bunches_per_day": 21.0, "centroid_lon": 116.910464, "centroid_lat": 1.098943, "estate": "MKAL"}, "geometry": {"type": "Polygon", "coordinates": [[[116.911553, 1.099652], [116.9116, 1.099553], [116.911174, 1.097883], [116.910799, 1.097655], [116.909271, 1.09849], [116.909806, 1.100163], [116.911553, 1.099652]]]}}, {"type": "Feature", "properties": {"division_code": 3, "block_code": 41, "block_label": "3-41", "planted_ha": 4.2, "palms": 576, "planted_year": 2012, "abw_kg": 22.1, "rotation_target_days": 10, "gang_code": "", "road_condition": "fair", "bunches_per_day": 22.2, "centroid_lon": 116.912838, "centroid_lat": 1.100099, "estate": "MKAL"}, "geometry": {"type": "Polygon", "coordinates": [[[116.913889, 1.100673], [116.913673, 1.099213], [116.913306, 1.099], [116.912462, 1.099304], [116.911632, 1.09957], [116.911586, 1.099667], [116.912439, 1.101323], [116.913889, 1.100673]]]}}, {"type": "Feature", "properties": {"division_code": 3, "block_code": 42, "block_label": "3-42", "planted_ha": 4.2, "palms": 562, "planted_year": 2012, "abw_kg": 22.4, "rotation_target_days": 10, "gang_code": "", "road_condition": "fair", "bunches_per_day": 19.4, "centroid_lon": 116.914789, "centroid_lat": 1.099791, "estate": "MKAL"}, "geometry": {"type": "Polygon", "coordinates": [[[116.915496, 1.098707], [116.915403, 1.098658], [116.913709, 1.099214], [116.913925, 1.100671], [116.914408, 1.100882], [116.915947, 1.100289], [116.915496, 1.098707]]]}}, {"type": "Feature", "properties": {"division_code": 3, "block_code": 43, "block_label": "3-43", "planted_ha": 4.24, "palms": 578, "planted_year": 2013, "abw_kg": 21.5, "rotation_target_days": 10, "gang_code": "", "road_condition": "good", "bunches_per_day": 21.7, "centroid_lon": 116.916644, "centroid_lat": 1.099256, "estate": "MKAL"}, "geometry": {"type": "Polygon", "coordinates": [[[116.917443, 1.100051], [116.917701, 1.098556], [116.916748, 1.098153], [116.915533, 1.098704], [116.915984, 1.100289], [116.916191, 1.100427], [116.917443, 1.100051]]]}}, {"type": "Feature", "properties": {"division_code": 3, "block_code": 44, "block_label": "3-44", "planted_ha": 3.36, "palms": 453, "planted_year": 2013, "abw_kg": 21.6, "rotation_target_days": 10, "gang_code": "", "road_condition": "good", "bunches_per_day": 17.1, "centroid_lon": 116.918345, "centroid_lat": 1.099344, "estate": "MKAL"}, "geometry": {"type": "Polygon", "coordinates": [[[116.918155, 1.100506], [116.919354, 1.09953], [116.918769, 1.098199], [116.917737, 1.098558], [116.917479, 1.100057], [116.918155, 1.100506]]]}}, {"type": "Feature", "properties": {"division_code": 3, "block_code": 45, "block_label": "3-45", "planted_ha": 0.97, "palms": 134, "planted_year": 2015, "abw_kg": 22.2, "rotation_target_days": 10, "gang_code": "", "road_condition": "fair", "bunches_per_day": 5.1, "centroid_lon": 116.921895, "centroid_lat": 1.099985, "estate": "MKAL"}, "geometry": {"type": "Polygon", "coordinates": [[[116.922298, 1.100852], [116.922027, 1.099531], [116.922014, 1.099105], [116.92144, 1.099318], [116.921934, 1.100905], [116.922298, 1.100852]]]}}, {"type": "Feature", "properties": {"division_code": 3, "block_code": 46, "block_label": "3-46", "planted_ha": 2.91, "palms": 384, "planted_year": 2010, "abw_kg": 22.6, "rotation_target_days": 10, "gang_code": "", "road_condition": "good", "bunches_per_day": 15.4, "centroid_lon": 116.904377, "centroid_lat": 1.098523, "estate": "MKAL"}, "geometry": {"type": "Polygon", "coordinates": [[[116.903672, 1.099462], [116.904087, 1.099694], [116.90537, 1.098431], [116.904807, 1.097535], [116.90406, 1.097516], [116.903629, 1.098893], [116.903581, 1.099308], [116.903672, 1.099462]]]}}, {"type": "Feature", "properties": {"division_code": 3, "block_code": 47, "block_label": "3-47", "planted_ha": 3.67, "palms": 506, "planted_year": 2011, "abw_kg": 22.6, "rotation_target_days": 10, "gang_code": "", "road_condition": "good", "bunches_per_day": 19.0, "centroid_lon": 116.906135, "centroid_lat": 1.097719, "estate": "MKAL"}, "geometry": {"type": "Polygon", "coordinates": [[[116.907245, 1.09821], [116.907101, 1.097085], [116.906695, 1.096819], [116.905065, 1.097255], [116.904839, 1.097518], [116.905406, 1.09842], [116.90579, 1.098635], [116.907245, 1.09821]]]}}, {"type": "Feature", "properties": {"division_code": 3, "block_code": 48, "block_label": "3-48", "planted_ha": 4.04, "palms": 555, "planted_year": 2012, "abw_kg": 21.5, "rotation_target_days": 10, "gang_code": "", "road_condition": "fair", "bunches_per_day": 18.8, "centroid_lon": 116.912279, "centroid_lat": 1.098364, "estate": "MKAL"}, "geometry": {"type": "Polygon", "coordinates": [[[116.912451, 1.099269], [116.913288, 1.098968], [116.913112, 1.097631], [116.912596, 1.097188], [116.91121, 1.097882], [116.911631, 1.099532], [116.912451, 1.099269]]]}}, {"type": "Feature", "properties": {"division_code": 3, "block_code": 49, "block_label": "3-49", "planted_ha": 3.74, "palms": 508, "planted_year": 2012, "abw_kg": 21.9, "rotation_target_days": 10, "gang_code": "", "road_condition": "good", "bunches_per_day": 18.7, "centroid_lon": 116.914176, "centroid_lat": 1.098183, "estate": "MKAL"}, "geometry": {"type": "Polygon", "coordinates": [[[116.914725, 1.097122], [116.913149, 1.097634], [116.913325, 1.098969], [116.913691, 1.099182], [116.91538, 1.098627], [116.914725, 1.097122]]]}}, {"type": "Feature", "properties": {"division_code": 3, "block_code": 50, "block_label": "3-50", "planted_ha": 3.8, "palms": 507, "planted_year": 2013, "abw_kg": 22.0, "rotation_target_days": 10, "gang_code": "", "road_condition": "good", "bunches_per_day": 16.8, "centroid_lon": 116.915831, "centroid_lat": 1.097489, "estate": "MKAL"}, "geometry": {"type": "Polygon", "coordinates": [[[116.916729, 1.098122], [116.916681, 1.096517], [116.914849, 1.096754], [116.914754, 1.097098], [116.915418, 1.098625], [116.915512, 1.098674], [116.916729, 1.098122]]]}}, {"type": "Feature", "properties": {"division_code": 3, "block_code": 51, "block_label": "3-51", "planted_ha": 4.56, "palms": 632, "planted_year": 2014, "abw_kg": 22.2, "rotation_target_days": 10, "gang_code": "", "road_condition": "good", "bunches_per_day": 24.3, "centroid_lon": 116.920094, "centroid_lat": 1.098716, "estate": "MKAL"}, "geometry": {"type": "Polygon", "coordinates": [[[116.921379, 1.099288], [116.920624, 1.097557], [116.919847, 1.097775], [116.919038, 1.098037], [116.918839, 1.098105], [116.918799, 1.098178], [116.91939, 1.099522], [116.91998, 1.099866], [116.921379, 1.099288]]]}}, {"type": "Feature", "properties": {"division_code": 3, "block_code": 52, "block_label": "3-52", "planted_ha": 2.15, "palms": 293, "planted_year": 2013, "abw_kg": 21.9, "rotation_target_days": 10, "gang_code": "", "road_condition": "fair", "bunches_per_day": 11.4, "centroid_lon": 116.921431, "centroid_lat": 1.098177, "estate": "MKAL"}, "geometry": {"type": "Polygon", "coordinates": [[[116.922012, 1.099067], [116.921983, 1.098404], [116.921706, 1.097224], [116.920692, 1.097432], [116.920653, 1.097535], [116.921416, 1.099286], [116.922012, 1.099067]]]}}, {"type": "Feature", "properties": {"division_code": 3, "block_code": 53, "block_label": "3-53", "planted_ha": 2.7, "palms": 373, "planted_year": 2009, "abw_kg": 21.5, "rotation_target_days": 10, "gang_code": "", "road_condition": "good", "bunches_per_day": 12.5, "centroid_lon": 116.904544, "centroid_lat": 1.096484, "estate": "MKAL"}, "geometry": {"type": "Polygon", "coordinates": [[[116.904809, 1.097498], [116.905038, 1.097231], [116.905158, 1.095591], [116.904485, 1.095209], [116.903995, 1.096256], [116.903851, 1.097387], [116.90405, 1.097479], [116.904809, 1.097498]]]}}, {"type": "Feature", "properties": {"division_code": 3, "block_code": 54, "block_label": "3-54", "planted_ha": 2.94, "palms": 403, "planted_year": 2009, "abw_kg": 22.4, "rotation_target_days": 10, "gang_code": "", "road_condition": "good", "bunches_per_day": 13.6, "centroid_lon": 116.905872, "centroid_lat": 1.09621, "estate": "MKAL"}, "geometry": {"type": "Polygon", "coordinates": [[[116.906507, 1.095148], [116.905194, 1.095594], [116.905076, 1.097215], [116.906679, 1.096786], [116.906507, 1.095148]]]}}, {"type": "Feature", "properties": {"division_code": 3, "block_code": 55, "block_label": "3-55", "planted_ha": 3.58, "palms": 487, "planted_year": 2012, "abw_kg": 22.5, "rotation_target_days": 10, "gang_code": "", "road_condition": "fair", "bunches_per_day": 17.5, "centroid_lon": 116.908102, "centroid_lat": 1.09739, "estate": "MKAL"}, "geometry": {"type": "Polygon", "coordinates": [[[116.908802, 1.098204], [116.908927, 1.096318], [116.908669, 1.096151], [116.907137, 1.097084], [116.907282, 1.098212], [116.907654, 1.098425], [116.908802, 1.098204]]]}}, {"type": "Feature", "properties": {"division_code": 3, "block_code": 56, "block_label": "3-56", "planted_ha": 3.88, "palms": 518, "planted_year": 2011, "abw_kg": 22.5, "rotation_target_days": 10, "gang_code": "", "road_condition": "good", "bunches_per_day": 20.4, "centroid_lon": 116.909694, "centroid_lat": 1.097258, "estate": "MKAL"}, "geometry": {"type": "Polygon", "coordinates": [[[116.910379, 1.096345], [116.910189, 1.096211], [116.908963, 1.096325], [116.908838, 1.09821], [116.90925, 1.09846], [116.910778, 1.097625], [116.910379, 1.096345]]]}}, {"type": "Feature", "properties": {"division_code": 3, "block_code": 57, "block_label": "3-57", "planted_ha": 3.96, "palms": 547, "planted_year": 2012, "abw_kg": 22.5, "rotation_target_days": 10, "gang_code": "", "road_condition": "good", "bunches_per_day": 18.4, "centroid_lon": 116.911574, "centroid_lat": 1.096729, "estate": "MKAL"}, "geometry": {"type": "Polygon", "coordinates": [[[116.91258, 1.097156], [116.912599, 1.096136], [116.912009, 1.095643], [116.910416, 1.096344], [116.910815, 1.097622], [116.91119, 1.097851], [116.91258, 1.097156]]]}}, {"type": "Feature", "properties": {"division_code": 3, "block_code": 58, "block_label": "3-58", "planted_ha": 4.12, "palms": 558, "planted_year": 2013, "abw_kg": 21.8, "rotation_target_days": 10, "gang_code": "", "road_condition": "good", "bunches_per_day": 19.5, "centroid_lon": 116.913685, "centroid_lat": 1.096548, "estate": "MKAL"}, "geometry": {"type": "Polygon", "coordinates": [[[116.91472, 1.097085], [116.914816, 1.096738], [116.914322, 1.095331], [116.912634, 1.096139], [116.912616, 1.097158], [116.913133, 1.097601], [116.91472, 1.097085]]]}}, {"type": "Feature", "properties": {"division_code": 3, "block_code": 59, "block_label": "3-59", "planted_ha": 4.57, "palms": 620, "planted_year": 2012, "abw_kg": 22.2, "rotation_target_days": 10, "gang_code": "", "road_condition": "good", "bunches_per_day": 24.1, "centroid_lon": 116.917676, "centroid_lat": 1.09737, "estate": "MKAL"}, "geometry": {"type": "Polygon", "coordinates": [[[116.918766, 1.098162], [116.918807, 1.098088], [116.918327, 1.096419], [116.917905, 1.096199], [116.916779, 1.096416], [116.916716, 1.096501], [116.916765, 1.098122], [116.917721, 1.098525], [116.918766, 1.098162]]]}}, {"type": "Feature", "properties": {"division_code": 3, "block_code": 60, "block_label": "3-60", "planted_ha": 4.54, "palms": 624, "planted_year": 2012, "abw_kg": 22.1, "rotation_target_days": 10, "gang_code": "", "road_condition": "good", "bunches_per_day": 21.7, "centroid_lon": 116.919551, "centroid_lat": 1.096856, "estate": "MKAL"}, "geometry": {"type": "Polygon", "coordinates": [[[116.919837, 1.097741], [116.92062, 1.09752], [116.92066, 1.097415], [116.920295, 1.095694], [116.920129, 1.095595], [116.919351, 1.095938], [116.918363, 1.096417], [116.918839, 1.098067], [116.919837, 1.097741]]]}}, {"type": "Feature", "properties": {"division_code": 3, "block_code": 61, "block_label": "3-61", "planted_ha": 1.64, "palms": 224, "planted_year": 2013, "abw_kg": 22.2, "rotation_target_days": 10, "gang_code": "", "road_condition": "fair", "bunches_per_day": 8.8, "centroid_lon": 116.920929, "centroid_lat": 1.096575, "estate": "MKAL"}, "geometry": {"type": "Polygon", "coordinates": [[[116.921697, 1.097189], [116.921651, 1.096998], [116.920727, 1.095563], [116.920332, 1.095694], [116.920692, 1.097395], [116.921697, 1.097189]]]}}, {"type": "Feature", "properties": {"division_code": 3, "block_code": 62, "block_label": "3-62", "planted_ha": 2.69, "palms": 366, "planted_year": 2009, "abw_kg": 21.8, "rotation_target_days": 10, "gang_code": "", "road_condition": "good", "bunches_per_day": 13.7, "centroid_lon": 116.905546, "centroid_lat": 1.094776, "estate": "MKAL"}, "geometry": {"type": "Polygon", "coordinates": [[[116.906637, 1.094944], [116.906127, 1.094051], [116.90499, 1.094096], [116.9045, 1.095176], [116.905179, 1.095561], [116.906511, 1.095108], [116.906637, 1.094944]]]}}, {"type": "Feature", "properties": {"division_code": 3, "block_code": 63, "block_label": "3-63", "planted_ha": 4.01, "palms": 534, "planted_year": 2009, "abw_kg": 21.6, "rotation_target_days": 10, "gang_code": "", "road_condition": "good", "bunches_per_day": 18.9, "centroid_lon": 116.907462, "centroid_lat": 1.095829, "estate": "MKAL"}, "geometry": {"type": "Polygon", "coordinates": [[[116.908646, 1.096123], [116.907995, 1.094764], [116.906669, 1.094963], [116.90654, 1.095128], [116.906715, 1.096789], [116.907118, 1.097053], [116.908646, 1.096123]]]}}, {"type": "Feature", "properties": {"division_code": 3, "block_code": 64, "block_label": "3-64", "planted_ha": 4.4, "palms": 591, "planted_year": 2010, "abw_kg": 21.9, "rotation_target_days": 10, "gang_code": "", "road_condition": "fair", "bunches_per_day": 19.6, "centroid_lon": 116.909248, "centroid_lat": 1.095204, "estate": "MKAL"}, "geometry": {"type": "Polygon", "coordinates": [[[116.910179, 1.095311], [116.910144, 1.094209], [116.908269, 1.094359], [116.908026, 1.094745], [116.908683, 1.096118], [116.90895, 1.09629], [116.910176, 1.096175], [116.910179, 1.095311]]]}}, {"type": "Feature", "properties": {"division_code": 3, "block_code": 65, "block_label": "3-65", "planted_ha": 3.91, "palms": 515, "planted_year": 2011, "abw_kg": 21.5, "rotation_target_days": 10, "gang_code": "", "road_condition": "good", "bunches_per_day": 19.7, "centroid_lon": 116.910992, "centroid_lat": 1.09509, "estate": "MKAL"}, "geometry": {"type": "Polygon", "coordinates": [[[116.911993, 1.095611], [116.911779, 1.094184], [116.911733, 1.094152], [116.910275, 1.094094], [116.910179, 1.094197], [116.910215, 1.095311], [116.910212, 1.096183], [116.910396, 1.096313], [116.911993, 1.095611]]]}}, {"type": "Feature", "properties": {"division_code": 3, "block_code": 66, "block_label": "3-66", "planted_ha": 4.65, "palms": 611, "planted_year": 2013, "abw_kg": 22.5, "rotation_target_days": 10, "gang_code": "", "road_condition": "fair", "bunches_per_day": 22.3, "centroid_lon": 116.91295, "centroid_lat": 1.094909, "estate": "MKAL"}, "geometry": {"type": "Polygon", "coordinates": [[[116.914318, 1.095293], [116.914325, 1.095272], [116.91351, 1.093838], [116.912849, 1.093931], [116.912626, 1.093932], [116.911816, 1.094186], [116.912029, 1.095613], [116.912619, 1.096107], [116.914318, 1.095293]]]}}, {"type": "Feature", "properties": {"division_code": 3, "block_code": 67, "block_label": "3-67", "planted_ha": 4.06, "palms": 532, "planted_year": 2012, "abw_kg": 21.5, "rotation_target_days": 10, "gang_code": "", "road_condition": "good", "bunches_per_day": 19.9, "centroid_lon": 116.915536, "centroid_lat": 1.095758, "estate": "MKAL"}, "geometry": {"type": "Polygon", "coordinates": [[[116.916748, 1.096397], [116.916149, 1.094848], [116.91566, 1.094674], [116.914359, 1.095283], [116.914351, 1.095306], [116.914847, 1.096718], [116.916688, 1.096479], [116.916748, 1.096397]]]}}, {"type": "Feature", "properties": {"division_code": 3, "block_code": 68, "block_label": "3-68", "planted_ha": 3.03, "palms": 412, "planted_year": 2012, "abw_kg": 21.6, "rotation_target_days": 10, "gang_code": "", "road_condition": "fair", "bunches_per_day": 14.8, "centroid_lon": 116.917182, "centroid_lat": 1.095409, "estate": "MKAL"}, "geometry": {"type": "Polygon", "coordinates": [[[116.918066, 1.09478], [116.91805, 1.094776], [116.91671, 1.094566], [116.916185, 1.094843], [116.91678, 1.096379], [116.917891, 1.096165], [116.918066, 1.09478]]]}}, {"type": "Feature", "properties": {"division_code": 3, "block_code": 69, "block_label": "3-69", "planted_ha": 2.66, "palms": 351, "planted_year": 2013, "abw_kg": 21.7, "rotation_target_days": 10, "gang_code": "", "road_condition": "good", "bunches_per_day": 13.4, "centroid_lon": 116.918837, "centroid_lat": 1.095535, "estate": "MKAL"}, "geometry": {"type": "Polygon", "coordinates": [[[116.919336, 1.095905], [116.920107, 1.095566], [116.919893, 1.095096], [116.918541, 1.094887], [116.918102, 1.094788], [116.917927, 1.09617], [116.918342, 1.096387], [116.919336, 1.095905]]]}}, {"type": "Feature", "properties": {"division_code": 3, "block_code": 70, "block_label": "3-70", "planted_ha": 1.82, "palms": 244, "planted_year": 2010, "abw_kg": 22.4, "rotation_target_days": 10, "gang_code": "", "road_condition": "good", "bunches_per_day": 9.1, "centroid_lon": 116.907257, "centroid_lat": 1.094382, "estate": "MKAL"}, "geometry": {"type": "Polygon", "coordinates": [[[116.908239, 1.094338], [116.908186, 1.09396], [116.90754, 1.093965], [116.906167, 1.094048], [116.906668, 1.094926], [116.907995, 1.094727], [116.908239, 1.094338]]]}}, {"type": "Feature", "properties": {"division_code": 3, "block_code": 71, "block_label": "3-71", "planted_ha": 2.6, "palms": 354, "planted_year": 2013, "abw_kg": 22.1, "rotation_target_days": 10, "gang_code": "", "road_condition": "fair", "bunches_per_day": 12.4, "centroid_lon": 116.914675, "centroid_lat": 1.094335, "estate": "MKAL"}, "geometry": {"type": "Polygon", "coordinates": [[[116.91564, 1.094643], [116.915582, 1.094093], [116.91528, 1.093657], [116.913759, 1.093803], [116.913548, 1.093833], [116.914352, 1.095246], [116.91564, 1.094643]]]}}, {"type": "Feature", "properties": {"division_code": 1, "block_code": 1, "block_label": "1-1", "planted_ha": 3.81, "palms": 508, "planted_year": 2012, "abw_kg": 21.6, "rotation_target_days": 10, "gang_code": "", "road_condition": "good", "bunches_per_day": 20.4, "centroid_lon": 119.266378, "centroid_lat": -2.188976, "estate": "MSLW"}, "geometry": {"type": "Polygon", "coordinates": [[[119.267552, -2.188971], [119.26635, -2.190103], [119.265132, -2.189278], [119.265587, -2.188328], [119.267059, -2.188038], [119.26755, -2.188646], [119.267552, -2.188971]]]}}, {"type": "Feature", "properties": {"division_code": 1, "block_code": 2, "block_label": "1-2", "planted_ha": 2.48, "palms": 333, "planted_year": 2014, "abw_kg": 22.1, "rotation_target_days": 10, "gang_code": "", "road_condition": "good", "bunches_per_day": 11.5, "centroid_lon": 119.25986, "centroid_lat": -2.190271, "estate": "MSLW"}, "geometry": {"type": "Polygon", "coordinates": [[[119.259716, -2.190997], [119.259068, -2.190982], [119.258781, -2.19061], [119.260054, -2.189272], [119.260263, -2.189242], [119.260836, -2.190529], [119.259716, -2.190997]]]}}, {"type": "Feature", "properties": {"division_code": 1, "block_code": 3, "block_label": "1-3", "planted_ha": 1.7, "palms": 228, "planted_year": 2014, "abw_kg": 21.5, "rotation_target_days": 10, "gang_code": "", "road_condition": "good", "bunches_per_day": 8.5, "centroid_lon": 119.261104, "centroid_lat": -2.189639, "estate": "MSLW"}, "geometry": {"type": "Polygon", "coordinates": [[[119.261094, -2.190559], [119.260872, -2.190523], [119.2603, -2.189236], [119.26203, -2.188973], [119.261094, -2.190559]]]}}, {"type": "Feature", "properties": {"division_code": 1, "block_code": 4, "block_label": "1-4", "planted_ha": 3.69, "palms": 502, "planted_year": 2013, "abw_kg": 21.5, "rotation_target_days": 10, "gang_code": "", "road_condition": "poor", "bunches_per_day": 17.7, "centroid_lon": 119.262217, "centroid_lat": -2.190149, "estate": "MSLW"}, "geometry": {"type": "Polygon", "coordinates": [[[119.263214, -2.190314], [119.262243, -2.191299], [119.26187, -2.19126], [119.261126, -2.190575], [119.262073, -2.18897], [119.262714, -2.188963], [119.263214, -2.190314]]]}}, {"type": "Feature", "properties": {"division_code": 1, "block_code": 5, "block_label": "1-5", "planted_ha": 3.22, "palms": 445, "planted_year": 2013, "abw_kg": 22.5, "rotation_target_days": 10, "gang_code": "", "road_condition": "fair", "bunches_per_day": 16.5, "centroid_lon": 119.263815, "centroid_lat": -2.18946, "estate": "MSLW"}, "geometry": {"type": "Polygon", "coordinates": [[[119.264045, -2.188621], [119.265053, -2.189291], [119.264045, -2.190397], [119.263248, -2.190302], [119.262748, -2.18895], [119.262871, -2.188832], [119.264045, -2.188621]]]}}, {"type": "Feature", "properties": {"division_code": 1, "block_code": 6, "block_label": "1-6", "planted_ha": 3.81, "palms": 512, "planted_year": 2012, "abw_kg": 21.9, "rotation_target_days": 10, "gang_code": "", "road_condition": "good", "bunches_per_day": 20.0, "centroid_lon": 119.26511, "centroid_lat": -2.190533, "estate": "MSLW"}, "geometry": {"type": "Polygon", "coordinates": [[[119.266335, -2.190144], [119.265071, -2.191799], [119.264594, -2.191698], [119.264073, -2.190419], [119.26509, -2.189305], [119.266335, -2.190144]]]}}, {"type": "Feature", "properties": {"division_code": 1, "block_code": 7, "block_label": "1-7", "planted_ha": 3.36, "palms": 460, "planted_year": 2011, "abw_kg": 21.5, "rotation_target_days": 10, "gang_code": "", "road_condition": "fair", "bunches_per_day": 16.0, "centroid_lon": 119.267499, "centroid_lat": -2.190137, "estate": "MSLW"}, "geometry": {"type": "Polygon", "coordinates": [[[119.268312, -2.189426], [119.268296, -2.190573], [119.267563, -2.191266], [119.267321, -2.191234], [119.26637, -2.190133], [119.267572, -2.189002], [119.268312, -2.189426]]]}}, {"type": "Feature", "properties": {"division_code": 1, "block_code": 8, "block_label": "1-8", "planted_ha": 1.91, "palms": 261, "planted_year": 2013, "abw_kg": 22.5, "rotation_target_days": 10, "gang_code": "", "road_condition": "good", "bunches_per_day": 9.9, "centroid_lon": 119.258191, "centroid_lat": -2.191818, "estate": "MSLW"}, "geometry": {"type": "Polygon", "coordinates": [[[119.258161, -2.192702], [119.257637, -2.192748], [119.257307, -2.192261], [119.258656, -2.190741], [119.258756, -2.190636], [119.259038, -2.191001], [119.258161, -2.192702]]]}}, {"type": "Feature", "properties": {"division_code": 1, "block_code": 9, "block_label": "1-9", "planted_ha": 3.56, "palms": 486, "planted_year": 2014, "abw_kg": 22.3, "rotation_target_days": 10, "gang_code": "", "road_condition": "fair", "bunches_per_day": 17.1, "centroid_lon": 119.260755, "centroid_lat": -2.191593, "estate": "MSLW"}, "geometry": {"type": "Polygon", "coordinates": [[[119.260979, -2.192733], [119.2603, -2.192704], [119.259742, -2.191025], [119.260862, -2.190558], [119.261095, -2.190595], [119.26184, -2.19128], [119.260979, -2.192733]]]}}, {"type": "Feature", "properties": {"division_code": 1, "block_code": 10, "block_label": "1-10", "planted_ha": 3.69, "palms": 485, "planted_year": 2013, "abw_kg": 21.6, "rotation_target_days": 10, "gang_code": "", "road_condition": "fair", "bunches_per_day": 17.2, "centroid_lon": 119.263467, "centroid_lat": -2.19137, "estate": "MSLW"}, "geometry": {"type": "Polygon", "coordinates": [[[119.264559, -2.191707], [119.263496, -2.192462], [119.263222, -2.192435], [119.262275, -2.191319], [119.263241, -2.190337], [119.26404, -2.190432], [119.264559, -2.191707]]]}}, {"type": "Feature", "properties": {"division_code": 1, "block_code": 11, "block_label": "1-11", "planted_ha": 3.45, "palms": 456, "planted_year": 2012, "abw_kg": 22.2, "rotation_target_days": 10, "gang_code": "", "road_condition": "good", "bunches_per_day": 16.9, "centroid_lon": 119.266176, "centroid_lat": -2.191516, "estate": "MSLW"}, "geometry": {"type": "Polygon", "coordinates": [[[119.266019, -2.192738], [119.265795, -2.192731], [119.265101, -2.191819], [119.266354, -2.190178], [119.267287, -2.191252], [119.266019, -2.192738]]]}}, {"type": "Feature", "properties": {"division_code": 1, "block_code": 12, "block_label": "1-12", "planted_ha": 1.36, "palms": 184, "planted_year": 2012, "abw_kg": 21.7, "rotation_target_days": 10, "gang_code": "", "road_condition": "fair", "bunches_per_day": 6.0, "centroid_lon": 119.256679, "centroid_lat": -2.193079, "estate": "MSLW"}, "geometry": {"type": "Polygon", "coordinates": [[[119.25669, -2.193605], [119.256432, -2.193666], [119.2555, -2.193177], [119.25683, -2.192786], [119.25685, -2.192762], [119.256866, -2.192758], [119.257283, -2.192289], [119.257604, -2.192764], [119.25669, -2.193605]]]}}, {"type": "Feature", "properties": {"division_code": 1, "block_code": 13, "block_label": "1-13", "planted_ha": 3.76, "palms": 508, "planted_year": 2014, "abw_kg": 22.2, "rotation_target_days": 10, "gang_code": "", "road_condition": "good", "bunches_per_day": 17.4, "centroid_lon": 119.259264, "centroid_lat": -2.192256, "estate": "MSLW"}, "geometry": {"type": "Polygon", "coordinates": [[[119.259706, -2.191033], [119.260265, -2.192714], [119.259071, -2.193456], [119.258195, -2.192714], [119.25907, -2.191018], [119.259706, -2.191033]]]}}, {"type": "Feature", "properties": {"division_code": 1, "block_code": 14, "block_label": "1-14", "planted_ha": 4.12, "palms": 561, "planted_year": 2014, "abw_kg": 21.8, "rotation_target_days": 10, "gang_code": "", "road_condition": "good", "bunches_per_day": 18.5, "centroid_lon": 119.262066, "centroid_lat": -2.19262, "estate": "MSLW"}, "geometry": {"type": "Polygon", "coordinates": [[[119.262241, -2.191335], [119.263191, -2.192454], [119.262232, -2.193894], [119.261672, -2.193829], [119.26101, -2.192751], [119.261872, -2.191296], [119.262241, -2.191335]]]}}, {"type": "Feature", "properties": {"division_code": 1, "block_code": 15, "block_label": "1-15", "planted_ha": 3.48, "palms": 469, "planted_year": 2013, "abw_kg": 21.9, "rotation_target_days": 10, "gang_code": "", "road_condition": "fair", "bunches_per_day": 15.5, "centroid_lon": 119.264666, "centroid_lat": -2.19277, "estate": "MSLW"}, "geometry": {"type": "Polygon", "coordinates": [[[119.265763, -2.192749], [119.264741, -2.19398], [119.264563, -2.193987], [119.264098, -2.193341], [119.263525, -2.192486], [119.264585, -2.191733], [119.265069, -2.191836], [119.265763, -2.192749]]]}}, {"type": "Feature", "properties": {"division_code": 1, "block_code": 16, "block_label": "1-16", "planted_ha": 3.49, "palms": 480, "planted_year": 2012, "abw_kg": 21.8, "rotation_target_days": 10, "gang_code": "", "road_condition": "good", "bunches_per_day": 17.6, "centroid_lon": 119.267248, "centroid_lat": -2.192447, "estate": "MSLW"}, "geometry": {"type": "Polygon", "coordinates": [[[119.268221, -2.192058], [119.268185, -2.192598], [119.267169, -2.193622], [119.266053, -2.192754], [119.267319, -2.191271], [119.26756, -2.191302], [119.268221, -2.192058]]]}}, {"type": "Feature", "properties": {"division_code": 1, "block_code": 17, "block_label": "1-17", "planted_ha": 1.01, "palms": 135, "planted_year": 2012, "abw_kg": 21.6, "rotation_target_days": 10, "gang_code": "", "road_condition": "fair", "bunches_per_day": 4.7, "centroid_lon": 119.249679, "centroid_lat": -2.194224, "estate": "MSLW"}, "geometry": {"type": "Polygon", "coordinates": [[[119.249532, -2.194736], [119.248777, -2.194104], [119.250092, -2.193845], [119.250599, -2.193798], [119.24972, -2.194743], [119.249532, -2.194736]]]}}, {"type": "Feature", "properties": {"division_code": 1, "block_code": 18, "block_label": "1-18", "planted_ha": 2.98, "palms": 409, "planted_year": 2011, "abw_kg": 21.6, "rotation_target_days": 10, "gang_code": "", "road_condition": "good", "bunches_per_day": 13.3, "centroid_lon": 119.252641, "centroid_lat": -2.194346, "estate": "MSLW"}, "geometry": {"type": "Polygon", "coordinates": [[[119.253225, -2.194662], [119.252824, -2.195426], [119.252233, -2.195322], [119.251604, -2.193766], [119.251645, -2.193711], [119.253586, -2.193588], [119.253763, -2.193701], [119.253225, -2.194662]]]}}, {"type": "Feature", "properties": {"division_code": 1, "block_code": 19, "block_label": "1-19", "planted_ha": 3.52, "palms": 474, "planted_year": 2012, "abw_kg": 22.5, "rotation_target_days": 10, "gang_code": "", "road_condition": "fair", "bunches_per_day": 15.6, "centroid_lon": 119.255356, "centroid_lat": -2.194189, "estate": "MSLW"}, "geometry": {"type": "Polygon", "coordinates": [[[119.25545, -2.193191], [119.256407, -2.193694], [119.255751, -2.19526], [119.254956, -2.195323], [119.254358, -2.19359], [119.254525, -2.193435], [119.25545, -2.193191]]]}}, {"type": "Feature", "properties": {"division_code": 1, "block_code": 20, "block_label": "1-20", "planted_ha": 4.48, "palms": 593, "planted_year": 2013, "abw_kg": 21.5, "rotation_target_days": 10, "gang_code": "", "road_condition": "fair", "bunches_per_day": 23.6, "centroid_lon": 119.258013, "centroid_lat": -2.193873, "estate": "MSLW"}, "geometry": {"type": "Polygon", "coordinates": [[[119.259053, -2.193488], [119.259176, -2.194221], [119.258048, -2.195137], [119.257806, -2.195131], [119.256723, -2.193624], [119.257635, -2.192785], [119.258167, -2.192738], [119.259053, -2.193488]]]}}, {"type": "Feature", "properties": {"division_code": 1, "block_code": 21, "block_label": "1-21", "planted_ha": 4.51, "palms": 589, "planted_year": 2014, "abw_kg": 21.6, "rotation_target_days": 10, "gang_code": "", "road_condition": "fair", "bunches_per_day": 22.5, "centroid_lon": 119.260337, "centroid_lat": -2.193791, "estate": "MSLW"}, "geometry": {"type": "Polygon", "coordinates": [[[119.261639, -2.193843], [119.260711, -2.194805], [119.259999, -2.194849], [119.259213, -2.194219], [119.259089, -2.193487], [119.260291, -2.19274], [119.260979, -2.192769], [119.261639, -2.193843]]]}}, {"type": "Feature", "properties": {"division_code": 1, "block_code": 22, "block_label": "1-22", "planted_ha": 3.66, "palms": 495, "planted_year": 2015, "abw_kg": 21.4, "rotation_target_days": 10, "gang_code": "", "road_condition": "fair", "bunches_per_day": 17.3, "centroid_lon": 119.263361, "centroid_lat": -2.193746, "estate": "MSLW"}, "geometry": {"type": "Polygon", "coordinates": [[[119.26349, -2.192498], [119.264068, -2.193362], [119.26453, -2.194002], [119.263222, -2.194947], [119.262264, -2.193911], [119.263222, -2.192472], [119.26349, -2.192498]]]}}, {"type": "Feature", "properties": {"division_code": 1, "block_code": 23, "block_label": "1-23", "planted_ha": 3.86, "palms": 534, "planted_year": 2013, "abw_kg": 21.5, "rotation_target_days": 10, "gang_code": "", "road_condition": "good", "bunches_per_day": 18.2, "centroid_lon": 119.265967, "centroid_lat": -2.193913, "estate": "MSLW"}, "geometry": {"type": "Polygon", "coordinates": [[[119.267162, -2.19376], [119.266226, -2.194953], [119.265719, -2.195048], [119.264774, -2.193997], [119.265795, -2.192768], [119.266021, -2.192775], [119.267153, -2.193656], [119.267162, -2.19376]]]}}, {"type": "Feature", "properties": {"division_code": 1, "block_code": 24, "block_label": "1-24", "planted_ha": 1.17, "palms": 161, "planted_year": 2012, "abw_kg": 21.5, "rotation_target_days": 10, "gang_code": "", "road_condition": "fair", "bunches_per_day": 5.4, "centroid_lon": 119.267812, "centroid_lat": -2.193642, "estate": "MSLW"}, "geometry": {"type": "Polygon", "coordinates": [[[119.267189, -2.193653], [119.268182, -2.192652], [119.268136, -2.193712], [119.268125, -2.194571], [119.267198, -2.193756], [119.267189, -2.193653]]]}}, {"type": "Feature", "properties": {"division_code": 1, "block_code": 25, "block_label": "1-25", "planted_ha": 2.89, "palms": 378, "planted_year": 2011, "abw_kg": 21.7, "rotation_target_days": 10, "gang_code": "", "road_condition": "fair", "bunches_per_day": 15.3, "centroid_lon": 119.245787, "centroid_lat": -2.195349, "estate": "MSLW"}, "geometry": {"type": "Polygon", "coordinates": [[[119.246863, -2.19528], [119.245791, -2.196177], [119.245305, -2.196255], [119.2446, -2.195232], [119.245514, -2.194748], [119.246546, -2.194545], [119.246884, -2.195011], [119.246863, -2.19528]]]}}, {"type": "Feature", "properties": {"division_code": 1, "block_code": 26, "block_label": "1-26", "planted_ha": 4.09, "palms": 558, "planted_year": 2012, "abw_kg": 22.2, "rotation_target_days": 10, "gang_code": "", "road_condition": "good", "bunches_per_day": 18.8, "centroid_lon": 119.248226, "centroid_lat": -2.195164, "estate": "MSLW"}, "geometry": {"type": "Polygon", "coordinates": [[[119.249502, -2.194758], [119.248658, -2.196135], [119.247811, -2.196155], [119.246899, -2.195282], [119.24692, -2.195016], [119.248341, -2.19419], [119.24872, -2.194115], [119.249502, -2.194758]]]}}, {"type": "Feature", "properties": {"division_code": 1, "block_code": 27, "block_label": "1-27", "planted_ha": 4.12, "palms": 549, "planted_year": 2012, "abw_kg": 22.6, "rotation_target_days": 10, "gang_code": "", "road_condition": "good", "bunches_per_day": 22.0, "centroid_lon": 119.249802, "centroid_lat": -2.196106, "estate": "MSLW"}, "geometry": {"type": "Polygon", "coordinates": [[[119.249958, -2.197373], [119.249649, -2.197383], [119.24869, -2.196152], [119.249535, -2.194772], [119.24972, -2.194779], [119.251014, -2.196072], [119.249958, -2.197373]]]}}, {"type": "Feature", "properties": {"division_code": 1, "block_code": 28, "block_label": "1-28", "planted_ha": 4.22, "palms": 566, "planted_year": 2011, "abw_kg": 21.4, "rotation_target_days": 10, "gang_code": "", "road_condition": "good", "bunches_per_day": 22.2, "centroid_lon": 119.251051, "centroid_lat": -2.194842, "estate": "MSLW"}, "geometry": {"type": "Polygon", "coordinates": [[[119.252198, -2.195331], [119.251197, -2.196052], [119.251046, -2.196052], [119.249753, -2.19476], [119.250654, -2.193793], [119.250997, -2.193762], [119.251571, -2.193781], [119.252198, -2.195331]]]}}, {"type": "Feature", "properties": {"division_code": 1, "block_code": 29, "block_label": "1-29", "planted_ha": 3.89, "palms": 538, "planted_year": 2012, "abw_kg": 22.0, "rotation_target_days": 10, "gang_code": "", "road_condition": "fair", "bunches_per_day": 17.4, "centroid_lon": 119.253933, "centroid_lat": -2.194986, "estate": "MSLW"}, "geometry": {"type": "Polygon", "coordinates": [[[119.254923, -2.195336], [119.253806, -2.196289], [119.252856, -2.195442], [119.253256, -2.194679], [119.253799, -2.193711], [119.254325, -2.193606], [119.254923, -2.195336]]]}}, {"type": "Feature", "properties": {"division_code": 1, "block_code": 30, "block_label": "1-30", "planted_ha": 3.13, "palms": 434, "planted_year": 2013, "abw_kg": 22.5, "rotation_target_days": 10, "gang_code": "", "road_condition": "good", "bunches_per_day": 15.9, "centroid_lon": 119.256704, "centroid_lat": -2.194907, "estate": "MSLW"}, "geometry": {"type": "Polygon", "coordinates": [[[119.256691, -2.193642], [119.257772, -2.195145], [119.256558, -2.196036], [119.255784, -2.195273], [119.256443, -2.193701], [119.256691, -2.193642]]]}}, {"type": "Feature", "properties": {"division_code": 1, "block_code": 31, "block_label": "1-31", "planted_ha": 3.88, "palms": 512, "planted_year": 2014, "abw_kg": 21.5, "rotation_target_days": 10, "gang_code": "", "road_condition": "poor", "bunches_per_day": 20.4, "centroid_lon": 119.259135, "centroid_lat": -2.195538, "estate": "MSLW"}, "geometry": {"type": "Polygon", "coordinates": [[[119.25979, -2.196622], [119.258806, -2.196737], [119.258076, -2.195161], [119.259196, -2.194252], [119.259974, -2.194875], [119.25979, -2.196622]]]}}, {"type": "Feature", "properties": {"division_code": 1, "block_code": 32, "block_label": "1-32", "planted_ha": 4.24, "palms": 564, "planted_year": 2014, "abw_kg": 22.2, "rotation_target_days": 10, "gang_code": "", "road_condition": "good", "bunches_per_day": 19.9, "centroid_lon": 119.260747, "centroid_lat": -2.196117, "estate": "MSLW"}, "geometry": {"type": "Polygon", "coordinates": [[[119.261388, -2.195684], [119.262066, -2.196469], [119.260754, -2.197391], [119.259825, -2.196631], [119.260009, -2.194884], [119.260711, -2.194841], [119.261388, -2.195684]]]}}, {"type": "Feature", "properties": {"division_code": 1, "block_code": 33, "block_label": "1-33", "planted_ha": 4.58, "palms": 614, "planted_year": 2014, "abw_kg": 22.4, "rotation_target_days": 10, "gang_code": "", "road_condition": "good", "bunches_per_day": 24.4, "centroid_lon": 119.262051, "centroid_lat": -2.195066, "estate": "MSLW"}, "geometry": {"type": "Polygon", "coordinates": [[[119.263201, -2.194978], [119.263172, -2.195541], [119.262101, -2.196454], [119.261415, -2.19566], [119.260743, -2.194823], [119.261668, -2.193865], [119.262232, -2.19393], [119.263201, -2.194978]]]}}, {"type": "Feature", "properties": {"division_code": 1, "block_code": 34, "block_label": "1-34", "planted_ha": 4.44, "palms": 612, "planted_year": 2015, "abw_kg": 22.6, "rotation_target_days": 10, "gang_code": "", "road_condition": "fair", "bunches_per_day": 21.6, "centroid_lon": 119.26447, "centroid_lat": -2.195224, "estate": "MSLW"}, "geometry": {"type": "Polygon", "coordinates": [[[119.264905, -2.196498], [119.263208, -2.195539], [119.263237, -2.194981], [119.264561, -2.194023], [119.264742, -2.194016], [119.265691, -2.19507], [119.264905, -2.196498]]]}}, {"type": "Feature", "properties": {"division_code": 1, "block_code": 35, "block_label": "1-35", "planted_ha": 3.41, "palms": 468, "planted_year": 2014, "abw_kg": 22.3, "rotation_target_days": 10, "gang_code": "", "road_condition": "fair", "bunches_per_day": 16.9, "centroid_lon": 119.267331, "centroid_lat": -2.195053, "estate": "MSLW"}, "geometry": {"type": "Polygon", "coordinates": [[[119.268125, -2.19462], [119.268139, -2.195523], [119.267543, -2.196396], [119.266259, -2.194969], [119.267183, -2.193791], [119.268125, -2.19462]]]}}, {"type": "Feature", "properties": {"division_code": 1, "block_code": 36, "block_label": "1-36", "planted_ha": 1.14, "palms": 153, "planted_year": 2010, "abw_kg": 22.1, "rotation_target_days": 10, "gang_code": "", "road_condition": "fair", "bunches_per_day": 5.2, "centroid_lon": 119.241852, "centroid_lat": -2.197211, "estate": "MSLW"}, "geometry": {"type": "Polygon", "coordinates": [[[119.241698, -2.197941], [119.241555, -2.197928], [119.241076, -2.19735], [119.242525, -2.196424], [119.242677, -2.196564], [119.241698, -2.197941]]]}}, {"type": "Feature", "properties": {"division_code": 1, "block_code": 37, "block_label": "1-37", "planted_ha": 3.35, "palms": 464, "planted_year": 2011, "abw_kg": 22.5, "rotation_target_days": 10, "gang_code": "", "road_condition": "good", "bunches_per_day": 15.8, "centroid_lon": 119.244218, "centroid_lat": -2.196346, "estate": "MSLW"}, "geometry": {"type": "Polygon", "coordinates": [[[119.24453, -2.197318], [119.244018, -2.197326], [119.243129, -2.196567], [119.24341, -2.195885], [119.244105, -2.195493], [119.244568, -2.195249], [119.245275, -2.196274], [119.24453, -2.197318]]]}}, {"type": "Feature", "properties": {"division_code": 1, "block_code": 38, "block_label": "1-38", "planted_ha": 4.02, "palms": 551, "planted_year": 2011, "abw_kg": 21.9, "rotation_target_days": 10, "gang_code": "", "road_condition": "fair", "bunches_per_day": 20.4, "centroid_lon": 119.24573, "centroid_lat": -2.197482, "estate": "MSLW"}, "geometry": {"type": "Polygon", "coordinates": [[[119.246929, -2.197989], [119.246232, -2.198565], [119.245666, -2.198632], [119.244562, -2.197335], [119.245307, -2.196291], [119.24579, -2.196214], [119.246929, -2.197989]]]}}, {"type": "Feature", "properties": {"division_code": 1, "block_code": 39, "block_label": "1-39", "planted_ha": 3.43, "palms": 454, "planted_year": 2012, "abw_kg": 22.4, "rotation_target_days": 10, "gang_code": "", "road_condition": "good", "bunches_per_day": 15.5, "centroid_lon": 119.246877, "centroid_lat": -2.196548, "estate": "MSLW"}, "geometry": {"type": "Polygon", "coordinates": [[[119.247783, -2.196178], [119.247187, -2.19792], [119.246961, -2.197973], [119.245822, -2.196198], [119.246879, -2.195314], [119.247783, -2.196178]]]}}, {"type": "Feature", "properties": {"division_code": 1, "block_code": 40, "block_label": "1-40", "planted_ha": 4.25, "palms": 580, "planted_year": 2013, "abw_kg": 21.6, "rotation_target_days": 10, "gang_code": "", "road_condition": "good", "bunches_per_day": 22.6, "centroid_lon": 119.248363, "centroid_lat": -2.197304, "estate": "MSLW"}, "geometry": {"type": "Polygon", "coordinates": [[[119.249617, -2.1974], [119.248667, -2.198378], [119.248287, -2.198381], [119.247224, -2.197924], [119.247817, -2.196191], [119.248659, -2.196172], [119.249617, -2.1974]]]}}, {"type": "Feature", "properties": {"division_code": 1, "block_code": 41, "block_label": "1-41", "planted_ha": 3.98, "palms": 531, "planted_year": 2013, "abw_kg": 21.9, "rotation_target_days": 10, "gang_code": "", "road_condition": "fair", "bunches_per_day": 19.1, "centroid_lon": 119.251191, "centroid_lat": -2.197455, "estate": "MSLW"}, "geometry": {"type": "Polygon", "coordinates": [[[119.252405, -2.197957], [119.252399, -2.198], [119.251214, -2.198673], [119.24999, -2.19739], [119.251047, -2.196089], [119.251193, -2.196088], [119.252405, -2.197957]]]}}, {"type": "Feature", "properties": {"division_code": 1, "block_code": 42, "block_label": "1-42", "planted_ha": 4.49, "palms": 615, "planted_year": 2013, "abw_kg": 21.8, "rotation_target_days": 10, "gang_code": "", "road_condition": "fair", "bunches_per_day": 20.5, "centroid_lon": 119.25253, "centroid_lat": -2.196476, "estate": "MSLW"}, "geometry": {"type": "Polygon", "coordinates": [[[119.25379, -2.196322], [119.253827, -2.196534], [119.252427, -2.197925], [119.251227, -2.196075], [119.252224, -2.195357], [119.252826, -2.195463], [119.25379, -2.196322]]]}}, {"type": "Feature", "properties": {"division_code": 1, "block_code": 43, "block_label": "1-43", "planted_ha": 5.01, "palms": 689, "planted_year": 2013, "abw_kg": 22.5, "rotation_target_days": 10, "gang_code": "", "road_condition": "fair", "bunches_per_day": 23.1, "centroid_lon": 119.255242, "centroid_lat": -2.19641, "estate": "MSLW"}, "geometry": {"type": "Polygon", "coordinates": [[[119.256538, -2.196067], [119.256522, -2.196494], [119.255303, -2.197692], [119.255067, -2.197704], [119.253864, -2.196532], [119.253826, -2.196319], [119.254951, -2.195359], [119.255756, -2.195296], [119.256538, -2.196067]]]}}, {"type": "Feature", "properties": {"division_code": 1, "block_code": 44, "block_label": "1-44", "planted_ha": 3.64, "palms": 476, "planted_year": 2014, "abw_kg": 22.2, "rotation_target_days": 10, "gang_code": "", "road_condition": "fair", "bunches_per_day": 16.3, "centroid_lon": 119.257713, "centroid_lat": -2.196324, "estate": "MSLW"}, "geometry": {"type": "Polygon", "coordinates": [[[119.258773, -2.196754], [119.258111, -2.197493], [119.257249, -2.19692], [119.256558, -2.196492], [119.256574, -2.196069], [119.257802, -2.195167], [119.258043, -2.195173], [119.258773, -2.196754]]]}}, {"type": "Feature", "properties": {"division_code": 1, "block_code": 45, "block_label": "1-45", "planted_ha": 4.67, "palms": 626, "planted_year": 2015, "abw_kg": 22.2, "rotation_target_days": 10, "gang_code": "", "road_condition": "fair", "bunches_per_day": 24.3, "centroid_lon": 119.263524, "centroid_lat": -2.196769, "estate": "MSLW"}, "geometry": {"type": "Polygon", "coordinates": [[[119.264896, -2.196535], [119.264976, -2.196811], [119.26356, -2.19802], [119.263194, -2.19791], [119.26215, -2.196474], [119.263191, -2.195572], [119.264896, -2.196535]]]}}, {"type": "Feature", "properties": {"division_code": 1, "block_code": 46, "block_label": "1-46", "planted_ha": 5.11, "palms": 671, "planted_year": 2015, "abw_kg": 22.5, "rotation_target_days": 10, "gang_code": "", "road_condition": "good", "bunches_per_day": 23.0, "centroid_lon": 119.266202, "centroid_lat": -2.196357, "estate": "MSLW"}, "geometry": {"type": "Polygon", "coordinates": [[[119.266229, -2.19499], [119.267527, -2.196432], [119.267505, -2.196888], [119.266208, -2.197556], [119.266008, -2.197545], [119.265013, -2.196806], [119.264931, -2.196526], [119.265724, -2.195084], [119.266229, -2.19499]]]}}, {"type": "Feature", "properties": {"division_code": 1, "block_code": 47, "block_label": "1-47", "planted_ha": 0.84, "palms": 112, "planted_year": 2015, "abw_kg": 21.4, "rotation_target_days": 10, "gang_code": "", "road_condition": "fair", "bunches_per_day": 3.8, "centroid_lon": 119.267922, "centroid_lat": -2.196546, "estate": "MSLW"}, "geometry": {"type": "Polygon", "coordinates": [[[119.267563, -2.196431], [119.26814, -2.195584], [119.268199, -2.197323], [119.267541, -2.19689], [119.267563, -2.196431]]]}}, {"type": "Feature", "properties": {"division_code": 1, "block_code": 48, "block_label": "1-48", "planted_ha": 1.47, "palms": 201, "planted_year": 2010, "abw_kg": 21.4, "rotation_target_days": 10, "gang_code": "", "road_condition": "fair", "bunches_per_day": 7.4, "centroid_lon": 119.240628, "centroid_lat": -2.198071, "estate": "MSLW"}, "geometry": {"type": "Polygon", "coordinates": [[[119.240634, -2.198601], [119.239895, -2.198566], [119.239703, -2.198221], [119.240489, -2.197707], [119.241045, -2.197369], [119.24152, -2.197943], [119.240634, -2.198601]]]}}, {"type": "Feature", "properties": {"division_code": 1, "block_code": 49, "block_label": "1-49", "planted_ha": 4.06, "palms": 537, "planted_year": 2010, "abw_kg": 22.2, "rotation_target_days": 10, "gang_code": "", "road_condition": "fair", "bunches_per_day": 20.2, "centroid_lon": 119.242887, "centroid_lat": -2.197789, "estate": "MSLW"}, "geometry": {"type": "Polygon", "coordinates": [[[119.243989, -2.197349], [119.243526, -2.198308], [119.243125, -2.199068], [119.242761, -2.199071], [119.24173, -2.197959], [119.24271, -2.196579], [119.243101, -2.19659], [119.243989, -2.197349]]]}}, {"type": "Feature", "properties": {"division_code": 1, "block_code": 50, "block_label": "1-50", "planted_ha": 4.62, "palms": 627, "planted_year": 2011, "abw_kg": 21.5, "rotation_target_days": 10, "gang_code": "", "road_condition": "good", "bunches_per_day": 20.8, "centroid_lon": 119.24438, "centroid_lat": -2.198668, "estate": "MSLW"}, "geometry": {"type": "Polygon", "coordinates": [[[119.245635, -2.198652], [119.244706, -2.199849], [119.244241, -2.199896], [119.243159, -2.199081], [119.243558, -2.198324], [119.244023, -2.197362], [119.244531, -2.197354], [119.245635, -2.198652]]]}}, {"type": "Feature", "properties": {"division_code": 1, "block_code": 51, "block_label": "1-51", "planted_ha": 4.48, "palms": 603, "planted_year": 2014, "abw_kg": 21.8, "rotation_target_days": 10, "gang_code": "", "road_condition": "good", "bunches_per_day": 21.3, "centroid_lon": 119.249912, "centroid_lat": -2.198677, "estate": "MSLW"}, "geometry": {"type": "Polygon", "coordinates": [[[119.251192, -2.198702], [119.251183, -2.198763], [119.249828, -2.20017], [119.248697, -2.198398], [119.249648, -2.197419], [119.249959, -2.197409], [119.251192, -2.198702]]]}}, {"type": "Feature", "properties": {"division_code": 1, "block_code": 52, "block_label": "1-52", "planted_ha": 4.41, "palms": 605, "planted_year": 2014, "abw_kg": 21.8, "rotation_target_days": 10, "gang_code": "", "road_condition": "good", "bunches_per_day": 22.2, "centroid_lon": 119.253769, "centroid_lat": -2.197896, "estate": "MSLW"}, "geometry": {"type": "Polygon", "coordinates": [[[119.254324, -2.198825], [119.253458, -2.199035], [119.252435, -2.198005], [119.252441, -2.197961], [119.253847, -2.196566], [119.255037, -2.197725], [119.254324, -2.198825]]]}}, {"type": "Feature", "properties": {"division_code": 1, "block_code": 53, "block_label": "1-53", "planted_ha": 4.63, "palms": 626, "planted_year": 2014, "abw_kg": 21.8, "rotation_target_days": 10, "gang_code": "", "road_condition": "fair", "bunches_per_day": 22.8, "centroid_lon": 119.256749, "centroid_lat": -2.197757, "estate": "MSLW"}, "geometry": {"type": "Polygon", "coordinates": [[[119.258097, -2.197846], [119.256719, -2.19907], [119.255337, -2.19771], [119.256542, -2.196525], [119.257229, -2.196951], [119.258096, -2.197526], [119.258097, -2.197846]]]}}, {"type": "Feature", "properties": {"division_code": 1, "block_code": 54, "block_label": "1-54", "planted_ha": 5.06, "palms": 667, "planted_year": 2014, "abw_kg": 21.5, "rotation_target_days": 10, "gang_code": "", "road_condition": "good", "bunches_per_day": 23.8, "centroid_lon": 119.259472, "centroid_lat": -2.197747, "estate": "MSLW"}, "geometry": {"type": "Polygon", "coordinates": [[[119.260735, -2.197422], [119.26075, -2.198056], [119.259519, -2.199048], [119.25943, -2.199053], [119.258132, -2.197847], [119.258132, -2.197524], [119.258804, -2.196774], [119.2598, -2.196657], [119.260735, -2.197422]]]}}, {"type": "Feature", "properties": {"division_code": 1, "block_code": 55, "block_label": "1-55", "planted_ha": 4.16, "palms": 572, "planted_year": 2015, "abw_kg": 22.3, "rotation_target_days": 10, "gang_code": "", "road_condition": "fair", "bunches_per_day": 19.0, "centroid_lon": 119.261894, "centroid_lat": -2.197759, "estate": "MSLW"}, "geometry": {"type": "Polygon", "coordinates": [[[119.263159, -2.197923], [119.261906, -2.19899], [119.260786, -2.198056], [119.260771, -2.197422], [119.262117, -2.19649], [119.263159, -2.197923]]]}}, {"type": "Feature", "properties": {"division_code": 1, "block_code": 56, "block_label": "1-56", "planted_ha": 4.44, "palms": 587, "planted_year": 2015, "abw_kg": 21.5, "rotation_target_days": 10, "gang_code": "", "road_condition": "good", "bunches_per_day": 22.4, "centroid_lon": 119.264774, "centroid_lat": -2.19817, "estate": "MSLW"}, "geometry": {"type": "Polygon", "coordinates": [[[119.264977, -2.199468], [119.264226, -2.199373], [119.263587, -2.198044], [119.264998, -2.19684], [119.265979, -2.197568], [119.264977, -2.199468]]]}}, {"type": "Feature", "properties": {"division_code": 1, "block_code": 57, "block_label": "1-57", "planted_ha": 3.76, "palms": 513, "planted_year": 2016, "abw_kg": 20.1, "rotation_target_days": 10, "gang_code": "", "road_condition": "fair", "bunches_per_day": 19.5, "centroid_lon": 119.267368, "centroid_lat": -2.198048, "estate": "MSLW"}, "geometry": {"type": "Polygon", "coordinates": [[[119.268201, -2.197367], [119.268204, -2.197527], [119.268189, -2.198638], [119.267672, -2.199187], [119.266999, -2.199109], [119.266236, -2.197582], [119.267521, -2.19692], [119.268201, -2.197367]]]}}, {"type": "Feature", "properties": {"division_code": 1, "block_code": 58, "block_label": "1-58", "planted_ha": 1.51, "palms": 199, "planted_year": 2011, "abw_kg": 22.4, "rotation_target_days": 10, "gang_code": "", "road_condition": "good", "bunches_per_day": 7.3, "centroid_lon": 119.239104, "centroid_lat": -2.19909, "estate": "MSLW"}, "geometry": {"type": "Polygon", "coordinates": [[[119.239042, -2.199983], [119.238235, -2.199181], [119.239673, -2.19824], [119.239863, -2.198584], [119.239042, -2.199983]]]}}, {"type": "Feature", "properties": {"division_code": 1, "block_code": 59, "block_label": "1-59", "planted_ha": 3.67, "palms": 484, "planted_year": 2011, "abw_kg": 22.5, "rotation_target_days": 10, "gang_code": "", "road_condition": "good", "bunches_per_day": 17.3, "centroid_lon": 119.240185, "centroid_lat": -2.199713, "estate": "MSLW"}, "geometry": {"type": "Polygon", "coordinates": [[[119.241231, -2.200068], [119.240307, -2.200851], [119.239079, -2.200093], [119.239065, -2.200016], [119.239894, -2.198602], [119.240628, -2.198637], [119.241231, -2.200068]]]}}, {"type": "Feature", "properties": {"division_code": 1, "block_code": 60, "block_label": "1-60", "planted_ha": 3.21, "palms": 430, "planted_year": 2011, "abw_kg": 21.7, "rotation_target_days": 10, "gang_code": "", "road_condition": "good", "bunches_per_day": 14.3, "centroid_lon": 119.241647, "centroid_lat": -2.199049, "estate": "MSLW"}, "geometry": {"type": "Polygon", "coordinates": [[[119.242729, -2.19909], [119.241937, -2.200034], [119.241265, -2.200055], [119.240662, -2.198626], [119.241551, -2.197964], [119.241698, -2.197978], [119.242729, -2.19909]]]}}, {"type": "Feature", "properties": {"division_code": 1, "block_code": 61, "block_label": "1-61", "planted_ha": 3.8, "palms": 519, "planted_year": 2013, "abw_kg": 21.4, "rotation_target_days": 10, "gang_code": "", "road_condition": "good", "bunches_per_day": 16.8, "centroid_lon": 119.247294, "centroid_lat": -2.199115, "estate": "MSLW"}, "geometry": {"type": "Polygon", "coordinates": [[[119.247552, -2.20065], [119.247189, -2.200587], [119.246731, -2.199561], [119.246262, -2.198587], [119.246961, -2.19801], [119.2472, -2.197954], [119.248261, -2.198409], [119.247552, -2.20065]]]}}, {"type": "Feature", "properties": {"division_code": 1, "block_code": 62, "block_label": "1-62", "planted_ha": 3.33, "palms": 437, "planted_year": 2015, "abw_kg": 21.7, "rotation_target_days": 10, "gang_code": "", "road_condition": "fair", "bunches_per_day": 16.0, "centroid_lon": 119.252386, "centroid_lat": -2.199104, "estate": "MSLW"}, "geometry": {"type": "Polygon", "coordinates": [[[119.253431, -2.199059], [119.253054, -2.199959], [119.252255, -2.200135], [119.251218, -2.198767], [119.251227, -2.198707], [119.252413, -2.198034], [119.253431, -2.199059]]]}}, {"type": "Feature", "properties": {"division_code": 1, "block_code": 63, "block_label": "1-63", "planted_ha": 4.36, "palms": 579, "planted_year": 2014, "abw_kg": 22.4, "rotation_target_days": 10, "gang_code": "", "road_condition": "fair", "bunches_per_day": 23.1, "centroid_lon": 119.255486, "centroid_lat": -2.199058, "estate": "MSLW"}, "geometry": {"type": "Polygon", "coordinates": [[[119.2567, -2.199103], [119.256713, -2.199467], [119.255404, -2.20032], [119.255181, -2.200291], [119.254356, -2.198841], [119.25507, -2.19774], [119.255304, -2.197729], [119.2567, -2.199103]]]}}, {"type": "Feature", "properties": {"division_code": 1, "block_code": 64, "block_label": "1-64", "planted_ha": 4.84, "palms": 671, "planted_year": 2014, "abw_kg": 21.8, "rotation_target_days": 10, "gang_code": "", "road_condition": "fair", "bunches_per_day": 25.4, "centroid_lon": 119.258001, "centroid_lat": -2.199242, "estate": "MSLW"}, "geometry": {"type": "Polygon", "coordinates": [[[119.258073, -2.200539], [119.257786, -2.200546], [119.256749, -2.199469], [119.256736, -2.199103], [119.258114, -2.197879], [119.259398, -2.199072], [119.258073, -2.200539]]]}}, {"type": "Feature", "properties": {"division_code": 1, "block_code": 65, "block_label": "1-65", "planted_ha": 3.64, "palms": 481, "planted_year": 2015, "abw_kg": 21.6, "rotation_target_days": 10, "gang_code": "", "road_condition": "poor", "bunches_per_day": 18.7, "centroid_lon": 119.260749, "centroid_lat": -2.199229, "estate": "MSLW"}, "geometry": {"type": "Polygon", "coordinates": [[[119.261934, -2.199199], [119.260648, -2.2005], [119.259551, -2.199069], [119.260768, -2.198088], [119.26189, -2.199024], [119.261934, -2.199199]]]}}, {"type": "Feature", "properties": {"division_code": 1, "block_code": 66, "block_label": "1-66", "planted_ha": 3.87, "palms": 520, "planted_year": 2015, "abw_kg": 22.2, "rotation_target_days": 10, "gang_code": "", "road_condition": "good", "bunches_per_day": 20.7, "centroid_lon": 119.263116, "centroid_lat": -2.199159, "estate": "MSLW"}, "geometry": {"type": "Polygon", "coordinates": [[[119.263552, -2.198055], [119.264193, -2.199387], [119.263231, -2.200398], [119.263082, -2.200389], [119.26197, -2.199195], [119.261926, -2.199021], [119.263187, -2.197946], [119.263552, -2.198055]]]}}, {"type": "Feature", "properties": {"division_code": 1, "block_code": 67, "block_label": "1-67", "planted_ha": 3.16, "palms": 424, "planted_year": 2016, "abw_kg": 21.0, "rotation_target_days": 10, "gang_code": "", "road_condition": "good", "bunches_per_day": 14.8, "centroid_lon": 119.266005, "centroid_lat": -2.198932, "estate": "MSLW"}, "geometry": {"type": "Polygon", "coordinates": [[[119.266965, -2.199122], [119.266232, -2.199859], [119.265375, -2.199861], [119.26501, -2.199484], [119.266012, -2.197582], [119.2662, -2.197592], [119.266965, -2.199122]]]}}, {"type": "Feature", "properties": {"division_code": 1, "block_code": 68, "block_label": "1-68", "planted_ha": 0.89, "palms": 119, "planted_year": 2016, "abw_kg": 20.9, "rotation_target_days": 10, "gang_code": "", "road_condition": "good", "bunches_per_day": 4.2, "centroid_lon": 119.26716, "centroid_lat": -2.199545, "estate": "MSLW"}, "geometry": {"type": "Polygon", "coordinates": [[[119.267877, -2.199772], [119.266571, -2.199859], [119.266283, -2.199859], [119.266994, -2.199145], [119.267666, -2.199223], [119.267877, -2.199772]]]}}, {"type": "Feature", "properties": {"division_code": 2, "block_code": 1, "block_label": "2-1", "planted_ha": 1.74, "palms": 235, "planted_year": 2013, "abw_kg": 21.5, "rotation_target_days": 10, "gang_code": "", "road_condition": "fair", "bunches_per_day": 7.7, "centroid_lon": 119.238281, "centroid_lat": -2.200112, "estate": "MSLW"}, "geometry": {"type": "Polygon", "coordinates": [[[119.239044, -2.200099], [119.238167, -2.20104], [119.237891, -2.201037], [119.237776, -2.199481], [119.238204, -2.199201], [119.239029, -2.200021], [119.239044, -2.200099]]]}}, {"type": "Feature", "properties": {"division_code": 2, "block_code": 2, "block_label": "2-2", "planted_ha": 4.58, "palms": 615, "planted_year": 2012, "abw_kg": 22.2, "rotation_target_days": 10, "gang_code": "", "road_condition": "fair", "bunches_per_day": 23.6, "centroid_lon": 119.245958, "centroid_lat": -2.199958, "estate": "MSLW"}, "geometry": {"type": "Polygon", "coordinates": [[[119.246699, -2.199576], [119.247153, -2.200595], [119.245884, -2.201285], [119.245809, -2.20128], [119.245337, -2.200632], [119.244739, -2.199866], [119.245668, -2.198668], [119.246229, -2.198602], [119.246699, -2.199576]]]}}, {"type": "Feature", "properties": {"division_code": 2, "block_code": 3, "block_label": "2-3", "planted_ha": 4.46, "palms": 595, "planted_year": 2014, "abw_kg": 22.1, "rotation_target_days": 10, "gang_code": "", "road_condition": "good", "bunches_per_day": 21.3, "centroid_lon": 119.248618, "centroid_lat": -2.19995, "estate": "MSLW"}, "geometry": {"type": "Polygon", "coordinates": [[[119.249807, -2.200204], [119.248544, -2.20133], [119.247585, -2.200664], [119.248296, -2.198417], [119.248664, -2.198414], [119.249807, -2.200204]]]}}, {"type": "Feature", "properties": {"division_code": 2, "block_code": 4, "block_label": "2-4", "planted_ha": 3.58, "palms": 473, "planted_year": 2014, "abw_kg": 22.2, "rotation_target_days": 10, "gang_code": "", "road_condition": "good", "bunches_per_day": 18.0, "centroid_lon": 119.251117, "centroid_lat": -2.200075, "estate": "MSLW"}, "geometry": {"type": "Polygon", "coordinates": [[[119.252226, -2.200156], [119.25147, -2.201146], [119.251267, -2.201157], [119.249843, -2.200215], [119.251198, -2.198799], [119.252226, -2.200156]]]}}, {"type": "Feature", "properties": {"division_code": 2, "block_code": 5, "block_label": "2-5", "planted_ha": 3.47, "palms": 479, "planted_year": 2015, "abw_kg": 22.1, "rotation_target_days": 10, "gang_code": "", "road_condition": "good", "bunches_per_day": 17.2, "centroid_lon": 119.254074, "centroid_lat": -2.199974, "estate": "MSLW"}, "geometry": {"type": "Polygon", "coordinates": [[[119.255147, -2.200303], [119.253999, -2.201212], [119.253088, -2.199972], [119.253465, -2.19907], [119.254326, -2.198861], [119.255147, -2.200303]]]}}, {"type": "Feature", "properties": {"division_code": 2, "block_code": 6, "block_label": "2-6", "planted_ha": 4.79, "palms": 643, "planted_year": 2013, "abw_kg": 21.9, "rotation_target_days": 10, "gang_code": "", "road_condition": "good", "bunches_per_day": 22.1, "centroid_lon": 119.239263, "centroid_lat": -2.201516, "estate": "MSLW"}, "geometry": {"type": "Polygon", "coordinates": [[[119.240464, -2.201377], [119.239851, -2.202207], [119.2392, -2.203037], [119.238806, -2.202985], [119.238195, -2.201063], [119.239066, -2.200128], [119.240294, -2.200885], [119.240464, -2.201377]]]}}, {"type": "Feature", "properties": {"division_code": 2, "block_code": 7, "block_label": "2-7", "planted_ha": 4.1, "palms": 545, "planted_year": 2012, "abw_kg": 22.2, "rotation_target_days": 10, "gang_code": "", "road_condition": "fair", "bunches_per_day": 20.1, "centroid_lon": 119.241569, "centroid_lat": -2.201162, "estate": "MSLW"}, "geometry": {"type": "Polygon", "coordinates": [[[119.242759, -2.20167], [119.241864, -2.202375], [119.240499, -2.201369], [119.24033, -2.200879], [119.24126, -2.200092], [119.241935, -2.200071], [119.242759, -2.20167]]]}}, {"type": "Feature", "properties": {"division_code": 2, "block_code": 8, "block_label": "2-8", "planted_ha": 3.99, "palms": 534, "planted_year": 2011, "abw_kg": 22.4, "rotation_target_days": 10, "gang_code": "", "road_condition": "good", "bunches_per_day": 20.7, "centroid_lon": 119.243031, "centroid_lat": -2.200261, "estate": "MSLW"}, "geometry": {"type": "Polygon", "coordinates": [[[119.244212, -2.199919], [119.243089, -2.201614], [119.242792, -2.201656], [119.241967, -2.200055], [119.242761, -2.199107], [119.24313, -2.199104], [119.244212, -2.199919]]]}}, {"type": "Feature", "properties": {"division_code": 2, "block_code": 9, "block_label": "2-9", "planted_ha": 4.66, "palms": 622, "planted_year": 2011, "abw_kg": 22.2, "rotation_target_days": 10, "gang_code": "", "road_condition": "poor", "bunches_per_day": 24.8, "centroid_lon": 119.244458, "centroid_lat": -2.201202, "estate": "MSLW"}, "geometry": {"type": "Polygon", "coordinates": [[[119.245308, -2.200653], [119.245776, -2.201294], [119.244565, -2.202395], [119.244259, -2.20238], [119.243125, -2.201626], [119.244247, -2.199932], [119.244708, -2.199885], [119.245308, -2.200653]]]}}, {"type": "Feature", "properties": {"division_code": 2, "block_code": 10, "block_label": "2-10", "planted_ha": 5.08, "palms": 679, "planted_year": 2015, "abw_kg": 22.4, "rotation_target_days": 10, "gang_code": "", "road_condition": "good", "bunches_per_day": 24.0, "centroid_lon": 119.24987, "centroid_lat": -2.201578, "estate": "MSLW"}, "geometry": {"type": "Polygon", "coordinates": [[[119.250246, -2.202852], [119.24957, -2.202832], [119.248597, -2.201659], [119.248564, -2.20136], [119.249825, -2.200247], [119.251237, -2.201181], [119.250246, -2.202852]]]}}, {"type": "Feature", "properties": {"division_code": 2, "block_code": 11, "block_label": "2-11", "planted_ha": 3.9, "palms": 510, "planted_year": 2015, "abw_kg": 21.5, "rotation_target_days": 10, "gang_code": "", "road_condition": "good", "bunches_per_day": 18.0, "centroid_lon": 119.252739, "centroid_lat": -2.201081, "estate": "MSLW"}, "geometry": {"type": "Polygon", "coordinates": [[[119.253977, -2.201242], [119.253968, -2.201291], [119.252667, -2.20226], [119.251504, -2.201162], [119.252258, -2.200172], [119.25306, -2.199995], [119.253977, -2.201242]]]}}, {"type": "Feature", "properties": {"division_code": 2, "block_code": 12, "block_label": "2-12", "planted_ha": 3.32, "palms": 442, "planted_year": 2016, "abw_kg": 20.6, "rotation_target_days": 10, "gang_code": "", "road_condition": "poor", "bunches_per_day": 17.9, "centroid_lon": 119.255115, "centroid_lat": -2.201486, "estate": "MSLW"}, "geometry": {"type": "Polygon", "coordinates": [[[119.256058, -2.201674], [119.255307, -2.202805], [119.254664, -2.202083], [119.254004, -2.201296], [119.254012, -2.201248], [119.255176, -2.200326], [119.255397, -2.200355], [119.256058, -2.201674]]]}}, {"type": "Feature", "properties": {"division_code": 2, "block_code": 13, "block_label": "2-13", "planted_ha": 3.62, "palms": 487, "planted_year": 2016, "abw_kg": 20.4, "rotation_target_days": 10, "gang_code": "", "road_condition": "fair", "bunches_per_day": 17.6, "centroid_lon": 119.25658, "centroid_lat": -2.200625, "estate": "MSLW"}, "geometry": {"type": "Polygon", "coordinates": [[[119.257164, -2.201398], [119.256089, -2.201654], [119.255432, -2.200345], [119.256729, -2.1995], [119.257756, -2.200567], [119.257164, -2.201398]]]}}, {"type": "Feature", "properties": {"division_code": 2, "block_code": 14, "block_label": "2-14", "planted_ha": 4.06, "palms": 533, "planted_year": 2016, "abw_kg": 20.3, "rotation_target_days": 10, "gang_code": "", "road_condition": "good", "bunches_per_day": 20.4, "centroid_lon": 119.259408, "centroid_lat": -2.200393, "estate": "MSLW"}, "geometry": {"type": "Polygon", "coordinates": [[[119.260138, -2.199871], [119.260628, -2.200533], [119.260632, -2.200751], [119.259354, -2.201452], [119.259039, -2.2014], [119.258107, -2.200555], [119.259432, -2.199089], [119.259517, -2.199085], [119.260138, -2.199871]]]}}, {"type": "Feature", "properties": {"division_code": 2, "block_code": 15, "block_label": "2-15", "planted_ha": 3.69, "palms": 483, "planted_year": 2015, "abw_kg": 21.9, "rotation_target_days": 10, "gang_code": "", "road_condition": "good", "bunches_per_day": 19.4, "centroid_lon": 119.261828, "centroid_lat": -2.200467, "estate": "MSLW"}, "geometry": {"type": "Polygon", "coordinates": [[[119.262042, -2.201444], [119.261432, -2.201439], [119.260668, -2.200753], [119.260664, -2.200535], [119.261954, -2.19923], [119.26305, -2.200406], [119.262042, -2.201444]]]}}, {"type": "Feature", "properties": {"division_code": 2, "block_code": 16, "block_label": "2-16", "planted_ha": 2.4, "palms": 325, "planted_year": 2015, "abw_kg": 21.6, "rotation_target_days": 10, "gang_code": "", "road_condition": "fair", "bunches_per_day": 12.5, "centroid_lon": 119.26293, "centroid_lat": -2.201511, "estate": "MSLW"}, "geometry": {"type": "Polygon", "coordinates": [[[119.263936, -2.201321], [119.263237, -2.201359], [119.263206, -2.202715], [119.2629, -2.202766], [119.262072, -2.201465], [119.263082, -2.200425], [119.263229, -2.200434], [119.263936, -2.201321]]]}}, {"type": "Feature", "properties": {"division_code": 2, "block_code": 17, "block_label": "2-17", "planted_ha": 2.02, "palms": 271, "planted_year": 2015, "abw_kg": 21.9, "rotation_target_days": 10, "gang_code": "", "road_condition": "fair", "bunches_per_day": 9.0, "centroid_lon": 119.264131, "centroid_lat": -2.200288, "estate": "MSLW"}, "geometry": {"type": "Polygon", "coordinates": [[[119.265324, -2.199861], [119.264427, -2.199862], [119.264366, -2.201298], [119.263981, -2.201319], [119.263262, -2.200417], [119.264221, -2.199409], [119.264979, -2.199504], [119.265324, -2.199861]]]}}, {"type": "Feature", "properties": {"division_code": 2, "block_code": 18, "block_label": "2-18", "planted_ha": 1.2, "palms": 161, "planted_year": 2014, "abw_kg": 22.3, "rotation_target_days": 10, "gang_code": "", "road_condition": "good", "bunches_per_day": 6.2, "centroid_lon": 119.238274, "centroid_lat": -2.202224, "estate": "MSLW"}, "geometry": {"type": "Polygon", "coordinates": [[[119.238771, -2.202994], [119.238275, -2.203326], [119.237915, -2.201725], [119.237892, -2.201073], [119.238162, -2.201076], [119.238771, -2.202994]]]}}, {"type": "Feature", "properties": {"division_code": 2, "block_code": 19, "block_label": "2-19", "planted_ha": 4.39, "palms": 579, "planted_year": 2013, "abw_kg": 21.8, "rotation_target_days": 10, "gang_code": "", "road_condition": "fair", "bunches_per_day": 21.6, "centroid_lon": 119.240573, "centroid_lat": -2.202724, "estate": "MSLW"}, "geometry": {"type": "Polygon", "coordinates": [[[119.24179, -2.202834], [119.240402, -2.203971], [119.239233, -2.203053], [119.23988, -2.202229], [119.240487, -2.201406], [119.241846, -2.202406], [119.24179, -2.202834]]]}}, {"type": "Feature", "properties": {"division_code": 2, "block_code": 20, "block_label": "2-20", "planted_ha": 4.28, "palms": 561, "planted_year": 2012, "abw_kg": 21.5, "rotation_target_days": 10, "gang_code": "", "road_condition": "fair", "bunches_per_day": 22.9, "centroid_lon": 119.242978, "centroid_lat": -2.202788, "estate": "MSLW"}, "geometry": {"type": "Polygon", "coordinates": [[[119.244228, -2.202403], [119.24311, -2.204208], [119.24299, -2.204188], [119.241825, -2.202837], [119.241882, -2.202408], [119.242789, -2.201692], [119.243095, -2.20165], [119.244228, -2.202403]]]}}, {"type": "Feature", "properties": {"division_code": 2, "block_code": 21, "block_label": "2-21", "planted_ha": 3.66, "palms": 486, "planted_year": 2012, "abw_kg": 22.0, "rotation_target_days": 10, "gang_code": "", "road_condition": "fair", "bunches_per_day": 17.3, "centroid_lon": 119.245673, "centroid_lat": -2.202626, "estate": "MSLW"}, "geometry": {"type": "Polygon", "coordinates": [[[119.245876, -2.201321], [119.246747, -2.202932], [119.245841, -2.203723], [119.245263, -2.203655], [119.244594, -2.202417], [119.245806, -2.201316], [119.245876, -2.201321]]]}}, {"type": "Feature", "properties": {"division_code": 2, "block_code": 22, "block_label": "2-22", "planted_ha": 4.54, "palms": 606, "planted_year": 2013, "abw_kg": 21.7, "rotation_target_days": 10, "gang_code": "", "road_condition": "poor", "bunches_per_day": 22.9, "centroid_lon": 119.247229, "centroid_lat": -2.201705, "estate": "MSLW"}, "geometry": {"type": "Polygon", "coordinates": [[[119.248528, -2.201363], [119.248561, -2.20166], [119.247234, -2.202927], [119.24678, -2.202919], [119.245912, -2.201311], [119.247179, -2.200622], [119.247557, -2.200688], [119.248528, -2.201363]]]}}, {"type": "Feature", "properties": {"division_code": 2, "block_code": 23, "block_label": "2-23", "planted_ha": 4.24, "palms": 574, "planted_year": 2015, "abw_kg": 21.8, "rotation_target_days": 10, "gang_code": "", "road_condition": "fair", "bunches_per_day": 20.2, "centroid_lon": 119.251487, "centroid_lat": -2.202495, "estate": "MSLW"}, "geometry": {"type": "Polygon", "coordinates": [[[119.252646, -2.202291], [119.25262, -2.2028], [119.251293, -2.203702], [119.2512, -2.203673], [119.250279, -2.202867], [119.251272, -2.201193], [119.251473, -2.201182], [119.252646, -2.202291]]]}}, {"type": "Feature", "properties": {"division_code": 2, "block_code": 24, "block_label": "2-24", "planted_ha": 4.75, "palms": 624, "planted_year": 2016, "abw_kg": 20.6, "rotation_target_days": 10, "gang_code": "", "road_condition": "good", "bunches_per_day": 25.2, "centroid_lon": 119.253908, "centroid_lat": -2.20267, "estate": "MSLW"}, "geometry": {"type": "Polygon", "coordinates": [[[119.255292, -2.202967], [119.253895, -2.203948], [119.253277, -2.203397], [119.252656, -2.202802], [119.252682, -2.202293], [119.253982, -2.201326], [119.254637, -2.202106], [119.255291, -2.202841], [119.255292, -2.202967]]]}}, {"type": "Feature", "properties": {"division_code": 2, "block_code": 25, "block_label": "2-25", "planted_ha": 3.72, "palms": 507, "planted_year": 2017, "abw_kg": 18.7, "rotation_target_days": 10, "gang_code": "", "road_condition": "good", "bunches_per_day": 17.7, "centroid_lon": 119.256499, "centroid_lat": -2.20255, "estate": "MSLW"}, "geometry": {"type": "Polygon", "coordinates": [[[119.257161, -2.201436], [119.257247, -2.201805], [119.257499, -2.202967], [119.256528, -2.203591], [119.256385, -2.203597], [119.255328, -2.202966], [119.255327, -2.20284], [119.25609, -2.201691], [119.257161, -2.201436]]]}}, {"type": "Feature", "properties": {"division_code": 2, "block_code": 26, "block_label": "2-26", "planted_ha": 3.45, "palms": 456, "planted_year": 2016, "abw_kg": 20.5, "rotation_target_days": 10, "gang_code": "", "road_condition": "poor", "bunches_per_day": 17.1, "centroid_lon": 119.258011, "centroid_lat": -2.201771, "estate": "MSLW"}, "geometry": {"type": "Polygon", "coordinates": [[[119.258149, -2.20303], [119.257534, -2.202959], [119.257194, -2.201418], [119.257788, -2.200583], [119.258075, -2.200575], [119.259008, -2.20142], [119.258149, -2.20303]]]}}, {"type": "Feature", "properties": {"division_code": 2, "block_code": 27, "block_label": "2-27", "planted_ha": 3.16, "palms": 432, "planted_year": 2017, "abw_kg": 18.9, "rotation_target_days": 10, "gang_code": "", "road_condition": "fair", "bunches_per_day": 16.7, "centroid_lon": 119.259165, "centroid_lat": -2.2027, "estate": "MSLW"}, "geometry": {"type": "Polygon", "coordinates": [[[119.259668, -2.203497], [119.258999, -2.203503], [119.258991, -2.203593], [119.258987, -2.203593], [119.258971, -2.203765], [119.258879, -2.203774], [119.258181, -2.203046], [119.25904, -2.201437], [119.259346, -2.201487], [119.260186, -2.203159], [119.259668, -2.203497]]]}}, {"type": "Feature", "properties": {"division_code": 2, "block_code": 28, "block_label": "2-28", "planted_ha": 3.49, "palms": 469, "planted_year": 2016, "abw_kg": 20.5, "rotation_target_days": 10, "gang_code": "", "road_condition": "fair", "bunches_per_day": 15.4, "centroid_lon": 119.260441, "centroid_lat": -2.201929, "estate": "MSLW"}, "geometry": {"type": "Polygon", "coordinates": [[[119.260725, -2.203195], [119.260221, -2.203149], [119.259382, -2.201478], [119.260648, -2.200783], [119.261403, -2.201462], [119.260725, -2.203195]]]}}, {"type": "Feature", "properties": {"division_code": 2, "block_code": 29, "block_label": "2-29", "planted_ha": 3.49, "palms": 466, "planted_year": 2015, "abw_kg": 22.1, "rotation_target_days": 10, "gang_code": "", "road_condition": "fair", "bunches_per_day": 15.8, "centroid_lon": 119.261788, "centroid_lat": -2.202601, "estate": "MSLW"}, "geometry": {"type": "Polygon", "coordinates": [[[119.26287, -2.202785], [119.262341, -2.203433], [119.261139, -2.20349], [119.261081, -2.203491], [119.260759, -2.203209], [119.261437, -2.201476], [119.262039, -2.20148], [119.26287, -2.202785]]]}}, {"type": "Feature", "properties": {"division_code": 2, "block_code": 30, "block_label": "2-30", "planted_ha": 3.72, "palms": 505, "planted_year": 2014, "abw_kg": 21.7, "rotation_target_days": 10, "gang_code": "", "road_condition": "poor", "bunches_per_day": 17.6, "centroid_lon": 119.239121, "centroid_lat": -2.204076, "estate": "MSLW"}, "geometry": {"type": "Polygon", "coordinates": [[[119.240384, -2.204003], [119.240387, -2.204094], [119.239009, -2.205278], [119.238319, -2.20465], [119.238168, -2.204167], [119.238175, -2.204124], [119.238318, -2.203522], [119.238283, -2.203364], [119.238796, -2.20302], [119.2392, -2.203073], [119.240384, -2.204003]]]}}, {"type": "Feature", "properties": {"division_code": 2, "block_code": 31, "block_label": "2-31", "planted_ha": 4.16, "palms": 557, "planted_year": 2013, "abw_kg": 22.1, "rotation_target_days": 10, "gang_code": "", "road_condition": "good", "bunches_per_day": 18.5, "centroid_lon": 119.241655, "centroid_lat": -2.204143, "estate": "MSLW"}, "geometry": {"type": "Polygon", "coordinates": [[[119.241882, -2.20519], [119.241122, -2.205142], [119.240423, -2.204096], [119.24042, -2.204003], [119.241805, -2.202868], [119.242956, -2.204203], [119.241882, -2.20519]]]}}, {"type": "Feature", "properties": {"division_code": 2, "block_code": 32, "block_label": "2-32", "planted_ha": 3.45, "palms": 465, "planted_year": 2012, "abw_kg": 22.0, "rotation_target_days": 10, "gang_code": "", "road_condition": "good", "bunches_per_day": 16.7, "centroid_lon": 119.244216, "centroid_lat": -2.20372, "estate": "MSLW"}, "geometry": {"type": "Polygon", "coordinates": [[[119.24523, -2.203669], [119.244056, -2.20499], [119.243143, -2.204224], [119.244262, -2.202417], [119.24456, -2.202431], [119.24523, -2.203669]]]}}, {"type": "Feature", "properties": {"division_code": 2, "block_code": 33, "block_label": "2-33", "planted_ha": 3.29, "palms": 452, "planted_year": 2013, "abw_kg": 22.4, "rotation_target_days": 10, "gang_code": "", "road_condition": "poor", "bunches_per_day": 15.3, "centroid_lon": 119.246875, "centroid_lat": -2.204006, "estate": "MSLW"}, "geometry": {"type": "Polygon", "coordinates": [[[119.24783, -2.204065], [119.247287, -2.204985], [119.246466, -2.205], [119.245869, -2.203746], [119.246776, -2.202955], [119.24723, -2.202963], [119.24783, -2.204065]]]}}, {"type": "Feature", "properties": {"division_code": 2, "block_code": 34, "block_label": "2-34", "planted_ha": 3.83, "palms": 531, "planted_year": 2013, "abw_kg": 22.4, "rotation_target_days": 10, "gang_code": "", "road_condition": "good", "bunches_per_day": 18.4, "centroid_lon": 119.248417, "centroid_lat": -2.20298, "estate": "MSLW"}, "geometry": {"type": "Polygon", "coordinates": [[[119.249058, -2.20376], [119.24786, -2.204044], [119.247263, -2.202949], [119.248579, -2.201693], [119.24954, -2.202852], [119.249058, -2.20376]]]}}, {"type": "Feature", "properties": {"division_code": 2, "block_code": 35, "block_label": "2-35", "planted_ha": 3.47, "palms": 454, "planted_year": 2014, "abw_kg": 22.0, "rotation_target_days": 10, "gang_code": "", "road_condition": "poor", "bunches_per_day": 16.4, "centroid_lon": 119.250001, "centroid_lat": -2.20389, "estate": "MSLW"}, "geometry": {"type": "Polygon", "coordinates": [[[119.251165, -2.20369], [119.249821, -2.205191], [119.249583, -2.20511], [119.24909, -2.203778], [119.249572, -2.202868], [119.250249, -2.202888], [119.251165, -2.20369]]]}}, {"type": "Feature", "properties": {"division_code": 2, "block_code": 36, "block_label": "2-36", "planted_ha": 4.5, "palms": 618, "planted_year": 2015, "abw_kg": 22.1, "rotation_target_days": 10, "gang_code": "", "road_condition": "fair", "bunches_per_day": 20.0, "centroid_lon": 119.252531, "centroid_lat": -2.204116, "estate": "MSLW"}, "geometry": {"type": "Polygon", "coordinates": [[[119.253253, -2.203423], [119.253865, -2.203969], [119.252615, -2.205379], [119.252109, -2.205393], [119.251318, -2.203728], [119.252636, -2.202833], [119.253253, -2.203423]]]}}, {"type": "Feature", "properties": {"division_code": 2, "block_code": 37, "block_label": "2-37", "planted_ha": 3.94, "palms": 525, "planted_year": 2017, "abw_kg": 19.1, "rotation_target_days": 10, "gang_code": "", "road_condition": "good", "bunches_per_day": 20.1, "centroid_lon": 119.255181, "centroid_lat": -2.204128, "estate": "MSLW"}, "geometry": {"type": "Polygon", "coordinates": [[[119.255551, -2.205227], [119.254803, -2.205199], [119.253924, -2.203972], [119.255311, -2.202998], [119.256357, -2.203623], [119.255551, -2.205227]]]}}, {"type": "Feature", "properties": {"division_code": 2, "block_code": 38, "block_label": "2-38", "planted_ha": 4.0, "palms": 534, "planted_year": 2017, "abw_kg": 18.6, "rotation_target_days": 10, "gang_code": "", "road_condition": "poor", "bunches_per_day": 21.3, "centroid_lon": 119.257772, "centroid_lat": -2.204068, "estate": "MSLW"}, "geometry": {"type": "Polygon", "coordinates": [[[119.258851, -2.203797], [119.258132, -2.205362], [119.25771, -2.205395], [119.256559, -2.203614], [119.257524, -2.202994], [119.258151, -2.203067], [119.258851, -2.203797]]]}}, {"type": "Feature", "properties": {"division_code": 2, "block_code": 39, "block_label": "2-39", "planted_ha": 3.47, "palms": 472, "planted_year": 2014, "abw_kg": 22.2, "rotation_target_days": 10, "gang_code": "", "road_condition": "good", "bunches_per_day": 17.2, "centroid_lon": 119.240161, "centroid_lat": -2.205416, "estate": "MSLW"}, "geometry": {"type": "Polygon", "coordinates": [[[119.240485, -2.206582], [119.239994, -2.206595], [119.239405, -2.205805], [119.239433, -2.205691], [119.239383, -2.205644], [119.239388, -2.205628], [119.239036, -2.205302], [119.240402, -2.204129], [119.241092, -2.205162], [119.240485, -2.206582]]]}}, {"type": "Feature", "properties": {"division_code": 2, "block_code": 40, "block_label": "2-40", "planted_ha": 3.5, "palms": 478, "planted_year": 2014, "abw_kg": 21.5, "rotation_target_days": 10, "gang_code": "", "road_condition": "fair", "bunches_per_day": 17.5, "centroid_lon": 119.243003, "centroid_lat": -2.205354, "estate": "MSLW"}, "geometry": {"type": "Polygon", "coordinates": [[[119.244081, -2.20518], [119.243204, -2.206433], [119.242707, -2.206491], [119.241912, -2.205212], [119.242987, -2.204224], [119.243111, -2.204245], [119.244043, -2.205025], [119.244081, -2.20518]]]}}, {"type": "Feature", "properties": {"division_code": 2, "block_code": 41, "block_label": "2-41", "planted_ha": 3.8, "palms": 520, "planted_year": 2012, "abw_kg": 21.5, "rotation_target_days": 10, "gang_code": "", "road_condition": "poor", "bunches_per_day": 18.0, "centroid_lon": 119.245322, "centroid_lat": -2.204819, "estate": "MSLW"}, "geometry": {"type": "Polygon", "coordinates": [[[119.245835, -2.203759], [119.246433, -2.205014], [119.24543, -2.205951], [119.244116, -2.205173], [119.244078, -2.20502], [119.245259, -2.203691], [119.245835, -2.203759]]]}}, {"type": "Feature", "properties": {"division_code": 2, "block_code": 42, "block_label": "2-42", "planted_ha": 3.69, "palms": 487, "planted_year": 2013, "abw_kg": 22.5, "rotation_target_days": 10, "gang_code": "", "road_condition": "fair", "bunches_per_day": 17.3, "centroid_lon": 119.248434, "centroid_lat": -2.204851, "estate": "MSLW"}, "geometry": {"type": "Polygon", "coordinates": [[[119.249547, -2.205116], [119.248073, -2.206015], [119.247319, -2.205001], [119.247862, -2.204081], [119.249059, -2.203797], [119.249547, -2.205116]]]}}, {"type": "Feature", "properties": {"division_code": 2, "block_code": 43, "block_label": "2-43", "planted_ha": 3.87, "palms": 534, "planted_year": 2014, "abw_kg": 22.1, "rotation_target_days": 10, "gang_code": "", "road_condition": "fair", "bunches_per_day": 17.1, "centroid_lon": 119.251026, "centroid_lat": -2.205142, "estate": "MSLW"}, "geometry": {"type": "Polygon", "coordinates": [[[119.252076, -2.205408], [119.25102, -2.20647], [119.24985, -2.205212], [119.251196, -2.203709], [119.251283, -2.203737], [119.252076, -2.205408]]]}}, {"type": "Feature", "properties": {"division_code": 2, "block_code": 44, "block_label": "2-44", "planted_ha": 3.35, "palms": 440, "planted_year": 2017, "abw_kg": 19.3, "rotation_target_days": 10, "gang_code": "", "road_condition": "poor", "bunches_per_day": 17.0, "centroid_lon": 119.253758, "centroid_lat": -2.20529, "estate": "MSLW"}, "geometry": {"type": "Polygon", "coordinates": [[[119.254772, -2.205216], [119.253811, -2.206562], [119.252648, -2.205396], [119.253893, -2.203991], [119.254772, -2.205216]]]}}, {"type": "Feature", "properties": {"division_code": 2, "block_code": 45, "block_label": "2-45", "planted_ha": 3.66, "palms": 487, "planted_year": 2018, "abw_kg": 18.1, "rotation_target_days": 10, "gang_code": "", "road_condition": "good", "bunches_per_day": 17.3, "centroid_lon": 119.256564, "centroid_lat": -2.205074, "estate": "MSLW"}, "geometry": {"type": "Polygon", "coordinates": [[[119.257677, -2.205409], [119.256617, -2.206211], [119.256279, -2.206231], [119.255582, -2.205244], [119.256391, -2.203633], [119.256524, -2.203628], [119.257677, -2.205409]]]}}, {"type": "Feature", "properties": {"division_code": 2, "block_code": 46, "block_label": "2-46", "planted_ha": 0.9, "palms": 121, "planted_year": 2017, "abw_kg": 18.7, "rotation_target_days": 10, "gang_code": "", "road_condition": "good", "bunches_per_day": 4.5, "centroid_lon": 119.258633, "centroid_lat": -2.204956, "estate": "MSLW"}, "geometry": {"type": "Polygon", "coordinates": [[[119.258863, -2.204857], [119.258742, -2.20588], [119.258166, -2.205374], [119.258884, -2.20381], [119.258968, -2.203802], [119.258941, -2.204098], [119.258863, -2.204857]]]}}, {"type": "Feature", "properties": {"division_code": 2, "block_code": 47, "block_label": "2-47", "planted_ha": 3.83, "palms": 528, "planted_year": 2014, "abw_kg": 22.5, "rotation_target_days": 10, "gang_code": "", "road_condition": "fair", "bunches_per_day": 18.8, "centroid_lon": 119.241559, "centroid_lat": -2.206324, "estate": "MSLW"}, "geometry": {"type": "Polygon", "coordinates": [[[119.242675, -2.206508], [119.241548, -2.207614], [119.240518, -2.206596], [119.241124, -2.205179], [119.241878, -2.205226], [119.242675, -2.206508]]]}}, {"type": "Feature", "properties": {"division_code": 2, "block_code": 48, "block_label": "2-48", "planted_ha": 4.05, "palms": 546, "planted_year": 2013, "abw_kg": 22.4, "rotation_target_days": 10, "gang_code": "", "road_condition": "poor", "bunches_per_day": 20.7, "centroid_lon": 119.244415, "centroid_lat": -2.206433, "estate": "MSLW"}, "geometry": {"type": "Polygon", "coordinates": [[[119.245504, -2.206816], [119.244701, -2.207438], [119.244056, -2.207495], [119.243236, -2.20645], [119.244105, -2.205209], [119.245415, -2.205985], [119.245504, -2.206816]]]}}, {"type": "Feature", "properties": {"division_code": 2, "block_code": 49, "block_label": "2-49", "planted_ha": 5.25, "palms": 728, "planted_year": 2012, "abw_kg": 21.7, "rotation_target_days": 10, "gang_code": "", "road_condition": "good", "bunches_per_day": 28.2, "centroid_lon": 119.2467, "centroid_lat": -2.206196, "estate": "MSLW"}, "geometry": {"type": "Polygon", "coordinates": [[[119.24805, -2.206045], [119.248043, -2.20615], [119.247456, -2.206817], [119.246904, -2.20749], [119.246679, -2.207501], [119.24554, -2.206813], [119.245451, -2.205981], [119.246462, -2.205037], [119.247288, -2.205021], [119.24805, -2.206045]]]}}, {"type": "Feature", "properties": {"division_code": 2, "block_code": 50, "block_label": "2-50", "planted_ha": 4.58, "palms": 609, "planted_year": 2013, "abw_kg": 21.7, "rotation_target_days": 10, "gang_code": "", "road_condition": "good", "bunches_per_day": 22.2, "centroid_lon": 119.249572, "centroid_lat": -2.206311, "estate": "MSLW"}, "geometry": {"type": "Polygon", "coordinates": [[[119.251001, -2.206502], [119.250987, -2.206605], [119.249613, -2.207534], [119.248079, -2.20615], [119.248085, -2.20605], [119.249571, -2.205144], [119.249816, -2.205227], [119.251001, -2.206502]]]}}, {"type": "Feature", "properties": {"division_code": 2, "block_code": 51, "block_label": "2-51", "planted_ha": 5.19, "palms": 704, "planted_year": 2015, "abw_kg": 21.9, "rotation_target_days": 10, "gang_code": "", "road_condition": "fair", "bunches_per_day": 23.1, "centroid_lon": 119.252448, "centroid_lat": -2.206633, "estate": "MSLW"}, "geometry": {"type": "Polygon", "coordinates": [[[119.252617, -2.205415], [119.253797, -2.206599], [119.25388, -2.206964], [119.252782, -2.20774], [119.251982, -2.207705], [119.251023, -2.206609], [119.251037, -2.206504], [119.252105, -2.205429], [119.252617, -2.205415]]]}}, {"type": "Feature", "properties": {"division_code": 2, "block_code": 52, "block_label": "2-52", "planted_ha": 4.19, "palms": 550, "planted_year": 2017, "abw_kg": 19.2, "rotation_target_days": 10, "gang_code": "", "road_condition": "good", "bunches_per_day": 22.2, "centroid_lon": 119.255016, "centroid_lat": -2.206349, "estate": "MSLW"}, "geometry": {"type": "Polygon", "coordinates": [[[119.256247, -2.206248], [119.255196, -2.207433], [119.254676, -2.207416], [119.253916, -2.20696], [119.253833, -2.206594], [119.254803, -2.205235], [119.255552, -2.205263], [119.256247, -2.206248]]]}}, {"type": "Feature", "properties": {"division_code": 2, "block_code": 53, "block_label": "2-53", "planted_ha": 4.0, "palms": 523, "planted_year": 2018, "abw_kg": 17.2, "rotation_target_days": 10, "gang_code": "", "road_condition": "fair", "bunches_per_day": 20.9, "centroid_lon": 119.257822, "centroid_lat": -2.206536, "estate": "MSLW"}, "geometry": {"type": "Polygon", "coordinates": [[[119.258137, -2.205397], [119.258736, -2.205923], [119.258548, -2.20736], [119.257716, -2.207889], [119.257176, -2.207082], [119.256647, -2.206233], [119.257707, -2.205431], [119.258137, -2.205397]]]}}, {"type": "Feature", "properties": {"division_code": 2, "block_code": 54, "block_label": "2-54", "planted_ha": 4.45, "palms": 601, "planted_year": 2014, "abw_kg": 22.2, "rotation_target_days": 10, "gang_code": "", "road_condition": "fair", "bunches_per_day": 22.3, "centroid_lon": 119.240329, "centroid_lat": -2.207728, "estate": "MSLW"}, "geometry": {"type": "Polygon", "coordinates": [[[119.241585, -2.208066], [119.240754, -2.208728], [119.239902, -2.208805], [119.239029, -2.207421], [119.239992, -2.206631], [119.24049, -2.206618], [119.241531, -2.207648], [119.241585, -2.208066]]]}}, {"type": "Feature", "properties": {"division_code": 2, "block_code": 55, "block_label": "2-55", "planted_ha": 4.16, "palms": 565, "planted_year": 2014, "abw_kg": 21.8, "rotation_target_days": 10, "gang_code": "", "road_condition": "fair", "bunches_per_day": 18.7, "centroid_lon": 119.242784, "centroid_lat": -2.207614, "estate": "MSLW"}, "geometry": {"type": "Polygon", "coordinates": [[[119.244025, -2.207513], [119.243063, -2.20866], [119.242488, -2.208651], [119.241621, -2.208064], [119.241567, -2.207646], [119.242706, -2.206527], [119.243206, -2.206469], [119.244025, -2.207513]]]}}, {"type": "Feature", "properties": {"division_code": 2, "block_code": 56, "block_label": "2-56", "planted_ha": 3.4, "palms": 468, "planted_year": 2013, "abw_kg": 22.3, "rotation_target_days": 10, "gang_code": "", "road_condition": "fair", "bunches_per_day": 17.3, "centroid_lon": 119.245612, "centroid_lat": -2.207966, "estate": "MSLW"}, "geometry": {"type": "Polygon", "coordinates": [[[119.245966, -2.208979], [119.245093, -2.209081], [119.244728, -2.207463], [119.245525, -2.206846], [119.246651, -2.207526], [119.245966, -2.208979]]]}}, {"type": "Feature", "properties": {"division_code": 2, "block_code": 57, "block_label": "2-57", "planted_ha": 4.98, "palms": 684, "planted_year": 2013, "abw_kg": 22.6, "rotation_target_days": 10, "gang_code": "", "road_condition": "poor", "bunches_per_day": 22.1, "centroid_lon": 119.248301, "centroid_lat": -2.207621, "estate": "MSLW"}, "geometry": {"type": "Polygon", "coordinates": [[[119.249591, -2.207563], [119.24944, -2.208178], [119.248493, -2.20891], [119.248189, -2.208879], [119.246937, -2.207508], [119.247483, -2.20684], [119.248061, -2.206183], [119.249591, -2.207563]]]}}, {"type": "Feature", "properties": {"division_code": 2, "block_code": 58, "block_label": "2-58", "planted_ha": 4.79, "palms": 648, "planted_year": 2014, "abw_kg": 22.4, "rotation_target_days": 10, "gang_code": "", "road_condition": "good", "bunches_per_day": 25.2, "centroid_lon": 119.250776, "centroid_lat": -2.20799, "estate": "MSLW"}, "geometry": {"type": "Polygon", "coordinates": [[[119.251001, -2.206639], [119.251952, -2.207726], [119.251238, -2.209411], [119.251143, -2.209414], [119.249476, -2.208181], [119.249627, -2.207568], [119.251001, -2.206639]]]}}, {"type": "Feature", "properties": {"division_code": 2, "block_code": 59, "block_label": "2-59", "planted_ha": 3.37, "palms": 443, "planted_year": 2014, "abw_kg": 22.4, "rotation_target_days": 10, "gang_code": "", "road_condition": "good", "bunches_per_day": 15.3, "centroid_lon": 119.253761, "centroid_lat": -2.208156, "estate": "MSLW"}, "geometry": {"type": "Polygon", "coordinates": [[[119.254115, -2.209327], [119.253419, -2.20935], [119.252809, -2.207766], [119.253901, -2.206994], [119.25465, -2.207443], [119.254115, -2.209327]]]}}, {"type": "Feature", "properties": {"division_code": 2, "block_code": 60, "block_label": "2-60", "planted_ha": 4.4, "palms": 608, "planted_year": 2017, "abw_kg": 19.3, "rotation_target_days": 10, "gang_code": "", "road_condition": "good", "bunches_per_day": 22.6, "centroid_lon": 119.256453, "centroid_lat": -2.207572, "estate": "MSLW"}, "geometry": {"type": "Polygon", "coordinates": [[[119.257146, -2.207102], [119.257691, -2.207916], [119.25761, -2.208114], [119.256279, -2.208856], [119.255749, -2.208173], [119.255226, -2.207452], [119.256278, -2.206267], [119.256614, -2.206247], [119.257146, -2.207102]]]}}, {"type": "Feature", "properties": {"division_code": 2, "block_code": 61, "block_label": "2-61", "planted_ha": 1.02, "palms": 139, "planted_year": 2017, "abw_kg": 19.4, "rotation_target_days": 10, "gang_code": "", "road_condition": "fair", "bunches_per_day": 5.0, "centroid_lon": 119.2582, "centroid_lat": -2.208212, "estate": "MSLW"}, "geometry": {"type": "Polygon", "coordinates": [[[119.258505, -2.207985], [119.258485, -2.209196], [119.257645, -2.208124], [119.257725, -2.207926], [119.258542, -2.207406], [119.258505, -2.207985]]]}}, {"type": "Feature", "properties": {"division_code": 2, "block_code": 62, "block_label": "2-62", "planted_ha": 2.12, "palms": 289, "planted_year": 2013, "abw_kg": 21.5, "rotation_target_days": 10, "gang_code": "", "road_condition": "fair", "bunches_per_day": 10.2, "centroid_lon": 119.239155, "centroid_lat": -2.208812, "estate": "MSLW"}, "geometry": {"type": "Polygon", "coordinates": [[[119.239872, -2.208824], [119.239247, -2.209818], [119.238726, -2.209818], [119.238682, -2.209341], [119.238655, -2.208781], [119.238994, -2.207435], [119.238995, -2.207435], [119.239872, -2.208824]]]}}, {"type": "Feature", "properties": {"division_code": 2, "block_code": 63, "block_label": "2-63", "planted_ha": 3.32, "palms": 437, "planted_year": 2013, "abw_kg": 22.3, "rotation_target_days": 10, "gang_code": "", "road_condition": "poor", "bunches_per_day": 15.6, "centroid_lon": 119.241607, "centroid_lat": -2.209308, "estate": "MSLW"}, "geometry": {"type": "Polygon", "coordinates": [[[119.242461, -2.208676], [119.242174, -2.209688], [119.241973, -2.210498], [119.241212, -2.210524], [119.240781, -2.208753], [119.241605, -2.208097], [119.242461, -2.208676]]]}}, {"type": "Feature", "properties": {"division_code": 2, "block_code": 64, "block_label": "2-64", "planted_ha": 3.41, "palms": 468, "planted_year": 2013, "abw_kg": 21.6, "rotation_target_days": 10, "gang_code": "", "road_condition": "fair", "bunches_per_day": 16.0, "centroid_lon": 119.244197, "centroid_lat": -2.208617, "estate": "MSLW"}, "geometry": {"type": "Polygon", "coordinates": [[[119.245059, -2.209095], [119.244283, -2.209869], [119.243096, -2.208677], [119.244058, -2.207531], [119.244694, -2.207475], [119.245059, -2.209095]]]}}, {"type": "Feature", "properties": {"division_code": 2, "block_code": 65, "block_label": "2-65", "planted_ha": 3.7, "palms": 484, "planted_year": 2013, "abw_kg": 21.5, "rotation_target_days": 10, "gang_code": "", "road_condition": "good", "bunches_per_day": 17.3, "centroid_lon": 119.246994, "centroid_lat": -2.208833, "estate": "MSLW"}, "geometry": {"type": "Polygon", "coordinates": [[[119.248155, -2.208896], [119.246984, -2.210095], [119.246832, -2.210087], [119.245998, -2.208994], [119.246685, -2.207537], [119.246905, -2.207527], [119.248155, -2.208896]]]}}, {"type": "Feature", "properties": {"division_code": 2, "block_code": 66, "block_label": "2-66", "planted_ha": 4.12, "palms": 539, "planted_year": 2014, "abw_kg": 21.8, "rotation_target_days": 10, "gang_code": "", "road_condition": "fair", "bunches_per_day": 20.9, "centroid_lon": 119.252345, "centroid_lat": -2.208991, "estate": "MSLW"}, "geometry": {"type": "Polygon", "coordinates": [[[119.252387, -2.210312], [119.251272, -2.209423], [119.251985, -2.207741], [119.252774, -2.207776], [119.253386, -2.209364], [119.252387, -2.210312]]]}}, {"type": "Feature", "properties": {"division_code": 2, "block_code": 67, "block_label": "2-67", "planted_ha": 3.93, "palms": 544, "planted_year": 2015, "abw_kg": 22.2, "rotation_target_days": 10, "gang_code": "", "road_condition": "poor", "bunches_per_day": 17.3, "centroid_lon": 119.255116, "centroid_lat": -2.208758, "estate": "MSLW"}, "geometry": {"type": "Polygon", "coordinates": [[[119.25572, -2.208194], [119.256255, -2.208884], [119.25624, -2.208952], [119.255107, -2.210044], [119.25415, -2.209338], [119.254685, -2.207453], [119.255194, -2.207469], [119.25572, -2.208194]]]}}, {"type": "Feature", "properties": {"division_code": 3, "block_code": 1, "block_label": "3-1", "planted_ha": 4.13, "palms": 570, "planted_year": 2013, "abw_kg": 22.4, "rotation_target_days": 10, "gang_code": "", "road_condition": "good", "bunches_per_day": 19.6, "centroid_lon": 119.249714, "centroid_lat": -2.209413, "estate": "MSLW"}, "geometry": {"type": "Polygon", "coordinates": [[[119.251109, -2.209434], [119.249942, -2.210521], [119.249317, -2.21051], [119.248521, -2.208933], [119.249456, -2.208211], [119.251109, -2.209434]]]}}, {"type": "Feature", "properties": {"division_code": 3, "block_code": 2, "block_label": "3-2", "planted_ha": 3.89, "palms": 536, "planted_year": 2016, "abw_kg": 20.1, "rotation_target_days": 10, "gang_code": "", "road_condition": "fair", "bunches_per_day": 18.0, "centroid_lon": 119.257509, "centroid_lat": -2.209383, "estate": "MSLW"}, "geometry": {"type": "Polygon", "coordinates": [[[119.258485, -2.209256], [119.258102, -2.210616], [119.25756, -2.210641], [119.256276, -2.208957], [119.25629, -2.208891], [119.25762, -2.20815], [119.258485, -2.209256]]]}}, {"type": "Feature", "properties": {"division_code": 3, "block_code": 3, "block_label": "3-3", "planted_ha": 3.18, "palms": 416, "planted_year": 2011, "abw_kg": 21.8, "rotation_target_days": 10, "gang_code": "", "road_condition": "good", "bunches_per_day": 15.5, "centroid_lon": 119.239421, "centroid_lat": -2.21105, "estate": "MSLW"}, "geometry": {"type": "Polygon", "coordinates": [[[119.240402, -2.211292], [119.239171, -2.212353], [119.23891, -2.212143], [119.238729, -2.209855], [119.239249, -2.209854], [119.240433, -2.211051], [119.240402, -2.211292]]]}}, {"type": "Feature", "properties": {"division_code": 3, "block_code": 4, "block_label": "3-4", "planted_ha": 3.24, "palms": 442, "planted_year": 2012, "abw_kg": 22.6, "rotation_target_days": 10, "gang_code": "", "road_condition": "good", "bunches_per_day": 16.3, "centroid_lon": 119.240311, "centroid_lat": -2.20983, "estate": "MSLW"}, "geometry": {"type": "Polygon", "coordinates": [[[119.241177, -2.210534], [119.240455, -2.211021], [119.239279, -2.209834], [119.239903, -2.208842], [119.240747, -2.208765], [119.241177, -2.210534]]]}}, {"type": "Feature", "properties": {"division_code": 3, "block_code": 5, "block_label": "3-5", "planted_ha": 4.6, "palms": 602, "planted_year": 2013, "abw_kg": 22.0, "rotation_target_days": 10, "gang_code": "", "road_condition": "fair", "bunches_per_day": 21.1, "centroid_lon": 119.243076, "centroid_lat": -2.209987, "estate": "MSLW"}, "geometry": {"type": "Polygon", "coordinates": [[[119.244264, -2.209901], [119.24426, -2.2103], [119.243089, -2.211323], [119.242007, -2.210508], [119.242208, -2.209697], [119.242495, -2.208687], [119.243064, -2.208696], [119.244264, -2.209901]]]}}, {"type": "Feature", "properties": {"division_code": 3, "block_code": 6, "block_label": "3-6", "planted_ha": 3.93, "palms": 539, "planted_year": 2013, "abw_kg": 21.7, "rotation_target_days": 10, "gang_code": "", "road_condition": "poor", "bunches_per_day": 18.1, "centroid_lon": 119.245498, "centroid_lat": -2.209997, "estate": "MSLW"}, "geometry": {"type": "Polygon", "coordinates": [[[119.246798, -2.210101], [119.245543, -2.211094], [119.244296, -2.210298], [119.2443, -2.209902], [119.245087, -2.209118], [119.245969, -2.209015], [119.246798, -2.210101]]]}}, {"type": "Feature", "properties": {"division_code": 3, "block_code": 7, "block_label": "3-7", "planted_ha": 3.93, "palms": 532, "planted_year": 2013, "abw_kg": 22.1, "rotation_target_days": 10, "gang_code": "", "road_condition": "fair", "bunches_per_day": 19.0, "centroid_lon": 119.248205, "centroid_lat": -2.210185, "estate": "MSLW"}, "geometry": {"type": "Polygon", "coordinates": [[[119.249285, -2.210526], [119.248806, -2.211173], [119.247856, -2.211211], [119.247015, -2.210115], [119.248187, -2.208915], [119.248487, -2.208945], [119.249285, -2.210526]]]}}, {"type": "Feature", "properties": {"division_code": 3, "block_code": 8, "block_label": "3-8", "planted_ha": 4.18, "palms": 568, "planted_year": 2013, "abw_kg": 22.5, "rotation_target_days": 10, "gang_code": "", "road_condition": "poor", "bunches_per_day": 18.8, "centroid_lon": 119.251235, "centroid_lat": -2.210647, "estate": "MSLW"}, "geometry": {"type": "Polygon", "coordinates": [[[119.252372, -2.210346], [119.252443, -2.210677], [119.25148, -2.211753], [119.250891, -2.211756], [119.249973, -2.210541], [119.251145, -2.20945], [119.251244, -2.209447], [119.252372, -2.210346]]]}}, {"type": "Feature", "properties": {"division_code": 3, "block_code": 9, "block_label": "3-9", "planted_ha": 4.14, "palms": 543, "planted_year": 2014, "abw_kg": 21.5, "rotation_target_days": 10, "gang_code": "", "road_condition": "fair", "bunches_per_day": 18.9, "centroid_lon": 119.253685, "centroid_lat": -2.210336, "estate": "MSLW"}, "geometry": {"type": "Polygon", "coordinates": [[[119.255091, -2.210077], [119.25509, -2.2101], [119.25369, -2.211478], [119.253493, -2.211463], [119.252479, -2.210672], [119.252408, -2.210342], [119.253415, -2.209387], [119.254123, -2.209363], [119.255091, -2.210077]]]}}, {"type": "Feature", "properties": {"division_code": 3, "block_code": 10, "block_label": "3-10", "planted_ha": 3.96, "palms": 547, "planted_year": 2015, "abw_kg": 21.4, "rotation_target_days": 10, "gang_code": "", "road_condition": "good", "bunches_per_day": 17.8, "centroid_lon": 119.256311, "centroid_lat": -2.210343, "estate": "MSLW"}, "geometry": {"type": "Polygon", "coordinates": [[[119.257527, -2.210657], [119.256577, -2.211493], [119.256174, -2.211501], [119.255126, -2.210101], [119.255127, -2.210075], [119.256255, -2.208988], [119.257527, -2.210657]]]}}, {"type": "Feature", "properties": {"division_code": 3, "block_code": 11, "block_label": "3-11", "planted_ha": 3.81, "palms": 499, "planted_year": 2012, "abw_kg": 21.9, "rotation_target_days": 10, "gang_code": "", "road_condition": "good", "bunches_per_day": 17.6, "centroid_lon": 119.241677, "centroid_lat": -2.211415, "estate": "MSLW"}, "geometry": {"type": "Polygon", "coordinates": [[[119.241981, -2.210534], [119.243065, -2.21135], [119.241617, -2.212615], [119.240438, -2.211294], [119.240469, -2.211055], [119.241204, -2.21056], [119.241981, -2.210534]]]}}, {"type": "Feature", "properties": {"division_code": 3, "block_code": 12, "block_label": "3-12", "planted_ha": 5.18, "palms": 713, "planted_year": 2012, "abw_kg": 21.8, "rotation_target_days": 10, "gang_code": "", "road_condition": "fair", "bunches_per_day": 23.2, "centroid_lon": 119.244432, "centroid_lat": -2.211664, "estate": "MSLW"}, "geometry": {"type": "Polygon", "coordinates": [[[119.245736, -2.212083], [119.244008, -2.21307], [119.24311, -2.211352], [119.244279, -2.210331], [119.245528, -2.211127], [119.245736, -2.212083]]]}}, {"type": "Feature", "properties": {"division_code": 3, "block_code": 13, "block_label": "3-13", "planted_ha": 4.18, "palms": 578, "planted_year": 2013, "abw_kg": 21.8, "rotation_target_days": 10, "gang_code": "", "road_condition": "good", "bunches_per_day": 20.1, "centroid_lon": 119.246656, "centroid_lat": -2.211385, "estate": "MSLW"}, "geometry": {"type": "Polygon", "coordinates": [[[119.246982, -2.210131], [119.247826, -2.21123], [119.246782, -2.212683], [119.245772, -2.21208], [119.245564, -2.211123], [119.246829, -2.210123], [119.246982, -2.210131]]]}}, {"type": "Feature", "properties": {"division_code": 3, "block_code": 14, "block_label": "3-14", "planted_ha": 3.94, "palms": 526, "planted_year": 2012, "abw_kg": 22.5, "rotation_target_days": 10, "gang_code": "", "road_condition": "good", "bunches_per_day": 21.2, "centroid_lon": 119.249794, "centroid_lat": -2.21175, "estate": "MSLW"}, "geometry": {"type": "Polygon", "coordinates": [[[119.25086, -2.211775], [119.249919, -2.213172], [119.249539, -2.213111], [119.248835, -2.211193], [119.249315, -2.210546], [119.24994, -2.210557], [119.25086, -2.211775]]]}}, {"type": "Feature", "properties": {"division_code": 3, "block_code": 15, "block_label": "3-15", "planted_ha": 3.25, "palms": 436, "planted_year": 2013, "abw_kg": 21.7, "rotation_target_days": 10, "gang_code": "", "road_condition": "good", "bunches_per_day": 16.8, "centroid_lon": 119.252487, "centroid_lat": -2.211895, "estate": "MSLW"}, "geometry": {"type": "Polygon", "coordinates": [[[119.252751, -2.213026], [119.252165, -2.21298], [119.25151, -2.211773], [119.252464, -2.210707], [119.253464, -2.211487], [119.252751, -2.213026]]]}}, {"type": "Feature", "properties": {"division_code": 3, "block_code": 16, "block_label": "3-16", "planted_ha": 3.66, "palms": 508, "planted_year": 2013, "abw_kg": 21.9, "rotation_target_days": 10, "gang_code": "", "road_condition": "good", "bunches_per_day": 16.2, "centroid_lon": 119.254975, "centroid_lat": -2.211412, "estate": "MSLW"}, "geometry": {"type": "Polygon", "coordinates": [[[119.256141, -2.211517], [119.255001, -2.212594], [119.253723, -2.211496], [119.255107, -2.210135], [119.256141, -2.211517]]]}}, {"type": "Feature", "properties": {"division_code": 3, "block_code": 17, "block_label": "3-17", "planted_ha": 3.97, "palms": 519, "planted_year": 2015, "abw_kg": 22.0, "rotation_target_days": 10, "gang_code": "", "road_condition": "fair", "bunches_per_day": 18.7, "centroid_lon": 119.257726, "centroid_lat": -2.211778, "estate": "MSLW"}, "geometry": {"type": "Polygon", "coordinates": [[[119.258551, -2.211545], [119.258537, -2.212411], [119.258049, -2.212937], [119.257356, -2.212908], [119.256607, -2.211515], [119.257558, -2.210677], [119.25811, -2.210652], [119.258529, -2.211003], [119.258551, -2.211545]]]}}, {"type": "Feature", "properties": {"division_code": 3, "block_code": 18, "block_label": "3-18", "planted_ha": 4.8, "palms": 636, "planted_year": 2011, "abw_kg": 21.9, "rotation_target_days": 10, "gang_code": "", "road_condition": "good", "bunches_per_day": 22.4, "centroid_lon": 119.24044, "centroid_lat": -2.212732, "estate": "MSLW"}, "geometry": {"type": "Polygon", "coordinates": [[[119.241598, -2.212648], [119.241599, -2.212857], [119.241597, -2.21328], [119.24043, -2.214101], [119.239748, -2.213317], [119.239193, -2.212722], [119.23919, -2.212385], [119.240418, -2.211326], [119.241598, -2.212648]]]}}, {"type": "Feature", "properties": {"division_code": 3, "block_code": 19, "block_label": "3-19", "planted_ha": 4.36, "palms": 598, "planted_year": 2011, "abw_kg": 22.6, "rotation_target_days": 10, "gang_code": "", "road_condition": "good", "bunches_per_day": 23.5, "centroid_lon": 119.242802, "centroid_lat": -2.212808, "estate": "MSLW"}, "geometry": {"type": "Polygon", "coordinates": [[[119.243982, -2.213098], [119.243967, -2.213176], [119.243132, -2.213916], [119.24292, -2.213929], [119.241633, -2.213278], [119.241634, -2.212649], [119.243084, -2.211381], [119.243982, -2.213098]]]}}, {"type": "Feature", "properties": {"division_code": 3, "block_code": 20, "block_label": "3-20", "planted_ha": 3.96, "palms": 548, "planted_year": 2012, "abw_kg": 22.0, "rotation_target_days": 10, "gang_code": "", "road_condition": "fair", "bunches_per_day": 20.8, "centroid_lon": 119.245444, "centroid_lat": -2.213147, "estate": "MSLW"}, "geometry": {"type": "Polygon", "coordinates": [[[119.246799, -2.212795], [119.245959, -2.2139], [119.245026, -2.214165], [119.244003, -2.213179], [119.244017, -2.213107], [119.245756, -2.212113], [119.246772, -2.212719], [119.246799, -2.212795]]]}}, {"type": "Feature", "properties": {"division_code": 3, "block_code": 21, "block_label": "3-21", "planted_ha": 5.1, "palms": 693, "planted_year": 2012, "abw_kg": 21.5, "rotation_target_days": 10, "gang_code": "", "road_condition": "good", "bunches_per_day": 23.1, "centroid_lon": 119.24823, "centroid_lat": -2.212447, "estate": "MSLW"}, "geometry": {"type": "Polygon", "coordinates": [[[119.249504, -2.213119], [119.2488, -2.213524], [119.247831, -2.213455], [119.246834, -2.212786], [119.246807, -2.21271], [119.247858, -2.211247], [119.248803, -2.211209], [119.249504, -2.213119]]]}}, {"type": "Feature", "properties": {"division_code": 3, "block_code": 22, "block_label": "3-22", "planted_ha": 3.51, "palms": 462, "planted_year": 2012, "abw_kg": 21.5, "rotation_target_days": 10, "gang_code": "", "road_condition": "fair", "bunches_per_day": 17.6, "centroid_lon": 119.251069, "centroid_lat": -2.212883, "estate": "MSLW"}, "geometry": {"type": "Polygon", "coordinates": [[[119.252131, -2.212994], [119.251178, -2.213937], [119.250785, -2.213917], [119.249951, -2.213189], [119.250892, -2.211793], [119.251477, -2.211789], [119.252131, -2.212994]]]}}, {"type": "Feature", "properties": {"division_code": 3, "block_code": 23, "block_label": "3-23", "planted_ha": 3.36, "palms": 461, "planted_year": 2012, "abw_kg": 21.7, "rotation_target_days": 10, "gang_code": "", "road_condition": "poor", "bunches_per_day": 16.7, "centroid_lon": 119.253776, "centroid_lat": -2.212687, "estate": "MSLW"}, "geometry": {"type": "Polygon", "coordinates": [[[119.254973, -2.212617], [119.253603, -2.213884], [119.252784, -2.213041], [119.253497, -2.2115], [119.253689, -2.211514], [119.254973, -2.212617]]]}}, {"type": "Feature", "properties": {"division_code": 3, "block_code": 24, "block_label": "3-24", "planted_ha": 4.13, "palms": 544, "planted_year": 2013, "abw_kg": 21.7, "rotation_target_days": 10, "gang_code": "", "road_condition": "fair", "bunches_per_day": 18.4, "centroid_lon": 119.256235, "centroid_lat": -2.212773, "estate": "MSLW"}, "geometry": {"type": "Polygon", "coordinates": [[[119.257324, -2.212923], [119.256277, -2.214231], [119.255028, -2.212619], [119.256172, -2.211537], [119.256574, -2.211529], [119.257324, -2.212923]]]}}, {"type": "Feature", "properties": {"division_code": 3, "block_code": 25, "block_label": "3-25", "planted_ha": 1.8, "palms": 236, "planted_year": 2009, "abw_kg": 21.5, "rotation_target_days": 10, "gang_code": "", "road_condition": "fair", "bunches_per_day": 8.7, "centroid_lon": 119.239596, "centroid_lat": -2.213896, "estate": "MSLW"}, "geometry": {"type": "Polygon", "coordinates": [[[119.240394, -2.214234], [119.239316, -2.214912], [119.239027, -2.212854], [119.239173, -2.212753], [119.239722, -2.213341], [119.240407, -2.214131], [119.240394, -2.214234]]]}}, {"type": "Feature", "properties": {"division_code": 3, "block_code": 26, "block_label": "3-26", "planted_ha": 4.14, "palms": 570, "planted_year": 2010, "abw_kg": 22.3, "rotation_target_days": 10, "gang_code": "", "road_condition": "fair", "bunches_per_day": 19.0, "centroid_lon": 119.241618, "centroid_lat": -2.214444, "estate": "MSLW"}, "geometry": {"type": "Polygon", "coordinates": [[[119.242891, -2.213955], [119.242352, -2.21483], [119.241761, -2.215703], [119.24126, -2.215632], [119.240429, -2.214241], [119.240443, -2.214136], [119.241617, -2.21331], [119.242891, -2.213955]]]}}, {"type": "Feature", "properties": {"division_code": 3, "block_code": 27, "block_label": "3-27", "planted_ha": 3.17, "palms": 435, "planted_year": 2011, "abw_kg": 21.7, "rotation_target_days": 10, "gang_code": "", "road_condition": "good", "bunches_per_day": 15.1, "centroid_lon": 119.244102, "centroid_lat": -2.214382, "estate": "MSLW"}, "geometry": {"type": "Polygon", "coordinates": [[[119.245002, -2.214192], [119.244801, -2.215195], [119.243759, -2.215441], [119.243161, -2.213939], [119.243983, -2.21321], [119.245002, -2.214192]]]}}, {"type": "Feature", "properties": {"division_code": 3, "block_code": 28, "block_label": "3-28", "planted_ha": 3.04, "palms": 407, "planted_year": 2010, "abw_kg": 21.5, "rotation_target_days": 10, "gang_code": "", "road_condition": "fair", "bunches_per_day": 15.9, "centroid_lon": 119.245703, "centroid_lat": -2.215037, "estate": "MSLW"}, "geometry": {"type": "Polygon", "coordinates": [[[119.246636, -2.215643], [119.245947, -2.216094], [119.245691, -2.216058], [119.244836, -2.215204], [119.245037, -2.2142], [119.245959, -2.213937], [119.246636, -2.215643]]]}}, {"type": "Feature", "properties": {"division_code": 3, "block_code": 29, "block_label": "3-29", "planted_ha": 3.59, "palms": 474, "planted_year": 2012, "abw_kg": 22.3, "rotation_target_days": 10, "gang_code": "", "road_condition": "good", "bunches_per_day": 15.8, "centroid_lon": 119.246885, "centroid_lat": -2.21416, "estate": "MSLW"}, "geometry": {"type": "Polygon", "coordinates": [[[119.247062, -2.215597], [119.24667, -2.215631], [119.24599, -2.213918], [119.246824, -2.212822], [119.247804, -2.21348], [119.247062, -2.215597]]]}}, {"type": "Feature", "properties": {"division_code": 3, "block_code": 30, "block_label": "3-30", "planted_ha": 4.47, "palms": 596, "planted_year": 2012, "abw_kg": 22.0, "rotation_target_days": 10, "gang_code": "", "road_condition": "good", "bunches_per_day": 22.4, "centroid_lon": 119.248158, "centroid_lat": -2.214903, "estate": "MSLW"}, "geometry": {"type": "Polygon", "coordinates": [[[119.248971, -2.21587], [119.248481, -2.216193], [119.248183, -2.216211], [119.247097, -2.215606], [119.247837, -2.213492], [119.248788, -2.213559], [119.248971, -2.21587]]]}}, {"type": "Feature", "properties": {"division_code": 3, "block_code": 31, "block_label": "3-31", "planted_ha": 4.84, "palms": 669, "planted_year": 2012, "abw_kg": 21.8, "rotation_target_days": 10, "gang_code": "", "road_condition": "fair", "bunches_per_day": 23.5, "centroid_lon": 119.249691, "centroid_lat": -2.21451, "estate": "MSLW"}, "geometry": {"type": "Polygon", "coordinates": [[[119.250757, -2.213941], [119.250398, -2.215093], [119.250129, -2.215852], [119.249006, -2.215861], [119.248824, -2.213552], [119.249529, -2.213146], [119.249919, -2.213209], [119.250757, -2.213941]]]}}, {"type": "Feature", "properties": {"division_code": 3, "block_code": 32, "block_label": "3-32", "planted_ha": 3.48, "palms": 482, "planted_year": 2012, "abw_kg": 21.7, "rotation_target_days": 10, "gang_code": "", "road_condition": "good", "bunches_per_day": 18.1, "centroid_lon": 119.251143, "centroid_lat": -2.21513, "estate": "MSLW"}, "geometry": {"type": "Polygon", "coordinates": [[[119.252391, -2.215049], [119.251602, -2.21569], [119.250766, -2.216328], [119.250163, -2.215863], [119.250497, -2.214912], [119.250791, -2.213953], [119.251178, -2.213973], [119.252391, -2.215049]]]}}, {"type": "Feature", "properties": {"division_code": 3, "block_code": 33, "block_label": "3-33", "planted_ha": 3.68, "palms": 483, "planted_year": 2012, "abw_kg": 22.4, "rotation_target_days": 10, "gang_code": "", "road_condition": "fair", "bunches_per_day": 18.1, "centroid_lon": 119.252495, "centroid_lat": -2.214008, "estate": "MSLW"}, "geometry": {"type": "Polygon", "coordinates": [[[119.253584, -2.213916], [119.253574, -2.214419], [119.252628, -2.215059], [119.252426, -2.215032], [119.251211, -2.213955], [119.252161, -2.213016], [119.252755, -2.213062], [119.253584, -2.213916]]]}}, {"type": "Feature", "properties": {"division_code": 3, "block_code": 34, "block_label": "3-34", "planted_ha": 4.98, "palms": 668, "planted_year": 2013, "abw_kg": 21.9, "rotation_target_days": 10, "gang_code": "", "road_condition": "fair", "bunches_per_day": 24.5, "centroid_lon": 119.254903, "centroid_lat": -2.21409, "estate": "MSLW"}, "geometry": {"type": "Polygon", "coordinates": [[[119.256258, -2.214266], [119.256256, -2.214433], [119.255331, -2.215155], [119.254698, -2.21521], [119.25361, -2.21442], [119.25362, -2.213917], [119.255, -2.212642], [119.256258, -2.214266]]]}}, {"type": "Feature", "properties": {"division_code": 3, "block_code": 35, "block_label": "3-35", "planted_ha": 4.12, "palms": 566, "planted_year": 2013, "abw_kg": 22.2, "rotation_target_days": 10, "gang_code": "", "road_condition": "good", "bunches_per_day": 18.1, "centroid_lon": 119.257538, "centroid_lat": -2.214085, "estate": "MSLW"}, "geometry": {"type": "Polygon", "coordinates": [[[119.258046, -2.212974], [119.258513, -2.213898], [119.2585, -2.21467], [119.257699, -2.215195], [119.25757, -2.215203], [119.256292, -2.214432], [119.256294, -2.214267], [119.257354, -2.212944], [119.258046, -2.212974]]]}}, {"type": "Feature", "properties": {"division_code": 3, "block_code": 36, "block_label": "3-36", "planted_ha": 3.76, "palms": 509, "planted_year": 2009, "abw_kg": 22.0, "rotation_target_days": 10, "gang_code": "", "road_condition": "good", "bunches_per_day": 18.3, "centroid_lon": 119.240184, "centroid_lat": -2.21558, "estate": "MSLW"}, "geometry": {"type": "Polygon", "coordinates": [[[119.240414, -2.216689], [119.239795, -2.21677], [119.239571, -2.216498], [119.239499, -2.216345], [119.239321, -2.214952], [119.240404, -2.21427], [119.241227, -2.215647], [119.240414, -2.216689]]]}}, {"type": "Feature", "properties": {"division_code": 3, "block_code": 37, "block_label": "3-37", "planted_ha": 3.14, "palms": 430, "planted_year": 2009, "abw_kg": 22.5, "rotation_target_days": 10, "gang_code": "", "road_condition": "fair", "bunches_per_day": 15.7, "centroid_lon": 119.242853, "centroid_lat": -2.215295, "estate": "MSLW"}, "geometry": {"type": "Polygon", "coordinates": [[[119.243128, -2.213952], [119.243728, -2.21546], [119.243148, -2.216278], [119.242733, -2.216336], [119.241795, -2.215718], [119.242382, -2.21485], [119.242928, -2.213964], [119.243128, -2.213952]]]}}, {"type": "Feature", "properties": {"division_code": 3, "block_code": 38, "block_label": "3-38", "planted_ha": 3.46, "palms": 476, "planted_year": 2010, "abw_kg": 21.6, "rotation_target_days": 10, "gang_code": "", "road_condition": "poor", "bunches_per_day": 15.5, "centroid_lon": 119.244369, "centroid_lat": -2.216161, "estate": "MSLW"}, "geometry": {"type": "Polygon", "coordinates": [[[119.245656, -2.216074], [119.244171, -2.217274], [119.243181, -2.216293], [119.243759, -2.215479], [119.244811, -2.21523], [119.245656, -2.216074]]]}}, {"type": "Feature", "properties": {"division_code": 3, "block_code": 39, "block_label": "3-39", "planted_ha": 4.15, "palms": 571, "planted_year": 2013, "abw_kg": 22.5, "rotation_target_days": 10, "gang_code": "", "road_condition": "poor", "bunches_per_day": 18.4, "centroid_lon": 119.251986, "centroid_lat": -2.21643, "estate": "MSLW"}, "geometry": {"type": "Polygon", "coordinates": [[[119.252618, -2.215094], [119.253009, -2.216726], [119.251955, -2.217686], [119.251027, -2.217047], [119.250787, -2.216357], [119.251624, -2.215718], [119.252424, -2.215068], [119.252618, -2.215094]]]}}, {"type": "Feature", "properties": {"division_code": 3, "block_code": 40, "block_label": "3-40", "planted_ha": 3.85, "palms": 508, "planted_year": 2013, "abw_kg": 22.4, "rotation_target_days": 10, "gang_code": "", "road_condition": "good", "bunches_per_day": 19.1, "centroid_lon": 119.253616, "centroid_lat": -2.215654, "estate": "MSLW"}, "geometry": {"type": "Polygon", "coordinates": [[[119.254671, -2.215235], [119.25404, -2.216798], [119.253043, -2.216715], [119.252653, -2.215086], [119.253591, -2.214451], [119.254671, -2.215235]]]}}, {"type": "Feature", "properties": {"division_code": 3, "block_code": 41, "block_label": "3-41", "planted_ha": 3.28, "palms": 447, "planted_year": 2012, "abw_kg": 22.2, "rotation_target_days": 10, "gang_code": "", "road_condition": "good", "bunches_per_day": 15.8, "centroid_lon": 119.254953, "centroid_lat": -2.216418, "estate": "MSLW"}, "geometry": {"type": "Polygon", "coordinates": [[[119.254786, -2.217732], [119.254072, -2.216815], [119.254705, -2.215246], [119.255326, -2.215192], [119.255829, -2.216694], [119.254786, -2.217732]]]}}, {"type": "Feature", "properties": {"division_code": 3, "block_code": 42, "block_label": "3-42", "planted_ha": 3.78, "palms": 521, "planted_year": 2012, "abw_kg": 21.8, "rotation_target_days": 10, "gang_code": "", "road_condition": "good", "bunches_per_day": 17.8, "centroid_lon": 119.256382, "centroid_lat": -2.215613, "estate": "MSLW"}, "geometry": {"type": "Polygon", "coordinates": [[[119.256672, -2.216749], [119.255863, -2.216682], [119.255359, -2.215179], [119.256275, -2.214464], [119.257541, -2.215228], [119.256672, -2.216749]]]}}, {"type": "Feature", "properties": {"division_code": 3, "block_code": 43, "block_label": "3-43", "planted_ha": 1.78, "palms": 245, "planted_year": 2008, "abw_kg": 22.6, "rotation_target_days": 10, "gang_code": "", "road_condition": "fair", "bunches_per_day": 8.3, "centroid_lon": 119.240593, "centroid_lat": -2.217626, "estate": "MSLW"}, "geometry": {"type": "Polygon", "coordinates": [[[119.241476, -2.218206], [119.24084, -2.218535], [119.240509, -2.21832], [119.239759, -2.216869], [119.239799, -2.216806], [119.240416, -2.216725], [119.241476, -2.218206]]]}}, {"type": "Feature", "properties": {"division_code": 3, "block_code": 44, "block_label": "3-44", "planted_ha": 3.93, "palms": 523, "planted_year": 2009, "abw_kg": 22.3, "rotation_target_days": 10, "gang_code": "", "road_condition": "good", "bunches_per_day": 19.6, "centroid_lon": 119.241563, "centroid_lat": -2.216797, "estate": "MSLW"}, "geometry": {"type": "Polygon", "coordinates": [[[119.242705, -2.216361], [119.241688, -2.218215], [119.241513, -2.218195], [119.240446, -2.216706], [119.241256, -2.215668], [119.241763, -2.21574], [119.242705, -2.216361]]]}}, {"type": "Feature", "properties": {"division_code": 3, "block_code": 45, "block_label": "3-45", "planted_ha": 4.79, "palms": 650, "planted_year": 2009, "abw_kg": 22.5, "rotation_target_days": 10, "gang_code": "", "road_condition": "good", "bunches_per_day": 23.1, "centroid_lon": 119.242971, "centroid_lat": -2.217684, "estate": "MSLW"}, "geometry": {"type": "Polygon", "coordinates": [[[119.24417, -2.217867], [119.242593, -2.21907], [119.24172, -2.218231], [119.242741, -2.216372], [119.243151, -2.216314], [119.244152, -2.217306], [119.24417, -2.217867]]]}}, {"type": "Feature", "properties": {"division_code": 3, "block_code": 46, "block_label": "3-46", "planted_ha": 4.12, "palms": 557, "planted_year": 2009, "abw_kg": 22.4, "rotation_target_days": 10, "gang_code": "", "road_condition": "fair", "bunches_per_day": 18.2, "centroid_lon": 119.245328, "centroid_lat": -2.217439, "estate": "MSLW"}, "geometry": {"type": "Polygon", "coordinates": [[[119.246294, -2.217966], [119.245473, -2.218665], [119.244206, -2.217866], [119.244188, -2.217307], [119.245688, -2.216094], [119.245936, -2.216129], [119.246294, -2.217966]]]}}, {"type": "Feature", "properties": {"division_code": 3, "block_code": 47, "block_label": "3-47", "planted_ha": 4.22, "palms": 585, "planted_year": 2010, "abw_kg": 22.2, "rotation_target_days": 10, "gang_code": "", "road_condition": "poor", "bunches_per_day": 20.9, "centroid_lon": 119.246946, "centroid_lat": -2.216754, "estate": "MSLW"}, "geometry": {"type": "Polygon", "coordinates": [[[119.248154, -2.216236], [119.24718, -2.217997], [119.246329, -2.217955], [119.245971, -2.216121], [119.246664, -2.215668], [119.247072, -2.215633], [119.248154, -2.216236]]]}}, {"type": "Feature", "properties": {"division_code": 3, "block_code": 48, "block_label": "3-48", "planted_ha": 3.27, "palms": 430, "planted_year": 2010, "abw_kg": 21.8, "rotation_target_days": 10, "gang_code": "", "road_condition": "poor", "bunches_per_day": 14.5, "centroid_lon": 119.248182, "centroid_lat": -2.217593, "estate": "MSLW"}, "geometry": {"type": "Polygon", "coordinates": [[[119.249084, -2.217841], [119.248067, -2.218814], [119.247982, -2.218809], [119.247213, -2.218012], [119.24819, -2.216247], [119.248475, -2.216229], [119.249084, -2.217841]]]}}, {"type": "Feature", "properties": {"division_code": 3, "block_code": 49, "block_label": "3-49", "planted_ha": 4.34, "palms": 592, "planted_year": 2012, "abw_kg": 22.5, "rotation_target_days": 10, "gang_code": "", "road_condition": "fair", "bunches_per_day": 19.1, "centroid_lon": 119.249717, "centroid_lat": -2.216814, "estate": "MSLW"}, "geometry": {"type": "Polygon", "coordinates": [[[119.250991, -2.217052], [119.249745, -2.217954], [119.249119, -2.21783], [119.248509, -2.216217], [119.248995, -2.215897], [119.250136, -2.215888], [119.25075, -2.216361], [119.250991, -2.217052]]]}}, {"type": "Feature", "properties": {"division_code": 3, "block_code": 50, "block_label": "3-50", "planted_ha": 4.68, "palms": 649, "planted_year": 2012, "abw_kg": 22.1, "rotation_target_days": 10, "gang_code": "", "road_condition": "good", "bunches_per_day": 21.5, "centroid_lon": 119.25339, "centroid_lat": -2.217768, "estate": "MSLW"}, "geometry": {"type": "Polygon", "coordinates": [[[119.254769, -2.217892], [119.253567, -2.218933], [119.252811, -2.21853], [119.252053, -2.218079], [119.251976, -2.217716], [119.253035, -2.216751], [119.254042, -2.216835], [119.254766, -2.217765], [119.254769, -2.217892]]]}}, {"type": "Feature", "properties": {"division_code": 3, "block_code": 51, "block_label": "3-51", "planted_ha": 3.54, "palms": 476, "planted_year": 2012, "abw_kg": 22.2, "rotation_target_days": 10, "gang_code": "", "road_condition": "fair", "bunches_per_day": 16.8, "centroid_lon": 119.256027, "centroid_lat": -2.217666, "estate": "MSLW"}, "geometry": {"type": "Polygon", "coordinates": [[[119.257185, -2.217655], [119.256029, -2.218781], [119.254805, -2.217891], [119.254802, -2.217766], [119.255856, -2.216718], [119.256672, -2.216785], [119.257185, -2.217655]]]}}, {"type": "Feature", "properties": {"division_code": 3, "block_code": 52, "block_label": "3-52", "planted_ha": 3.37, "palms": 446, "planted_year": 2013, "abw_kg": 22.4, "rotation_target_days": 10, "gang_code": "", "road_condition": "fair", "bunches_per_day": 16.1, "centroid_lon": 119.257637, "centroid_lat": -2.216627, "estate": "MSLW"}, "geometry": {"type": "Polygon", "coordinates": [[[119.258468, -2.216464], [119.258431, -2.216991], [119.25798, -2.217717], [119.257218, -2.217641], [119.256703, -2.216767], [119.257576, -2.215239], [119.257695, -2.215232], [119.258468, -2.216464]]]}}, {"type": "Feature", "properties": {"division_code": 3, "block_code": 53, "block_label": "3-53", "planted_ha": 1.17, "palms": 159, "planted_year": 2008, "abw_kg": 22.3, "rotation_target_days": 10, "gang_code": "", "road_condition": "fair", "bunches_per_day": 5.9, "centroid_lon": 119.241813, "centroid_lat": -2.218823, "estate": "MSLW"}, "geometry": {"type": "Polygon", "coordinates": [[[119.242575, -2.219102], [119.24259, -2.219225], [119.242375, -2.219527], [119.240875, -2.218557], [119.241507, -2.218231], [119.24169, -2.218252], [119.242575, -2.219102]]]}}, {"type": "Feature", "properties": {"division_code": 3, "block_code": 54, "block_label": "3-54", "planted_ha": 4.99, "palms": 689, "planted_year": 2009, "abw_kg": 22.2, "rotation_target_days": 10, "gang_code": "", "road_condition": "good", "bunches_per_day": 23.7, "centroid_lon": 119.244127, "centroid_lat": -2.219129, "estate": "MSLW"}, "geometry": {"type": "Polygon", "coordinates": [[[119.245424, -2.219301], [119.244192, -2.220319], [119.243874, -2.220314], [119.242625, -2.219221], [119.242611, -2.219102], [119.244189, -2.217898], [119.245456, -2.218697], [119.245424, -2.219301]]]}}, {"type": "Feature", "properties": {"division_code": 3, "block_code": 55, "block_label": "3-55", "planted_ha": 4.31, "palms": 564, "planted_year": 2009, "abw_kg": 21.8, "rotation_target_days": 10, "gang_code": "", "road_condition": "good", "bunches_per_day": 19.3, "centroid_lon": 119.246631, "centroid_lat": -2.21899, "estate": "MSLW"}, "geometry": {"type": "Polygon", "coordinates": [[[119.24795, -2.218827], [119.246844, -2.220139], [119.246523, -2.220147], [119.24546, -2.219302], [119.245493, -2.218695], [119.24632, -2.217991], [119.247183, -2.218033], [119.24795, -2.218827]]]}}, {"type": "Feature", "properties": {"division_code": 3, "block_code": 56, "block_label": "3-56", "planted_ha": 3.48, "palms": 459, "planted_year": 2010, "abw_kg": 22.0, "rotation_target_days": 10, "gang_code": "", "road_condition": "good", "bunches_per_day": 17.2, "centroid_lon": 119.249276, "centroid_lat": -2.218975, "estate": "MSLW"}, "geometry": {"type": "Polygon", "coordinates": [[[119.250249, -2.21964], [119.249371, -2.220161], [119.248659, -2.219397], [119.2481, -2.218832], [119.249111, -2.217866], [119.249735, -2.217989], [119.250249, -2.21964]]]}}, {"type": "Feature", "properties": {"division_code": 3, "block_code": 57, "block_label": "3-57", "planted_ha": 4.56, "palms": 606, "planted_year": 2011, "abw_kg": 21.6, "rotation_target_days": 10, "gang_code": "", "road_condition": "good", "bunches_per_day": 21.6, "centroid_lon": 119.250875, "centroid_lat": -2.218384, "estate": "MSLW"}, "geometry": {"type": "Polygon", "coordinates": [[[119.252018, -2.218087], [119.251058, -2.219701], [119.250284, -2.219632], [119.24977, -2.21798], [119.251013, -2.21708], [119.25194, -2.21772], [119.252018, -2.218087]]]}}, {"type": "Feature", "properties": {"division_code": 3, "block_code": 58, "block_label": "3-58", "planted_ha": 4.3, "palms": 593, "planted_year": 2013, "abw_kg": 21.5, "rotation_target_days": 10, "gang_code": "", "road_condition": "fair", "bunches_per_day": 21.8, "centroid_lon": 119.254812, "centroid_lat": -2.219121, "estate": "MSLW"}, "geometry": {"type": "Polygon", "coordinates": [[[119.256053, -2.219282], [119.254884, -2.220287], [119.253619, -2.219501], [119.253588, -2.218963], [119.254788, -2.217923], [119.256013, -2.218814], [119.256053, -2.219282]]]}}, {"type": "Feature", "properties": {"division_code": 3, "block_code": 59, "block_label": "3-59", "planted_ha": 4.81, "palms": 635, "planted_year": 2012, "abw_kg": 21.5, "rotation_target_days": 10, "gang_code": "", "road_condition": "good", "bunches_per_day": 22.7, "centroid_lon": 119.257292, "centroid_lat": -2.218886, "estate": "MSLW"}, "geometry": {"type": "Polygon", "coordinates": [[[119.257979, -2.217753], [119.258355, -2.218349], [119.258331, -2.219106], [119.257467, -2.220208], [119.257267, -2.220223], [119.256089, -2.21928], [119.256049, -2.218811], [119.257214, -2.217677], [119.257979, -2.217753]]]}}, {"type": "Feature", "properties": {"division_code": 3, "block_code": 60, "block_label": "3-60", "planted_ha": 2.53, "palms": 342, "planted_year": 2008, "abw_kg": 22.2, "rotation_target_days": 10, "gang_code": "", "road_condition": "good", "bunches_per_day": 12.6, "centroid_lon": 119.24537, "centroid_lat": -2.220223, "estate": "MSLW"}, "geometry": {"type": "Polygon", "coordinates": [[[119.246103, -2.220746], [119.244827, -2.220818], [119.244533, -2.220814], [119.244222, -2.220341], [119.245442, -2.219333], [119.246492, -2.220169], [119.246103, -2.220746]]]}}, {"type": "Feature", "properties": {"division_code": 3, "block_code": 61, "block_label": "3-61", "planted_ha": 3.63, "palms": 503, "planted_year": 2009, "abw_kg": 21.6, "rotation_target_days": 10, "gang_code": "", "road_condition": "good", "bunches_per_day": 17.3, "centroid_lon": 119.248142, "centroid_lat": -2.220026, "estate": "MSLW"}, "geometry": {"type": "Polygon", "coordinates": [[[119.248633, -2.219422], [119.249348, -2.220189], [119.249191, -2.220809], [119.248203, -2.220749], [119.247395, -2.220725], [119.246876, -2.220156], [119.247982, -2.218845], [119.248066, -2.21885], [119.248633, -2.219422]]]}}, {"type": "Feature", "properties": {"division_code": 3, "block_code": 62, "block_label": "3-62", "planted_ha": 2.96, "palms": 410, "planted_year": 2011, "abw_kg": 21.9, "rotation_target_days": 10, "gang_code": "", "road_condition": "fair", "bunches_per_day": 13.7, "centroid_lon": 119.250536, "centroid_lat": -2.220399, "estate": "MSLW"}, "geometry": {"type": "Polygon", "coordinates": [[[119.251961, -2.220907], [119.251901, -2.220983], [119.250095, -2.220884], [119.249228, -2.220812], [119.249383, -2.220196], [119.250098, -2.219771], [119.250275, -2.219667], [119.251059, -2.219738], [119.251961, -2.220907]]]}}, {"type": "Feature", "properties": {"division_code": 3, "block_code": 63, "block_label": "3-63", "planted_ha": 4.99, "palms": 692, "planted_year": 2012, "abw_kg": 22.2, "rotation_target_days": 10, "gang_code": "", "road_condition": "fair", "bunches_per_day": 26.4, "centroid_lon": 119.252331, "centroid_lat": -2.219521, "estate": "MSLW"}, "geometry": {"type": "Polygon", "coordinates": [[[119.253583, -2.219505], [119.252309, -2.220906], [119.251993, -2.22089], [119.25109, -2.219719], [119.252043, -2.218115], [119.252794, -2.218562], [119.253552, -2.218966], [119.253583, -2.219505]]]}}, {"type": "Feature", "properties": {"division_code": 3, "block_code": 64, "block_label": "3-64", "planted_ha": 3.07, "palms": 401, "planted_year": 2012, "abw_kg": 22.6, "rotation_target_days": 10, "gang_code": "", "road_condition": "poor", "bunches_per_day": 15.0, "centroid_lon": 119.253753, "centroid_lat": -2.220509, "estate": "MSLW"}, "geometry": {"type": "Polygon", "coordinates": [[[119.254824, -2.221058], [119.254726, -2.221138], [119.254722, -2.221138], [119.25245, -2.221013], [119.252342, -2.220922], [119.253605, -2.219535], [119.254867, -2.220318], [119.254824, -2.221058]]]}}, {"type": "Feature", "properties": {"division_code": 3, "block_code": 65, "block_label": "3-65", "planted_ha": 3.67, "palms": 503, "planted_year": 2013, "abw_kg": 22.3, "rotation_target_days": 10, "gang_code": "", "road_condition": "good", "bunches_per_day": 17.2, "centroid_lon": 119.255998, "centroid_lat": -2.220427, "estate": "MSLW"}, "geometry": {"type": "Polygon", "coordinates": [[[119.257238, -2.220246], [119.25666, -2.22122], [119.25503, -2.22115], [119.25486, -2.221057], [119.254903, -2.220318], [119.256073, -2.219313], [119.257238, -2.220246]]]}}, {"type": "Feature", "properties": {"division_code": 3, "block_code": 66, "block_label": "3-66", "planted_ha": 0.94, "palms": 129, "planted_year": 2012, "abw_kg": 22.4, "rotation_target_days": 10, "gang_code": "", "road_condition": "good", "bunches_per_day": 4.6, "centroid_lon": 119.258053, "centroid_lat": -2.22013, "estate": "MSLW"}, "geometry": {"type": "Polygon", "coordinates": [[[119.257986, -2.219599], [119.25833, -2.219165], [119.258328, -2.221005], [119.257501, -2.220224], [119.257986, -2.219599]]]}}, {"type": "Feature", "properties": {"division_code": 3, "block_code": 67, "block_label": "3-67", "planted_ha": 1.23, "palms": 163, "planted_year": 2013, "abw_kg": 22.1, "rotation_target_days": 10, "gang_code": "", "road_condition": "good", "bunches_per_day": 5.8, "centroid_lon": 119.25752, "centroid_lat": -2.220878, "estate": "MSLW"}, "geometry": {"type": "Polygon", "coordinates": [[[119.258329, -2.221054], [119.258332, -2.221276], [119.256701, -2.221221], [119.257272, -2.220259], [119.25747, -2.220244], [119.258329, -2.221054]]]}}, {"type": "Feature", "properties": {"division_code": 1, "block_code": 1, "block_label": "1-1", "planted_ha": 2.45, "palms": 325, "planted_year": 2011, "abw_kg": 21.7, "rotation_target_days": 10, "gang_code": "", "road_condition": "good", "bunches_per_day": 10.8, "centroid_lon": 140.274447, "centroid_lat": -6.607189, "estate": "MPAP"}, "geometry": {"type": "Polygon", "coordinates": [[[140.273297, -6.606857], [140.273422, -6.606643], [140.275189, -6.606626], [140.275506, -6.607283], [140.274398, -6.608117], [140.273297, -6.606857]]]}}, {"type": "Feature", "properties": {"division_code": 1, "block_code": 2, "block_label": "1-2", "planted_ha": 3.44, "palms": 474, "planted_year": 2010, "abw_kg": 22.3, "rotation_target_days": 10, "gang_code": "", "road_condition": "fair", "bunches_per_day": 15.6, "centroid_lon": 140.277299, "centroid_lat": -6.607289, "estate": "MPAP"}, "geometry": {"type": "Polygon", "coordinates": [[[140.27654, -6.606597], [140.278394, -6.606597], [140.278403, -6.606602], [140.278521, -6.607143], [140.277333, -6.608317], [140.277076, -6.608321], [140.276056, -6.607266], [140.27654, -6.606597]]]}}, {"type": "Feature", "properties": {"division_code": 1, "block_code": 3, "block_label": "1-3", "planted_ha": 2.25, "palms": 295, "planted_year": 2009, "abw_kg": 22.4, "rotation_target_days": 10, "gang_code": "", "road_condition": "poor", "bunches_per_day": 12.0, "centroid_lon": 140.279595, "centroid_lat": -6.607042, "estate": "MPAP"}, "geometry": {"type": "Polygon", "coordinates": [[[140.278439, -6.606597], [140.280471, -6.606597], [140.280721, -6.606608], [140.280819, -6.606749], [140.279809, -6.607834], [140.278557, -6.607136], [140.278439, -6.606597]]]}}, {"type": "Feature", "properties": {"division_code": 1, "block_code": 4, "block_label": "1-4", "planted_ha": 3.66, "palms": 486, "planted_year": 2009, "abw_kg": 22.6, "rotation_target_days": 10, "gang_code": "", "road_condition": "fair", "bunches_per_day": 17.9, "centroid_lon": 140.282662, "centroid_lat": -6.607378, "estate": "MPAP"}, "geometry": {"type": "Polygon", "coordinates": [[[140.282304, -6.608466], [140.281337, -6.606754], [140.281461, -6.606654], [140.282803, -6.606715], [140.28391, -6.606712], [140.284065, -6.606802], [140.284052, -6.606913], [140.282797, -6.608466], [140.282304, -6.608466]]]}}, {"type": "Feature", "properties": {"division_code": 1, "block_code": 5, "block_label": "1-5", "planted_ha": 3.65, "palms": 497, "planted_year": 2010, "abw_kg": 21.5, "rotation_target_days": 10, "gang_code": "", "road_condition": "fair", "bunches_per_day": 19.6, "centroid_lon": 140.285423, "centroid_lat": -6.607336, "estate": "MPAP"}, "geometry": {"type": "Polygon", "coordinates": [[[140.285392, -6.608587], [140.284088, -6.606914], [140.284101, -6.606802], [140.28423, -6.6067], [140.285798, -6.606597], [140.286371, -6.606597], [140.286508, -6.606656], [140.286609, -6.607152], [140.285489, -6.608586], [140.285392, -6.608587]]]}}, {"type": "Feature", "properties": {"division_code": 1, "block_code": 6, "block_label": "1-6", "planted_ha": 2.73, "palms": 370, "planted_year": 2011, "abw_kg": 21.5, "rotation_target_days": 10, "gang_code": "", "road_condition": "good", "bunches_per_day": 14.1, "centroid_lon": 140.287758, "centroid_lat": -6.607129, "estate": "MPAP"}, "geometry": {"type": "Polygon", "coordinates": [[[140.286645, -6.607146], [140.286543, -6.606649], [140.286595, -6.606597], [140.288949, -6.606597], [140.288993, -6.606667], [140.288146, -6.608009], [140.287881, -6.607998], [140.286645, -6.607146]]]}}, {"type": "Feature", "properties": {"division_code": 1, "block_code": 7, "block_label": "1-7", "planted_ha": 2.98, "palms": 401, "planted_year": 2013, "abw_kg": 22.2, "rotation_target_days": 10, "gang_code": "", "road_condition": "fair", "bunches_per_day": 13.9, "centroid_lon": 140.290853, "centroid_lat": -6.607304, "estate": "MPAP"}, "geometry": {"type": "Polygon", "coordinates": [[[140.289734, -6.606749], [140.289955, -6.606597], [140.289967, -6.606597], [140.291514, -6.606665], [140.292082, -6.607247], [140.290705, -6.608363], [140.290556, -6.608354], [140.289734, -6.606749]]]}}, {"type": "Feature", "properties": {"division_code": 1, "block_code": 8, "block_label": "1-8", "planted_ha": 1.94, "palms": 260, "planted_year": 2014, "abw_kg": 22.0, "rotation_target_days": 10, "gang_code": "", "road_condition": "good", "bunches_per_day": 9.3, "centroid_lon": 140.293617, "centroid_lat": -6.607085, "estate": "MPAP"}, "geometry": {"type": "Polygon", "coordinates": [[[140.292631, -6.607261], [140.292817, -6.606676], [140.294655, -6.606641], [140.29477, -6.606848], [140.29471, -6.607049], [140.293303, -6.607758], [140.293218, -6.607749], [140.292631, -6.607261]]]}}, {"type": "Feature", "properties": {"division_code": 1, "block_code": 9, "block_label": "1-9", "planted_ha": 3.2, "palms": 437, "planted_year": 2014, "abw_kg": 22.0, "rotation_target_days": 10, "gang_code": "", "road_condition": "good", "bunches_per_day": 14.6, "centroid_lon": 140.295984, "centroid_lat": -6.607248, "estate": "MPAP"}, "geometry": {"type": "Polygon", "coordinates": [[[140.294745, -6.607057], [140.294805, -6.606857], [140.29513, -6.606632], [140.296879, -6.606608], [140.297186, -6.607037], [140.29663, -6.607957], [140.295539, -6.608052], [140.294745, -6.607057]]]}}, {"type": "Feature", "properties": {"division_code": 1, "block_code": 10, "block_label": "1-10", "planted_ha": 1.28, "palms": 175, "planted_year": 2012, "abw_kg": 21.9, "rotation_target_days": 10, "gang_code": "", "road_condition": "fair", "bunches_per_day": 6.8, "centroid_lon": 140.298352, "centroid_lat": -6.607135, "estate": "MPAP"}, "geometry": {"type": "Polygon", "coordinates": [[[140.298045, -6.606597], [140.298834, -6.606597], [140.29876, -6.608019], [140.297574, -6.607014], [140.298045, -6.606597]]]}}, {"type": "Feature", "properties": {"division_code": 1, "block_code": 11, "block_label": "1-11", "planted_ha": 1.56, "palms": 215, "planted_year": 2010, "abw_kg": 22.5, "rotation_target_days": 10, "gang_code": "", "road_condition": "poor", "bunches_per_day": 7.5, "centroid_lon": 140.27366, "centroid_lat": -6.608087, "estate": "MPAP"}, "geometry": {"type": "Polygon", "coordinates": [[[140.274376, -6.608146], [140.274341, -6.608249], [140.273286, -6.609175], [140.273286, -6.606899], [140.274376, -6.608146]]]}}, {"type": "Feature", "properties": {"division_code": 1, "block_code": 12, "block_label": "1-12", "planted_ha": 4.21, "palms": 554, "planted_year": 2010, "abw_kg": 22.2, "rotation_target_days": 10, "gang_code": "", "road_condition": "fair", "bunches_per_day": 22.0, "centroid_lon": 140.275728, "centroid_lat": -6.608339, "estate": "MPAP"}, "geometry": {"type": "Polygon", "coordinates": [[[140.274411, -6.608153], [140.275535, -6.607307], [140.276025, -6.607286], [140.277044, -6.608341], [140.276403, -6.609168], [140.275411, -6.609397], [140.274377, -6.608256], [140.274411, -6.608153]]]}}, {"type": "Feature", "properties": {"division_code": 1, "block_code": 13, "block_label": "1-13", "planted_ha": 3.76, "palms": 519, "planted_year": 2009, "abw_kg": 22.1, "rotation_target_days": 10, "gang_code": "", "road_condition": "good", "bunches_per_day": 17.0, "centroid_lon": 140.278626, "centroid_lat": -6.608275, "estate": "MPAP"}, "geometry": {"type": "Polygon", "coordinates": [[[140.277366, -6.608335], [140.278545, -6.607171], [140.279796, -6.607869], [140.279844, -6.60814], [140.278784, -6.609325], [140.278241, -6.609273], [140.277366, -6.608335]]]}}, {"type": "Feature", "properties": {"division_code": 1, "block_code": 14, "block_label": "1-14", "planted_ha": 4.42, "palms": 609, "planted_year": 2009, "abw_kg": 22.6, "rotation_target_days": 10, "gang_code": "", "road_condition": "good", "bunches_per_day": 22.8, "centroid_lon": 140.281038, "centroid_lat": -6.608034, "estate": "MPAP"}, "geometry": {"type": "Polygon", "coordinates": [[[140.27988, -6.608137], [140.279832, -6.607863], [140.28085, -6.606769], [140.281303, -6.606768], [140.28227, -6.608479], [140.281354, -6.609181], [140.280854, -6.609185], [140.27988, -6.608137]]]}}, {"type": "Feature", "properties": {"division_code": 1, "block_code": 15, "block_label": "1-15", "planted_ha": 4.27, "palms": 580, "planted_year": 2009, "abw_kg": 22.3, "rotation_target_days": 10, "gang_code": "", "road_condition": "poor", "bunches_per_day": 20.5, "centroid_lon": 140.284063, "centroid_lat": -6.608391, "estate": "MPAP"}, "geometry": {"type": "Polygon", "coordinates": [[[140.282829, -6.608484], [140.284069, -6.606949], [140.285358, -6.608602], [140.284246, -6.609506], [140.283506, -6.609351], [140.282829, -6.608484]]]}}, {"type": "Feature", "properties": {"division_code": 1, "block_code": 16, "block_label": "1-16", "planted_ha": 3.3, "palms": 445, "planted_year": 2010, "abw_kg": 21.5, "rotation_target_days": 10, "gang_code": "", "road_condition": "good", "bunches_per_day": 16.8, "centroid_lon": 140.286652, "centroid_lat": -6.60833, "estate": "MPAP"}, "geometry": {"type": "Polygon", "coordinates": [[[140.285523, -6.608602], [140.286633, -6.607181], [140.287848, -6.608019], [140.286694, -6.609344], [140.286548, -6.609507], [140.28652, -6.609507], [140.285523, -6.608602]]]}}, {"type": "Feature", "properties": {"division_code": 1, "block_code": 17, "block_label": "1-17", "planted_ha": 4.48, "palms": 585, "planted_year": 2012, "abw_kg": 21.9, "rotation_target_days": 10, "gang_code": "", "road_condition": "good", "bunches_per_day": 23.7, "centroid_lon": 140.289331, "centroid_lat": -6.607989, "estate": "MPAP"}, "geometry": {"type": "Polygon", "coordinates": [[[140.288177, -6.608027], [140.289024, -6.606687], [140.289699, -6.60676], [140.290521, -6.608366], [140.289171, -6.609397], [140.288177, -6.608027]]]}}, {"type": "Feature", "properties": {"division_code": 1, "block_code": 18, "block_label": "1-18", "planted_ha": 3.81, "palms": 519, "planted_year": 2014, "abw_kg": 21.7, "rotation_target_days": 10, "gang_code": "", "road_condition": "poor", "bunches_per_day": 19.9, "centroid_lon": 140.292025, "centroid_lat": -6.608322, "estate": "MPAP"}, "geometry": {"type": "Polygon", "coordinates": [[[140.291729, -6.60945], [140.290738, -6.608383], [140.292115, -6.607267], [140.292603, -6.607285], [140.293188, -6.607771], [140.292298, -6.609403], [140.291729, -6.60945]]]}}, {"type": "Feature", "properties": {"division_code": 1, "block_code": 19, "block_label": "1-19", "planted_ha": 3.47, "palms": 463, "planted_year": 2014, "abw_kg": 22.0, "rotation_target_days": 10, "gang_code": "", "road_condition": "fair", "bunches_per_day": 17.5, "centroid_lon": 140.294521, "centroid_lat": -6.608202, "estate": "MPAP"}, "geometry": {"type": "Polygon", "coordinates": [[[140.293334, -6.607783], [140.29472, -6.607084], [140.29551, -6.608074], [140.295023, -6.609273], [140.294376, -6.609299], [140.293334, -6.607783]]]}}, {"type": "Feature", "properties": {"division_code": 1, "block_code": 20, "block_label": "1-20", "planted_ha": 3.9, "palms": 529, "planted_year": 2014, "abw_kg": 22.3, "rotation_target_days": 10, "gang_code": "", "road_condition": "fair", "bunches_per_day": 18.5, "centroid_lon": 140.297642, "centroid_lat": -6.60825, "estate": "MPAP"}, "geometry": {"type": "Polygon", "coordinates": [[[140.297218, -6.607054], [140.297541, -6.607032], [140.298758, -6.608064], [140.298749, -6.608408], [140.297464, -6.609608], [140.297303, -6.609602], [140.296661, -6.607975], [140.297218, -6.607054]]]}}, {"type": "Feature", "properties": {"division_code": 1, "block_code": 21, "block_label": "1-21", "planted_ha": 3.68, "palms": 490, "planted_year": 2010, "abw_kg": 22.4, "rotation_target_days": 10, "gang_code": "", "road_condition": "poor", "bunches_per_day": 17.8, "centroid_lon": 140.274349, "centroid_lat": -6.609539, "estate": "MPAP"}, "geometry": {"type": "Polygon", "coordinates": [[[140.274201, -6.61063], [140.273286, -6.609518], [140.273286, -6.609223], [140.274354, -6.608285], [140.275383, -6.609421], [140.274889, -6.610611], [140.274201, -6.61063]]]}}, {"type": "Feature", "properties": {"division_code": 1, "block_code": 22, "block_label": "1-22", "planted_ha": 3.48, "palms": 463, "planted_year": 2010, "abw_kg": 21.8, "rotation_target_days": 10, "gang_code": "", "road_condition": "fair", "bunches_per_day": 17.4, "centroid_lon": 140.277276, "centroid_lat": -6.609611, "estate": "MPAP"}, "geometry": {"type": "Polygon", "coordinates": [[[140.27695, -6.61093], [140.276433, -6.609188], [140.277077, -6.608357], [140.277333, -6.608353], [140.278211, -6.609294], [140.277454, -6.610956], [140.27695, -6.61093]]]}}, {"type": "Feature", "properties": {"division_code": 1, "block_code": 23, "block_label": "1-23", "planted_ha": 3.19, "palms": 422, "planted_year": 2010, "abw_kg": 22.0, "rotation_target_days": 10, "gang_code": "", "road_condition": "fair", "bunches_per_day": 15.9, "centroid_lon": 140.279845, "centroid_lat": -6.609392, "estate": "MPAP"}, "geometry": {"type": "Polygon", "coordinates": [[[140.278814, -6.609346], [140.279863, -6.608173], [140.280824, -6.609207], [140.280169, -6.610446], [140.279591, -6.610422], [140.278814, -6.609346]]]}}, {"type": "Feature", "properties": {"division_code": 1, "block_code": 24, "block_label": "1-24", "planted_ha": 3.36, "palms": 464, "planted_year": 2010, "abw_kg": 22.1, "rotation_target_days": 10, "gang_code": "", "road_condition": "poor", "bunches_per_day": 17.3, "centroid_lon": 140.282433, "centroid_lat": -6.609517, "estate": "MPAP"}, "geometry": {"type": "Polygon", "coordinates": [[[140.281383, -6.609204], [140.2823, -6.608502], [140.282797, -6.608502], [140.283473, -6.609367], [140.282955, -6.610078], [140.282364, -6.610949], [140.281383, -6.609204]]]}}, {"type": "Feature", "properties": {"division_code": 1, "block_code": 25, "block_label": "1-25", "planted_ha": 3.99, "palms": 547, "planted_year": 2010, "abw_kg": 21.7, "rotation_target_days": 10, "gang_code": "", "road_condition": "fair", "bunches_per_day": 21.3, "centroid_lon": 140.285322, "centroid_lat": -6.609838, "estate": "MPAP"}, "geometry": {"type": "Polygon", "coordinates": [[[140.284271, -6.609532], [140.28539, -6.608623], [140.285491, -6.608622], [140.28649, -6.609529], [140.285639, -6.610909], [140.284703, -6.610956], [140.284271, -6.609532]]]}}, {"type": "Feature", "properties": {"division_code": 1, "block_code": 26, "block_label": "1-26", "planted_ha": 4.26, "palms": 568, "planted_year": 2011, "abw_kg": 22.2, "rotation_target_days": 10, "gang_code": "", "road_condition": "good", "bunches_per_day": 22.3, "centroid_lon": 140.287956, "centroid_lat": -6.609318, "estate": "MPAP"}, "geometry": {"type": "Polygon", "coordinates": [[[140.286583, -6.609522], [140.287883, -6.608035], [140.288146, -6.608045], [140.289149, -6.609429], [140.289134, -6.609616], [140.288319, -6.610403], [140.287969, -6.610429], [140.286583, -6.609522]]]}}, {"type": "Feature", "properties": {"division_code": 1, "block_code": 27, "block_label": "1-27", "planted_ha": 4.18, "palms": 547, "planted_year": 2012, "abw_kg": 22.2, "rotation_target_days": 10, "gang_code": "", "road_condition": "fair", "bunches_per_day": 19.1, "centroid_lon": 140.290513, "centroid_lat": -6.609587, "estate": "MPAP"}, "geometry": {"type": "Polygon", "coordinates": [[[140.290052, -6.610283], [140.28917, -6.609616], [140.289185, -6.609432], [140.29055, -6.60839], [140.290703, -6.608399], [140.291699, -6.609471], [140.290913, -6.610855], [140.290764, -6.610855], [140.290052, -6.610283]]]}}, {"type": "Feature", "properties": {"division_code": 1, "block_code": 28, "block_label": "1-28", "planted_ha": 3.29, "palms": 442, "planted_year": 2014, "abw_kg": 22.2, "rotation_target_days": 10, "gang_code": "", "road_condition": "good", "bunches_per_day": 15.6, "centroid_lon": 140.293325, "centroid_lat": -6.609166, "estate": "MPAP"}, "geometry": {"type": "Polygon", "coordinates": [[[140.292332, -6.609416], [140.293221, -6.607786], [140.293297, -6.607793], [140.294343, -6.609316], [140.293377, -6.610401], [140.292332, -6.609416]]]}}, {"type": "Feature", "properties": {"division_code": 1, "block_code": 29, "block_label": "1-29", "planted_ha": 4.09, "palms": 565, "planted_year": 2013, "abw_kg": 21.8, "rotation_target_days": 10, "gang_code": "", "road_condition": "fair", "bunches_per_day": 19.6, "centroid_lon": 140.29616, "centroid_lat": -6.609115, "estate": "MPAP"}, "geometry": {"type": "Polygon", "coordinates": [[[140.295056, -6.609287], [140.295543, -6.608088], [140.296629, -6.607993], [140.297268, -6.609613], [140.296144, -6.610381], [140.295056, -6.609287]]]}}, {"type": "Feature", "properties": {"division_code": 1, "block_code": 30, "block_label": "1-30", "planted_ha": 1.81, "palms": 243, "planted_year": 2013, "abw_kg": 22.5, "rotation_target_days": 10, "gang_code": "", "road_condition": "fair", "bunches_per_day": 9.6, "centroid_lon": 140.298335, "centroid_lat": -6.609633, "estate": "MPAP"}, "geometry": {"type": "Polygon", "coordinates": [[[140.297498, -6.609626], [140.298748, -6.608458], [140.298746, -6.609436], [140.298785, -6.610675], [140.298613, -6.610678], [140.297498, -6.609626]]]}}, {"type": "Feature", "properties": {"division_code": 1, "block_code": 31, "block_label": "1-31", "planted_ha": 1.27, "palms": 176, "planted_year": 2009, "abw_kg": 22.3, "rotation_target_days": 10, "gang_code": "", "road_condition": "good", "bunches_per_day": 6.2, "centroid_lon": 140.273581, "centroid_lat": -6.610715, "estate": "MPAP"}, "geometry": {"type": "Polygon", "coordinates": [[[140.273286, -6.611708], [140.273286, -6.609577], [140.27417, -6.610649], [140.273295, -6.61191], [140.273286, -6.611708]]]}}, {"type": "Feature", "properties": {"division_code": 1, "block_code": 32, "block_label": "1-32", "planted_ha": 3.57, "palms": 485, "planted_year": 2010, "abw_kg": 22.1, "rotation_target_days": 10, "gang_code": "", "road_condition": "good", "bunches_per_day": 16.6, "centroid_lon": 140.275946, "centroid_lat": -6.610363, "estate": "MPAP"}, "geometry": {"type": "Polygon", "coordinates": [[[140.274923, -6.610624], [140.275418, -6.609432], [140.276401, -6.609206], [140.276915, -6.610939], [140.275902, -6.611529], [140.274923, -6.610624]]]}}, {"type": "Feature", "properties": {"division_code": 1, "block_code": 33, "block_label": "1-33", "planted_ha": 3.3, "palms": 455, "planted_year": 2010, "abw_kg": 21.7, "rotation_target_days": 10, "gang_code": "", "road_condition": "fair", "bunches_per_day": 14.8, "centroid_lon": 140.278491, "centroid_lat": -6.610445, "estate": "MPAP"}, "geometry": {"type": "Polygon", "coordinates": [[[140.278244, -6.609309], [140.278781, -6.609362], [140.279558, -6.610438], [140.278404, -6.611615], [140.277488, -6.610968], [140.278244, -6.609309]]]}}, {"type": "Feature", "properties": {"division_code": 1, "block_code": 34, "block_label": "1-34", "planted_ha": 4.49, "palms": 590, "planted_year": 2010, "abw_kg": 22.5, "rotation_target_days": 10, "gang_code": "", "road_condition": "good", "bunches_per_day": 23.5, "centroid_lon": 140.27976, "centroid_lat": -6.611589, "estate": "MPAP"}, "geometry": {"type": "Polygon", "coordinates": [[[140.278588, -6.612088], [140.278427, -6.611643], [140.279589, -6.610458], [140.28017, -6.610482], [140.281135, -6.611696], [140.280067, -6.612616], [140.279518, -6.612606], [140.278588, -6.612088]]]}}, {"type": "Feature", "properties": {"division_code": 1, "block_code": 35, "block_label": "1-35", "planted_ha": 3.81, "palms": 526, "planted_year": 2010, "abw_kg": 21.5, "rotation_target_days": 10, "gang_code": "", "road_condition": "good", "bunches_per_day": 17.8, "centroid_lon": 140.281248, "centroid_lat": -6.61049, "estate": "MPAP"}, "geometry": {"type": "Polygon", "coordinates": [[[140.280201, -6.610463], [140.280857, -6.609222], [140.28135, -6.609217], [140.282345, -6.610988], [140.282343, -6.611048], [140.281449, -6.611688], [140.281169, -6.61168], [140.280201, -6.610463]]]}}, {"type": "Feature", "properties": {"division_code": 1, "block_code": 36, "block_label": "1-36", "planted_ha": 4.12, "palms": 569, "planted_year": 2010, "abw_kg": 22.1, "rotation_target_days": 10, "gang_code": "", "road_condition": "good", "bunches_per_day": 18.4, "centroid_lon": 140.283645, "centroid_lat": -6.610632, "estate": "MPAP"}, "geometry": {"type": "Polygon", "coordinates": [[[140.282379, -6.611046], [140.282381, -6.610989], [140.282736, -6.610458], [140.283503, -6.609387], [140.284236, -6.609541], [140.28467, -6.610971], [140.28408, -6.611754], [140.283786, -6.611754], [140.282379, -6.611046]]]}}, {"type": "Feature", "properties": {"division_code": 1, "block_code": 37, "block_label": "1-37", "planted_ha": 3.21, "palms": 440, "planted_year": 2011, "abw_kg": 22.3, "rotation_target_days": 10, "gang_code": "", "road_condition": "good", "bunches_per_day": 16.6, "centroid_lon": 140.286728, "centroid_lat": -6.610666, "estate": "MPAP"}, "geometry": {"type": "Polygon", "coordinates": [[[140.286514, -6.611734], [140.285672, -6.610924], [140.286523, -6.609544], [140.286551, -6.609544], [140.287936, -6.610451], [140.286717, -6.611738], [140.286514, -6.611734]]]}}, {"type": "Feature", "properties": {"division_code": 1, "block_code": 38, "block_label": "1-38", "planted_ha": 4.16, "palms": 559, "planted_year": 2011, "abw_kg": 22.3, "rotation_target_days": 10, "gang_code": "", "road_condition": "good", "bunches_per_day": 20.8, "centroid_lon": 140.289454, "centroid_lat": -6.610921, "estate": "MPAP"}, "geometry": {"type": "Polygon", "coordinates": [[[140.288348, -6.610426], [140.289153, -6.609648], [140.29003, -6.610311], [140.290733, -6.610876], [140.289869, -6.612085], [140.288848, -6.61182], [140.288348, -6.610426]]]}}, {"type": "Feature", "properties": {"division_code": 1, "block_code": 39, "block_label": "1-39", "planted_ha": 3.57, "palms": 468, "planted_year": 2013, "abw_kg": 22.4, "rotation_target_days": 10, "gang_code": "", "road_condition": "good", "bunches_per_day": 19.2, "centroid_lon": 140.292074, "centroid_lat": -6.610488, "estate": "MPAP"}, "geometry": {"type": "Polygon", "coordinates": [[[140.290947, -6.610869], [140.291732, -6.609486], [140.292303, -6.609439], [140.293341, -6.610417], [140.291884, -6.611643], [140.290947, -6.610869]]]}}, {"type": "Feature", "properties": {"division_code": 1, "block_code": 40, "block_label": "1-40", "planted_ha": 4.7, "palms": 626, "planted_year": 2014, "abw_kg": 22.2, "rotation_target_days": 10, "gang_code": "", "road_condition": "good", "bunches_per_day": 22.8, "centroid_lon": 140.294765, "centroid_lat": -6.610442, "estate": "MPAP"}, "geometry": {"type": "Polygon", "coordinates": [[[140.294375, -6.609335], [140.295028, -6.609309], [140.296121, -6.610409], [140.295988, -6.610798], [140.294558, -6.611723], [140.293981, -6.611094], [140.29341, -6.610421], [140.294375, -6.609335]]]}}, {"type": "Feature", "properties": {"division_code": 1, "block_code": 41, "block_label": "1-41", "planted_ha": 4.92, "palms": 657, "planted_year": 2014, "abw_kg": 21.5, "rotation_target_days": 10, "gang_code": "", "road_condition": "good", "bunches_per_day": 22.3, "centroid_lon": 140.297335, "centroid_lat": -6.610915, "estate": "MPAP"}, "geometry": {"type": "Polygon", "coordinates": [[[140.296023, -6.610806], [140.296157, -6.610415], [140.297296, -6.609638], [140.297464, -6.609644], [140.298584, -6.6107], [140.297938, -6.61215], [140.29704, -6.612063], [140.296023, -6.610806]]]}}, {"type": "Feature", "properties": {"division_code": 1, "block_code": 42, "block_label": "1-42", "planted_ha": 4.33, "palms": 570, "planted_year": 2009, "abw_kg": 21.6, "rotation_target_days": 10, "gang_code": "", "road_condition": "good", "bunches_per_day": 22.2, "centroid_lon": 140.274521, "centroid_lat": -6.611731, "estate": "MPAP"}, "geometry": {"type": "Polygon", "coordinates": [[[140.273298, -6.611969], [140.274203, -6.610666], [140.274894, -6.610647], [140.27588, -6.611558], [140.27585, -6.611737], [140.274356, -6.612917], [140.273314, -6.612299], [140.273298, -6.611969]]]}}, {"type": "Feature", "properties": {"division_code": 1, "block_code": 43, "block_label": "1-43", "planted_ha": 5.2, "palms": 687, "planted_year": 2010, "abw_kg": 22.4, "rotation_target_days": 10, "gang_code": "", "road_condition": "good", "bunches_per_day": 23.5, "centroid_lon": 140.277192, "centroid_lat": -6.612135, "estate": "MPAP"}, "geometry": {"type": "Polygon", "coordinates": [[[140.275885, -6.611744], [140.275916, -6.611563], [140.276941, -6.610966], [140.277459, -6.610992], [140.278391, -6.61165], [140.278553, -6.612096], [140.277878, -6.612832], [140.277236, -6.61358], [140.276881, -6.613583], [140.275885, -6.611744]]]}}, {"type": "Feature", "properties": {"division_code": 1, "block_code": 44, "block_label": "1-44", "planted_ha": 3.61, "palms": 500, "planted_year": 2010, "abw_kg": 22.4, "rotation_target_days": 10, "gang_code": "", "road_condition": "good", "bunches_per_day": 18.5, "centroid_lon": 140.282586, "centroid_lat": -6.612156, "estate": "MPAP"}, "geometry": {"type": "Polygon", "coordinates": [[[140.282363, -6.611078], [140.283756, -6.61178], [140.282805, -6.613368], [140.282355, -6.61335], [140.281479, -6.611711], [140.282363, -6.611078]]]}}, {"type": "Feature", "properties": {"division_code": 1, "block_code": 45, "block_label": "1-45", "planted_ha": 4.04, "palms": 528, "planted_year": 2010, "abw_kg": 22.6, "rotation_target_days": 10, "gang_code": "", "road_condition": "good", "bunches_per_day": 19.2, "centroid_lon": 140.285249, "centroid_lat": -6.611961, "estate": "MPAP"}, "geometry": {"type": "Polygon", "coordinates": [[[140.284111, -6.611774], [140.2847, -6.610993], [140.285642, -6.610945], [140.286482, -6.611754], [140.285803, -6.612609], [140.285289, -6.613297], [140.285049, -6.61329], [140.284111, -6.611774]]]}}, {"type": "Feature", "properties": {"division_code": 1, "block_code": 46, "block_label": "1-46", "planted_ha": 3.85, "palms": 534, "planted_year": 2012, "abw_kg": 21.8, "rotation_target_days": 10, "gang_code": "", "road_condition": "good", "bunches_per_day": 17.6, "centroid_lon": 140.286594, "centroid_lat": -6.61298, "estate": "MPAP"}, "geometry": {"type": "Polygon", "coordinates": [[[140.285324, -6.61331], [140.285966, -6.612457], [140.286515, -6.61177], [140.286717, -6.611774], [140.287688, -6.612774], [140.287822, -6.612937], [140.286835, -6.614004], [140.286492, -6.614055], [140.285324, -6.61331]]]}}, {"type": "Feature", "properties": {"division_code": 1, "block_code": 47, "block_label": "1-47", "planted_ha": 3.36, "palms": 460, "planted_year": 2011, "abw_kg": 21.8, "rotation_target_days": 10, "gang_code": "", "road_condition": "poor", "bunches_per_day": 15.8, "centroid_lon": 140.287874, "centroid_lat": -6.611642, "estate": "MPAP"}, "geometry": {"type": "Polygon", "coordinates": [[[140.287973, -6.610465], [140.288314, -6.61044], [140.288814, -6.611832], [140.287841, -6.612884], [140.28675, -6.611756], [140.287973, -6.610465]]]}}, {"type": "Feature", "properties": {"division_code": 1, "block_code": 48, "block_label": "1-48", "planted_ha": 4.08, "palms": 536, "planted_year": 2011, "abw_kg": 21.5, "rotation_target_days": 10, "gang_code": "", "road_condition": "fair", "bunches_per_day": 21.6, "centroid_lon": 140.289236, "centroid_lat": -6.612951, "estate": "MPAP"}, "geometry": {"type": "Polygon", "coordinates": [[[140.2886, -6.61346], [140.287859, -6.612936], [140.28884, -6.611856], [140.289863, -6.61212], [140.290394, -6.613502], [140.289939, -6.613931], [140.289342, -6.614024], [140.2886, -6.61346]]]}}, {"type": "Feature", "properties": {"division_code": 1, "block_code": 49, "block_label": "1-49", "planted_ha": 3.71, "palms": 506, "planted_year": 2012, "abw_kg": 22.6, "rotation_target_days": 10, "gang_code": "", "road_condition": "good", "bunches_per_day": 17.4, "centroid_lon": 140.29084, "centroid_lat": -6.612176, "estate": "MPAP"}, "geometry": {"type": "Polygon", "coordinates": [[[140.290428, -6.613489], [140.289897, -6.612108], [140.290767, -6.610891], [140.290918, -6.610891], [140.291869, -6.611677], [140.291892, -6.611742], [140.290891, -6.61351], [140.290428, -6.613489]]]}}, {"type": "Feature", "properties": {"division_code": 1, "block_code": 50, "block_label": "1-50", "planted_ha": 4.09, "palms": 560, "planted_year": 2014, "abw_kg": 22.1, "rotation_target_days": 10, "gang_code": "", "road_condition": "good", "bunches_per_day": 20.6, "centroid_lon": 140.293258, "centroid_lat": -6.611705, "estate": "MPAP"}, "geometry": {"type": "Polygon", "coordinates": [[[140.292271, -6.612049], [140.291928, -6.611733], [140.291906, -6.611672], [140.293374, -6.610437], [140.293954, -6.611118], [140.294535, -6.611752], [140.294507, -6.611852], [140.293301, -6.612927], [140.292271, -6.612049]]]}}, {"type": "Feature", "properties": {"division_code": 1, "block_code": 51, "block_label": "1-51", "planted_ha": 4.12, "palms": 539, "planted_year": 2014, "abw_kg": 22.6, "rotation_target_days": 10, "gang_code": "", "road_condition": "good", "bunches_per_day": 21.3, "centroid_lon": 140.295824, "centroid_lat": -6.612079, "estate": "MPAP"}, "geometry": {"type": "Polygon", "coordinates": [[[140.295692, -6.613275], [140.294543, -6.611858], [140.29457, -6.611758], [140.295999, -6.610834], [140.297008, -6.612081], [140.296261, -6.613166], [140.295692, -6.613275]]]}}, {"type": "Feature", "properties": {"division_code": 1, "block_code": 52, "block_label": "1-52", "planted_ha": 1.61, "palms": 223, "planted_year": 2015, "abw_kg": 21.4, "rotation_target_days": 10, "gang_code": "", "road_condition": "fair", "bunches_per_day": 8.2, "centroid_lon": 140.298537, "centroid_lat": -6.612017, "estate": "MPAP"}, "geometry": {"type": "Polygon", "coordinates": [[[140.29797, -6.612167], [140.298618, -6.610714], [140.298786, -6.610711], [140.298864, -6.612564], [140.298864, -6.613236], [140.298699, -6.613227], [140.29797, -6.612167]]]}}, {"type": "Feature", "properties": {"division_code": 1, "block_code": 53, "block_label": "1-53", "planted_ha": 1.93, "palms": 261, "planted_year": 2010, "abw_kg": 22.5, "rotation_target_days": 10, "gang_code": "", "road_condition": "good", "bunches_per_day": 9.2, "centroid_lon": 140.273776, "centroid_lat": -6.613437, "estate": "MPAP"}, "geometry": {"type": "Polygon", "coordinates": [[[140.273352, -6.613371], [140.273316, -6.612342], [140.274342, -6.61295], [140.274445, -6.613364], [140.273822, -6.614451], [140.273366, -6.614444], [140.273352, -6.613371]]]}}, {"type": "Feature", "properties": {"division_code": 1, "block_code": 54, "block_label": "1-54", "planted_ha": 4.2, "palms": 580, "planted_year": 2010, "abw_kg": 21.7, "rotation_target_days": 10, "gang_code": "", "road_condition": "fair", "bunches_per_day": 20.0, "centroid_lon": 140.275664, "centroid_lat": -6.613148, "estate": "MPAP"}, "geometry": {"type": "Polygon", "coordinates": [[[140.27448, -6.613355], [140.274378, -6.612946], [140.27586, -6.611774], [140.276848, -6.613598], [140.276071, -6.61439], [140.27448, -6.613355]]]}}, {"type": "Feature", "properties": {"division_code": 1, "block_code": 55, "block_label": "1-55", "planted_ha": 3.75, "palms": 491, "planted_year": 2010, "abw_kg": 22.5, "rotation_target_days": 10, "gang_code": "", "road_condition": "poor", "bunches_per_day": 18.2, "centroid_lon": 140.278476, "centroid_lat": -6.613373, "estate": "MPAP"}, "geometry": {"type": "Polygon", "coordinates": [[[140.27727, -6.613596], [140.277905, -6.612856], [140.278577, -6.612123], [140.279491, -6.612632], [140.278817, -6.614608], [140.278417, -6.61457], [140.27727, -6.613596]]]}}, {"type": "Feature", "properties": {"division_code": 1, "block_code": 56, "block_label": "1-56", "planted_ha": 4.2, "palms": 556, "planted_year": 2011, "abw_kg": 21.7, "rotation_target_days": 10, "gang_code": "", "road_condition": "fair", "bunches_per_day": 20.4, "centroid_lon": 140.279894, "centroid_lat": -6.614035, "estate": "MPAP"}, "geometry": {"type": "Polygon", "coordinates": [[[140.278851, -6.61462], [140.279526, -6.612642], [140.280063, -6.612653], [140.281084, -6.614579], [140.27972, -6.615258], [140.278851, -6.61462]]]}}, {"type": "Feature", "properties": {"division_code": 1, "block_code": 57, "block_label": "1-57", "planted_ha": 4.36, "palms": 582, "planted_year": 2011, "abw_kg": 22.1, "rotation_target_days": 10, "gang_code": "", "road_condition": "good", "bunches_per_day": 22.2, "centroid_lon": 140.281232, "centroid_lat": -6.613095, "estate": "MPAP"}, "geometry": {"type": "Polygon", "coordinates": [[[140.281166, -6.611717], [140.281444, -6.611724], [140.282323, -6.613366], [140.281325, -6.614607], [140.28112, -6.614571], [140.280097, -6.612639], [140.281166, -6.611717]]]}}, {"type": "Feature", "properties": {"division_code": 1, "block_code": 58, "block_label": "1-58", "planted_ha": 3.63, "palms": 503, "planted_year": 2011, "abw_kg": 21.9, "rotation_target_days": 10, "gang_code": "", "road_condition": "fair", "bunches_per_day": 19.4, "centroid_lon": 140.283947, "centroid_lat": -6.613085, "estate": "MPAP"}, "geometry": {"type": "Polygon", "coordinates": [[[140.283792, -6.611791], [140.284079, -6.611791], [140.285016, -6.613306], [140.284098, -6.614297], [140.283561, -6.613924], [140.282839, -6.613383], [140.283792, -6.611791]]]}}, {"type": "Feature", "properties": {"division_code": 1, "block_code": 59, "block_label": "1-59", "planted_ha": 3.97, "palms": 537, "planted_year": 2013, "abw_kg": 22.3, "rotation_target_days": 10, "gang_code": "", "road_condition": "good", "bunches_per_day": 19.3, "centroid_lon": 140.288101, "centroid_lat": -6.614204, "estate": "MPAP"}, "geometry": {"type": "Polygon", "coordinates": [[[140.287428, -6.614643], [140.286868, -6.614021], [140.287843, -6.612968], [140.288579, -6.613489], [140.289313, -6.614047], [140.288392, -6.615484], [140.288128, -6.61547], [140.287428, -6.614643]]]}}, {"type": "Feature", "properties": {"division_code": 1, "block_code": 60, "block_label": "1-60", "planted_ha": 3.66, "palms": 487, "planted_year": 2013, "abw_kg": 22.4, "rotation_target_days": 10, "gang_code": "", "road_condition": "good", "bunches_per_day": 18.9, "centroid_lon": 140.292092, "centroid_lat": -6.61308, "estate": "MPAP"}, "geometry": {"type": "Polygon", "coordinates": [[[140.291917, -6.611772], [140.292594, -6.612384], [140.293283, -6.612959], [140.293271, -6.613114], [140.292149, -6.614198], [140.290925, -6.613522], [140.291917, -6.611772]]]}}, {"type": "Feature", "properties": {"division_code": 1, "block_code": 61, "block_label": "1-61", "planted_ha": 4.0, "palms": 542, "planted_year": 2013, "abw_kg": 21.8, "rotation_target_days": 10, "gang_code": "", "road_condition": "fair", "bunches_per_day": 20.6, "centroid_lon": 140.294525, "centroid_lat": -6.613204, "estate": "MPAP"}, "geometry": {"type": "Polygon", "coordinates": [[[140.293319, -6.612959], [140.29452, -6.611888], [140.295663, -6.613297], [140.295187, -6.614206], [140.294484, -6.614349], [140.293308, -6.613116], [140.293319, -6.612959]]]}}, {"type": "Feature", "properties": {"division_code": 1, "block_code": 62, "block_label": "1-62", "planted_ha": 3.3, "palms": 444, "planted_year": 2015, "abw_kg": 22.4, "rotation_target_days": 10, "gang_code": "", "road_condition": "fair", "bunches_per_day": 16.9, "centroid_lon": 140.296268, "centroid_lat": -6.614236, "estate": "MPAP"}, "geometry": {"type": "Polygon", "coordinates": [[[140.295221, -6.614219], [140.295696, -6.613311], [140.296266, -6.613201], [140.29747, -6.614367], [140.296265, -6.615395], [140.295221, -6.614219]]]}}, {"type": "Feature", "properties": {"division_code": 1, "block_code": 63, "block_label": "1-63", "planted_ha": 3.93, "palms": 532, "planted_year": 2015, "abw_kg": 21.9, "rotation_target_days": 10, "gang_code": "", "road_condition": "good", "bunches_per_day": 17.7, "centroid_lon": 140.297497, "centroid_lat": -6.61315, "estate": "MPAP"}, "geometry": {"type": "Polygon", "coordinates": [[[140.297039, -6.612099], [140.297939, -6.612186], [140.298666, -6.613243], [140.297734, -6.614329], [140.297504, -6.614349], [140.296295, -6.61318], [140.297039, -6.612099]]]}}, {"type": "Feature", "properties": {"division_code": 1, "block_code": 64, "block_label": "1-64", "planted_ha": 3.43, "palms": 466, "planted_year": 2009, "abw_kg": 21.7, "rotation_target_days": 10, "gang_code": "", "road_condition": "good", "bunches_per_day": 15.7, "centroid_lon": 140.274857, "centroid_lat": -6.614557, "estate": "MPAP"}, "geometry": {"type": "Polygon", "coordinates": [[[140.27447, -6.613392], [140.276054, -6.614422], [140.276003, -6.614763], [140.274495, -6.61573], [140.273852, -6.61447], [140.27447, -6.613392]]]}}, {"type": "Feature", "properties": {"division_code": 1, "block_code": 65, "block_label": "1-65", "planted_ha": 3.92, "palms": 526, "planted_year": 2010, "abw_kg": 22.0, "rotation_target_days": 10, "gang_code": "", "road_condition": "good", "bunches_per_day": 19.4, "centroid_lon": 140.277143, "centroid_lat": -6.614705, "estate": "MPAP"}, "geometry": {"type": "Polygon", "coordinates": [[[140.276704, -6.615695], [140.276039, -6.61477], [140.276091, -6.614421], [140.276878, -6.613619], [140.277238, -6.613617], [140.278385, -6.61459], [140.277555, -6.615721], [140.276704, -6.615695]]]}}, {"type": "Feature", "properties": {"division_code": 1, "block_code": 66, "block_label": "1-66", "planted_ha": 4.53, "palms": 623, "planted_year": 2012, "abw_kg": 21.4, "rotation_target_days": 10, "gang_code": "", "road_condition": "fair", "bunches_per_day": 22.5, "centroid_lon": 140.282698, "centroid_lat": -6.614517, "estate": "MPAP"}, "geometry": {"type": "Polygon", "coordinates": [[[140.281356, -6.614627], [140.282353, -6.613386], [140.282809, -6.613405], [140.28354, -6.613953], [140.284081, -6.61433], [140.284044, -6.614672], [140.28334, -6.615165], [140.282431, -6.61576], [140.281356, -6.614627]]]}}, {"type": "Feature", "properties": {"division_code": 1, "block_code": 67, "block_label": "1-67", "planted_ha": 4.65, "palms": 618, "planted_year": 2013, "abw_kg": 21.7, "rotation_target_days": 10, "gang_code": "", "road_condition": "fair", "bunches_per_day": 23.6, "centroid_lon": 140.285275, "centroid_lat": -6.614582, "estate": "MPAP"}, "geometry": {"type": "Polygon", "coordinates": [[[140.28408, -6.614675], [140.284117, -6.614329], [140.285046, -6.613327], [140.285292, -6.613333], [140.286466, -6.61408], [140.285659, -6.615977], [140.285303, -6.615978], [140.28408, -6.614675]]]}}, {"type": "Feature", "properties": {"division_code": 1, "block_code": 68, "block_label": "1-68", "planted_ha": 4.02, "palms": 533, "planted_year": 2013, "abw_kg": 21.5, "rotation_target_days": 10, "gang_code": "", "road_condition": "good", "bunches_per_day": 19.8, "centroid_lon": 140.291015, "centroid_lat": -6.614632, "estate": "MPAP"}, "geometry": {"type": "Polygon", "coordinates": [[[140.289968, -6.613953], [140.290422, -6.613525], [140.290895, -6.613547], [140.292136, -6.614232], [140.29217, -6.614409], [140.291741, -6.615104], [140.29117, -6.615969], [140.290703, -6.615956], [140.289968, -6.613953]]]}}, {"type": "Feature", "properties": {"division_code": 1, "block_code": 69, "block_label": "1-69", "planted_ha": 3.67, "palms": 496, "planted_year": 2013, "abw_kg": 21.5, "rotation_target_days": 10, "gang_code": "", "road_condition": "fair", "bunches_per_day": 19.3, "centroid_lon": 140.293364, "centroid_lat": -6.614387, "estate": "MPAP"}, "geometry": {"type": "Polygon", "coordinates": [[[140.292205, -6.614403], [140.292172, -6.614226], [140.293289, -6.613148], [140.294456, -6.614373], [140.293968, -6.615434], [140.293417, -6.615453], [140.292205, -6.614403]]]}}, {"type": "Feature", "properties": {"division_code": 1, "block_code": 70, "block_label": "1-70", "planted_ha": 1.87, "palms": 247, "planted_year": 2015, "abw_kg": 22.2, "rotation_target_days": 10, "gang_code": "", "road_condition": "poor", "bunches_per_day": 9.0, "centroid_lon": 140.298482, "centroid_lat": -6.614434, "estate": "MPAP"}, "geometry": {"type": "Polygon", "coordinates": [[[140.297765, -6.614348], [140.298697, -6.613263], [140.298864, -6.613272], [140.298864, -6.615557], [140.298537, -6.615527], [140.297765, -6.614348]]]}}, {"type": "Feature", "properties": {"division_code": 2, "block_code": 1, "block_label": "2-1", "planted_ha": 1.98, "palms": 273, "planted_year": 2010, "abw_kg": 21.7, "rotation_target_days": 10, "gang_code": "", "road_condition": "fair", "bunches_per_day": 10.4, "centroid_lon": 140.273779, "centroid_lat": -6.615539, "estate": "MPAP"}, "geometry": {"type": "Polygon", "coordinates": [[[140.273342, -6.616639], [140.273366, -6.61448], [140.273821, -6.614487], [140.274468, -6.615756], [140.274348, -6.616072], [140.273342, -6.616639]]]}}, {"type": "Feature", "properties": {"division_code": 2, "block_code": 2, "block_label": "2-2", "planted_ha": 3.34, "palms": 443, "planted_year": 2010, "abw_kg": 21.5, "rotation_target_days": 10, "gang_code": "", "road_condition": "fair", "bunches_per_day": 16.4, "centroid_lon": 140.278604, "centroid_lat": -6.615659, "estate": "MPAP"}, "geometry": {"type": "Polygon", "coordinates": [[[140.278188, -6.616734], [140.277586, -6.61574], [140.278418, -6.614607], [140.278823, -6.614645], [140.2797, -6.615289], [140.279698, -6.615346], [140.27874, -6.616724], [140.278188, -6.616734]]]}}, {"type": "Feature", "properties": {"division_code": 2, "block_code": 3, "block_label": "2-3", "planted_ha": 4.4, "palms": 606, "planted_year": 2014, "abw_kg": 21.4, "rotation_target_days": 10, "gang_code": "", "road_condition": "good", "bunches_per_day": 20.3, "centroid_lon": 140.286812, "centroid_lat": -6.615448, "estate": "MPAP"}, "geometry": {"type": "Polygon", "coordinates": [[[140.286501, -6.61409], [140.286837, -6.61404], [140.2874, -6.614667], [140.288094, -6.615485], [140.286654, -6.616812], [140.285693, -6.61599], [140.286501, -6.61409]]]}}, {"type": "Feature", "properties": {"division_code": 2, "block_code": 4, "block_label": "2-4", "planted_ha": 4.26, "palms": 579, "planted_year": 2013, "abw_kg": 22.4, "rotation_target_days": 10, "gang_code": "", "road_condition": "good", "bunches_per_day": 18.8, "centroid_lon": 140.28959, "centroid_lat": -6.615342, "estate": "MPAP"}, "geometry": {"type": "Polygon", "coordinates": [[[140.288425, -6.6155], [140.289348, -6.61406], [140.289935, -6.613968], [140.290668, -6.615966], [140.289553, -6.616659], [140.288425, -6.6155]]]}}, {"type": "Feature", "properties": {"division_code": 2, "block_code": 5, "block_label": "2-5", "planted_ha": 3.26, "palms": 443, "planted_year": 2013, "abw_kg": 22.1, "rotation_target_days": 10, "gang_code": "", "road_condition": "fair", "bunches_per_day": 16.2, "centroid_lon": 140.292273, "centroid_lat": -6.61568, "estate": "MPAP"}, "geometry": {"type": "Polygon", "coordinates": [[[140.291204, -6.615983], [140.291772, -6.615123], [140.292193, -6.61444], [140.293386, -6.615474], [140.292298, -6.61683], [140.292189, -6.616828], [140.291204, -6.615983]]]}}, {"type": "Feature", "properties": {"division_code": 2, "block_code": 6, "block_label": "2-6", "planted_ha": 4.02, "palms": 546, "planted_year": 2014, "abw_kg": 21.8, "rotation_target_days": 10, "gang_code": "", "road_condition": "good", "bunches_per_day": 21.6, "centroid_lon": 140.295069, "centroid_lat": -6.615423, "estate": "MPAP"}, "geometry": {"type": "Polygon", "coordinates": [[[140.294001, -6.615449], [140.29449, -6.614385], [140.295193, -6.614241], [140.296245, -6.615426], [140.296233, -6.615555], [140.294985, -6.616809], [140.294001, -6.615449]]]}}, {"type": "Feature", "properties": {"division_code": 2, "block_code": 7, "block_label": "2-7", "planted_ha": 3.36, "palms": 442, "planted_year": 2015, "abw_kg": 21.8, "rotation_target_days": 10, "gang_code": "", "road_condition": "fair", "bunches_per_day": 17.6, "centroid_lon": 140.297437, "centroid_lat": -6.615479, "estate": "MPAP"}, "geometry": {"type": "Polygon", "coordinates": [[[140.297505, -6.614385], [140.297734, -6.614365], [140.298504, -6.615542], [140.297539, -6.616652], [140.29627, -6.615556], [140.296281, -6.615429], [140.297505, -6.614385]]]}}, {"type": "Feature", "properties": {"division_code": 2, "block_code": 8, "block_label": "2-8", "planted_ha": 3.76, "palms": 515, "planted_year": 2010, "abw_kg": 21.6, "rotation_target_days": 10, "gang_code": "", "road_condition": "fair", "bunches_per_day": 16.7, "centroid_lon": 140.275634, "centroid_lat": -6.616006, "estate": "MPAP"}, "geometry": {"type": "Polygon", "coordinates": [[[140.274384, -6.616079], [140.274503, -6.615767], [140.276015, -6.614799], [140.276674, -6.615716], [140.276015, -6.617189], [140.2758, -6.617239], [140.274384, -6.616079]]]}}, {"type": "Feature", "properties": {"division_code": 2, "block_code": 9, "block_label": "2-9", "planted_ha": 3.37, "palms": 463, "planted_year": 2010, "abw_kg": 22.5, "rotation_target_days": 10, "gang_code": "", "road_condition": "fair", "bunches_per_day": 17.3, "centroid_lon": 140.277113, "centroid_lat": -6.61673, "estate": "MPAP"}, "geometry": {"type": "Polygon", "coordinates": [[[140.276707, -6.615731], [140.277554, -6.615757], [140.278156, -6.616751], [140.277285, -6.617839], [140.276051, -6.617196], [140.276707, -6.615731]]]}}, {"type": "Feature", "properties": {"division_code": 2, "block_code": 10, "block_label": "2-10", "planted_ha": 3.03, "palms": 398, "planted_year": 2012, "abw_kg": 21.6, "rotation_target_days": 10, "gang_code": "", "road_condition": "fair", "bunches_per_day": 14.3, "centroid_lon": 140.279715, "centroid_lat": -6.616778, "estate": "MPAP"}, "geometry": {"type": "Polygon", "coordinates": [[[140.278772, -6.616741], [140.279714, -6.615386], [140.280605, -6.616976], [140.279834, -6.618101], [140.278772, -6.616741]]]}}, {"type": "Feature", "properties": {"division_code": 2, "block_code": 11, "block_label": "2-11", "planted_ha": 4.84, "palms": 646, "planted_year": 2013, "abw_kg": 22.5, "rotation_target_days": 10, "gang_code": "", "road_condition": "good", "bunches_per_day": 23.4, "centroid_lon": 140.281085, "centroid_lat": -6.615813, "estate": "MPAP"}, "geometry": {"type": "Polygon", "coordinates": [[[140.279734, -6.615348], [140.279736, -6.615291], [140.281111, -6.614606], [140.281323, -6.614644], [140.282411, -6.615791], [140.282413, -6.615873], [140.281616, -6.616918], [140.280637, -6.616958], [140.279734, -6.615348]]]}}, {"type": "Feature", "properties": {"division_code": 2, "block_code": 12, "block_label": "2-12", "planted_ha": 4.31, "palms": 573, "planted_year": 2013, "abw_kg": 22.4, "rotation_target_days": 10, "gang_code": "", "road_condition": "fair", "bunches_per_day": 23.1, "centroid_lon": 140.283894, "centroid_lat": -6.615928, "estate": "MPAP"}, "geometry": {"type": "Polygon", "coordinates": [[[140.282447, -6.615793], [140.283361, -6.615195], [140.284059, -6.614706], [140.28527, -6.615995], [140.283949, -6.617168], [140.28245, -6.615871], [140.282447, -6.615793]]]}}, {"type": "Feature", "properties": {"division_code": 2, "block_code": 13, "block_label": "2-13", "planted_ha": 4.97, "palms": 670, "planted_year": 2014, "abw_kg": 21.5, "rotation_target_days": 10, "gang_code": "", "road_condition": "poor", "bunches_per_day": 26.8, "centroid_lon": 140.288154, "centroid_lat": -6.616776, "estate": "MPAP"}, "geometry": {"type": "Polygon", "coordinates": [[[140.286716, -6.617053], [140.286674, -6.616843], [140.288126, -6.615506], [140.288394, -6.61552], [140.289532, -6.616688], [140.289489, -6.616966], [140.288241, -6.618041], [140.286716, -6.617053]]]}}, {"type": "Feature", "properties": {"division_code": 2, "block_code": 14, "block_label": "2-14", "planted_ha": 4.24, "palms": 564, "planted_year": 2015, "abw_kg": 22.2, "rotation_target_days": 10, "gang_code": "", "road_condition": "poor", "bunches_per_day": 19.4, "centroid_lon": 140.293677, "centroid_lat": -6.616625, "estate": "MPAP"}, "geometry": {"type": "Polygon", "coordinates": [[[140.292333, -6.616844], [140.293419, -6.615489], [140.293971, -6.61547], [140.294964, -6.616842], [140.294952, -6.616982], [140.293587, -6.617761], [140.292333, -6.616844]]]}}, {"type": "Feature", "properties": {"division_code": 2, "block_code": 15, "block_label": "2-15", "planted_ha": 4.27, "palms": 590, "planted_year": 2014, "abw_kg": 22.4, "rotation_target_days": 10, "gang_code": "", "road_condition": "fair", "bunches_per_day": 20.1, "centroid_lon": 140.296257, "centroid_lat": -6.616864, "estate": "MPAP"}, "geometry": {"type": "Polygon", "coordinates": [[[140.295, -6.616845], [140.296251, -6.615588], [140.297523, -6.616686], [140.297533, -6.616987], [140.296061, -6.618124], [140.294988, -6.616986], [140.295, -6.616845]]]}}, {"type": "Feature", "properties": {"division_code": 2, "block_code": 16, "block_label": "2-16", "planted_ha": 2.34, "palms": 313, "planted_year": 2016, "abw_kg": 20.4, "rotation_target_days": 10, "gang_code": "", "road_condition": "good", "bunches_per_day": 11.3, "centroid_lon": 140.298376, "centroid_lat": -6.616701, "estate": "MPAP"}, "geometry": {"type": "Polygon", "coordinates": [[[140.297559, -6.616684], [140.298534, -6.615563], [140.298864, -6.615594], [140.298864, -6.617885], [140.298864, -6.6179], [140.298827, -6.617924], [140.298201, -6.617437], [140.297569, -6.616986], [140.297559, -6.616684]]]}}, {"type": "Feature", "properties": {"division_code": 2, "block_code": 17, "block_label": "2-17", "planted_ha": 4.32, "palms": 569, "planted_year": 2011, "abw_kg": 22.5, "rotation_target_days": 10, "gang_code": "", "road_condition": "poor", "bunches_per_day": 22.8, "centroid_lon": 140.27444, "centroid_lat": -6.617302, "estate": "MPAP"}, "geometry": {"type": "Polygon", "coordinates": [[[140.27333, -6.617403], [140.273341, -6.616681], [140.274361, -6.616107], [140.27577, -6.617261], [140.274831, -6.618454], [140.274336, -6.618467], [140.27333, -6.617403]]]}}, {"type": "Feature", "properties": {"division_code": 2, "block_code": 18, "block_label": "2-18", "planted_ha": 4.5, "palms": 607, "planted_year": 2012, "abw_kg": 22.0, "rotation_target_days": 10, "gang_code": "", "road_condition": "fair", "bunches_per_day": 23.5, "centroid_lon": 140.276091, "centroid_lat": -6.618415, "estate": "MPAP"}, "geometry": {"type": "Polygon", "coordinates": [[[140.275805, -6.617275], [140.276025, -6.617223], [140.277274, -6.617874], [140.277402, -6.618323], [140.276067, -6.619623], [140.275519, -6.619577], [140.274862, -6.618473], [140.275805, -6.617275]]]}}, {"type": "Feature", "properties": {"division_code": 2, "block_code": 19, "block_label": "2-19", "planted_ha": 4.74, "palms": 648, "planted_year": 2011, "abw_kg": 22.1, "rotation_target_days": 10, "gang_code": "", "road_condition": "good", "bunches_per_day": 22.8, "centroid_lon": 140.278585, "centroid_lat": -6.617998, "estate": "MPAP"}, "geometry": {"type": "Polygon", "coordinates": [[[140.277438, -6.618317], [140.277309, -6.617866], [140.278187, -6.61677], [140.278741, -6.61676], [140.279817, -6.618137], [140.279808, -6.618566], [140.278794, -6.619255], [140.277438, -6.618317]]]}}, {"type": "Feature", "properties": {"division_code": 2, "block_code": 20, "block_label": "2-20", "planted_ha": 4.13, "palms": 560, "planted_year": 2012, "abw_kg": 21.6, "rotation_target_days": 10, "gang_code": "", "road_condition": "fair", "bunches_per_day": 22.2, "centroid_lon": 140.281005, "centroid_lat": -6.618031, "estate": "MPAP"}, "geometry": {"type": "Polygon", "coordinates": [[[140.279844, -6.618564], [140.279853, -6.618137], [140.280636, -6.616995], [140.281613, -6.616955], [140.282127, -6.618385], [140.281414, -6.619032], [140.281098, -6.619083], [140.279844, -6.618564]]]}}, {"type": "Feature", "properties": {"division_code": 2, "block_code": 21, "block_label": "2-21", "planted_ha": 4.05, "palms": 532, "planted_year": 2014, "abw_kg": 21.8, "rotation_target_days": 10, "gang_code": "", "road_condition": "good", "bunches_per_day": 21.0, "centroid_lon": 140.282677, "centroid_lat": -6.617248, "estate": "MPAP"}, "geometry": {"type": "Polygon", "coordinates": [[[140.281646, -6.616939], [140.282434, -6.615906], [140.28393, -6.617199], [140.283924, -6.617253], [140.282916, -6.618363], [140.282161, -6.618372], [140.281646, -6.616939]]]}}, {"type": "Feature", "properties": {"division_code": 2, "block_code": 22, "block_label": "2-22", "planted_ha": 4.65, "palms": 629, "planted_year": 2014, "abw_kg": 22.2, "rotation_target_days": 10, "gang_code": "", "road_condition": "fair", "bunches_per_day": 21.4, "centroid_lon": 140.285385, "centroid_lat": -6.617168, "estate": "MPAP"}, "geometry": {"type": "Polygon", "coordinates": [[[140.28396, -6.617254], [140.283966, -6.617201], [140.285303, -6.616014], [140.285665, -6.616014], [140.286638, -6.616846], [140.286681, -6.61706], [140.286042, -6.618032], [140.285016, -6.618297], [140.28396, -6.617254]]]}}, {"type": "Feature", "properties": {"division_code": 2, "block_code": 23, "block_label": "2-23", "planted_ha": 4.27, "palms": 571, "planted_year": 2016, "abw_kg": 20.1, "rotation_target_days": 10, "gang_code": "", "road_condition": "fair", "bunches_per_day": 21.8, "centroid_lon": 140.287092, "centroid_lat": -6.618415, "estate": "MPAP"}, "geometry": {"type": "Polygon", "coordinates": [[[140.286073, -6.618051], [140.286706, -6.617089], [140.288225, -6.618073], [140.288229, -6.618654], [140.287116, -6.619621], [140.286542, -6.619618], [140.286073, -6.618051]]]}}, {"type": "Feature", "properties": {"division_code": 2, "block_code": 24, "block_label": "2-24", "planted_ha": 3.96, "palms": 523, "planted_year": 2015, "abw_kg": 22.5, "rotation_target_days": 10, "gang_code": "", "road_condition": "good", "bunches_per_day": 18.8, "centroid_lon": 140.289343, "centroid_lat": -6.618279, "estate": "MPAP"}, "geometry": {"type": "Polygon", "coordinates": [[[140.288261, -6.618071], [140.289504, -6.617001], [140.290565, -6.618239], [140.289384, -6.619526], [140.288265, -6.618653], [140.288261, -6.618071]]]}}, {"type": "Feature", "properties": {"division_code": 2, "block_code": 25, "block_label": "2-25", "planted_ha": 4.61, "palms": 625, "planted_year": 2014, "abw_kg": 21.9, "rotation_target_days": 10, "gang_code": "", "road_condition": "poor", "bunches_per_day": 23.9, "centroid_lon": 140.290843, "centroid_lat": -6.617084, "estate": "MPAP"}, "geometry": {"type": "Polygon", "coordinates": [[[140.289525, -6.61697], [140.289568, -6.616693], [140.290695, -6.615992], [140.291173, -6.616005], [140.292158, -6.616849], [140.291175, -6.618358], [140.290599, -6.618223], [140.289525, -6.61697]]]}}, {"type": "Feature", "properties": {"division_code": 2, "block_code": 26, "block_label": "2-26", "planted_ha": 4.49, "palms": 613, "planted_year": 2015, "abw_kg": 21.6, "rotation_target_days": 10, "gang_code": "", "road_condition": "poor", "bunches_per_day": 23.6, "centroid_lon": 140.292401, "centroid_lat": -6.618192, "estate": "MPAP"}, "geometry": {"type": "Polygon", "coordinates": [[[140.291205, -6.618379], [140.292191, -6.616864], [140.2923, -6.616866], [140.293566, -6.61779], [140.293396, -6.618731], [140.292211, -6.619351], [140.291818, -6.61933], [140.291205, -6.618379]]]}}, {"type": "Feature", "properties": {"division_code": 2, "block_code": 27, "block_label": "2-27", "planted_ha": 5.25, "palms": 714, "planted_year": 2015, "abw_kg": 21.6, "rotation_target_days": 10, "gang_code": "", "road_condition": "poor", "bunches_per_day": 23.3, "centroid_lon": 140.294707, "centroid_lat": -6.618357, "estate": "MPAP"}, "geometry": {"type": "Polygon", "coordinates": [[[140.293432, -6.618736], [140.293602, -6.617794], [140.294966, -6.617016], [140.296042, -6.618156], [140.296046, -6.618463], [140.294698, -6.619762], [140.293432, -6.618736]]]}}, {"type": "Feature", "properties": {"division_code": 2, "block_code": 28, "block_label": "2-28", "planted_ha": 4.9, "palms": 664, "planted_year": 2016, "abw_kg": 20.1, "rotation_target_days": 10, "gang_code": "", "road_condition": "fair", "bunches_per_day": 23.7, "centroid_lon": 140.297489, "centroid_lat": -6.618281, "estate": "MPAP"}, "geometry": {"type": "Polygon", "coordinates": [[[140.296862, -6.619049], [140.296083, -6.618461], [140.296078, -6.618157], [140.297552, -6.617018], [140.298179, -6.617466], [140.298806, -6.617954], [140.298696, -6.618512], [140.29761, -6.619547], [140.297485, -6.619557], [140.296862, -6.619049]]]}}, {"type": "Feature", "properties": {"division_code": 2, "block_code": 29, "block_label": "2-29", "planted_ha": 1.24, "palms": 170, "planted_year": 2012, "abw_kg": 22.4, "rotation_target_days": 10, "gang_code": "", "road_condition": "good", "bunches_per_day": 5.6, "centroid_lon": 140.273647, "centroid_lat": -6.618485, "estate": "MPAP"}, "geometry": {"type": "Polygon", "coordinates": [[[140.273865, -6.618936], [140.273309, -6.619517], [140.273329, -6.617455], [140.274303, -6.618485], [140.273865, -6.618936]]]}}, {"type": "Feature", "properties": {"division_code": 2, "block_code": 30, "block_label": "2-30", "planted_ha": 3.84, "palms": 505, "planted_year": 2013, "abw_kg": 21.5, "rotation_target_days": 10, "gang_code": "", "road_condition": "poor", "bunches_per_day": 18.1, "centroid_lon": 140.274398, "centroid_lat": -6.619628, "estate": "MPAP"}, "geometry": {"type": "Polygon", "coordinates": [[[140.273309, -6.61957], [140.274336, -6.618503], [140.27483, -6.61849], [140.275487, -6.619593], [140.274588, -6.620864], [140.273304, -6.620029], [140.273309, -6.61957]]]}}, {"type": "Feature", "properties": {"division_code": 2, "block_code": 31, "block_label": "2-31", "planted_ha": 3.96, "palms": 538, "planted_year": 2011, "abw_kg": 21.5, "rotation_target_days": 10, "gang_code": "", "road_condition": "good", "bunches_per_day": 20.3, "centroid_lon": 140.277362, "centroid_lat": -6.619537, "estate": "MPAP"}, "geometry": {"type": "Polygon", "coordinates": [[[140.277424, -6.618351], [140.278774, -6.619286], [140.277151, -6.620725], [140.276923, -6.620703], [140.276098, -6.619643], [140.277424, -6.618351]]]}}, {"type": "Feature", "properties": {"division_code": 2, "block_code": 32, "block_label": "2-32", "planted_ha": 3.94, "palms": 542, "planted_year": 2013, "abw_kg": 22.2, "rotation_target_days": 10, "gang_code": "", "road_condition": "good", "bunches_per_day": 18.2, "centroid_lon": 140.282658, "centroid_lat": -6.619468, "estate": "MPAP"}, "geometry": {"type": "Polygon", "coordinates": [[[140.281446, -6.619052], [140.282155, -6.618408], [140.282914, -6.618399], [140.28384, -6.619894], [140.282968, -6.620651], [140.282526, -6.620589], [140.281446, -6.619052]]]}}, {"type": "Feature", "properties": {"division_code": 2, "block_code": 33, "block_label": "2-33", "planted_ha": 3.75, "palms": 513, "planted_year": 2014, "abw_kg": 22.1, "rotation_target_days": 10, "gang_code": "", "road_condition": "good", "bunches_per_day": 18.8, "centroid_lon": 140.284011, "centroid_lat": -6.618623, "estate": "MPAP"}, "geometry": {"type": "Polygon", "coordinates": [[[140.282947, -6.618383], [140.283942, -6.617287], [140.28499, -6.618322], [140.284403, -6.619889], [140.283873, -6.61988], [140.282947, -6.618383]]]}}, {"type": "Feature", "properties": {"division_code": 2, "block_code": 34, "block_label": "2-34", "planted_ha": 3.77, "palms": 502, "planted_year": 2014, "abw_kg": 21.5, "rotation_target_days": 10, "gang_code": "", "road_condition": "good", "bunches_per_day": 18.4, "centroid_lon": 140.285488, "centroid_lat": -6.619277, "estate": "MPAP"}, "geometry": {"type": "Polygon", "coordinates": [[[140.285024, -6.618332], [140.28604, -6.618069], [140.286507, -6.619628], [140.285253, -6.620459], [140.284437, -6.619901], [140.285024, -6.618332]]]}}, {"type": "Feature", "properties": {"division_code": 2, "block_code": 35, "block_label": "2-35", "planted_ha": 4.33, "palms": 569, "planted_year": 2016, "abw_kg": 20.4, "rotation_target_days": 10, "gang_code": "", "road_condition": "fair", "bunches_per_day": 22.5, "centroid_lon": 140.29065, "centroid_lat": -6.619501, "estate": "MPAP"}, "geometry": {"type": "Polygon", "coordinates": [[[140.289465, -6.6198], [140.289406, -6.619556], [140.290595, -6.618259], [140.291172, -6.618395], [140.291787, -6.619348], [140.290981, -6.620714], [140.290645, -6.620758], [140.289465, -6.6198]]]}}, {"type": "Feature", "properties": {"division_code": 2, "block_code": 36, "block_label": "2-36", "planted_ha": 4.62, "palms": 621, "planted_year": 2015, "abw_kg": 22.2, "rotation_target_days": 10, "gang_code": "", "road_condition": "fair", "bunches_per_day": 23.0, "centroid_lon": 140.296059, "centroid_lat": -6.619772, "estate": "MPAP"}, "geometry": {"type": "Polygon", "coordinates": [[[140.294699, -6.619965], [140.294716, -6.619794], [140.296066, -6.618494], [140.29684, -6.619078], [140.297454, -6.619579], [140.296551, -6.620794], [140.295377, -6.620701], [140.294699, -6.619965]]]}}, {"type": "Feature", "properties": {"division_code": 2, "block_code": 37, "block_label": "2-37", "planted_ha": 1.86, "palms": 251, "planted_year": 2015, "abw_kg": 22.0, "rotation_target_days": 10, "gang_code": "", "road_condition": "fair", "bunches_per_day": 8.5, "centroid_lon": 140.298429, "centroid_lat": -6.61965, "estate": "MPAP"}, "geometry": {"type": "Polygon", "coordinates": [[[140.297642, -6.619566], [140.298712, -6.618546], [140.298857, -6.618691], [140.298837, -6.620665], [140.298536, -6.620693], [140.297642, -6.619566]]]}}, {"type": "Feature", "properties": {"division_code": 2, "block_code": 38, "block_label": "2-38", "planted_ha": 1.93, "palms": 255, "planted_year": 2013, "abw_kg": 21.8, "rotation_target_days": 10, "gang_code": "", "road_condition": "fair", "bunches_per_day": 10.1, "centroid_lon": 140.273763, "centroid_lat": -6.621118, "estate": "MPAP"}, "geometry": {"type": "Polygon", "coordinates": [[[140.274604, -6.621117], [140.273286, -6.622277], [140.273286, -6.621047], [140.273304, -6.620071], [140.274576, -6.620899], [140.274604, -6.621117]]]}}, {"type": "Feature", "properties": {"division_code": 2, "block_code": 39, "block_label": "2-39", "planted_ha": 3.86, "palms": 525, "planted_year": 2013, "abw_kg": 21.6, "rotation_target_days": 10, "gang_code": "", "road_condition": "good", "bunches_per_day": 17.7, "centroid_lon": 140.275711, "centroid_lat": -6.620765, "estate": "MPAP"}, "geometry": {"type": "Polygon", "coordinates": [[[140.274611, -6.620894], [140.275517, -6.619613], [140.276065, -6.619659], [140.276889, -6.620719], [140.275644, -6.62205], [140.274641, -6.621115], [140.274611, -6.620894]]]}}, {"type": "Feature", "properties": {"division_code": 2, "block_code": 40, "block_label": "2-40", "planted_ha": 4.12, "palms": 546, "planted_year": 2011, "abw_kg": 22.2, "rotation_target_days": 10, "gang_code": "", "road_condition": "fair", "bunches_per_day": 21.0, "centroid_lon": 140.278412, "centroid_lat": -6.6208, "estate": "MPAP"}, "geometry": {"type": "Polygon", "coordinates": [[[140.277182, -6.620746], [140.278783, -6.61933], [140.279484, -6.621082], [140.278386, -6.622106], [140.278238, -6.622113], [140.277182, -6.620746]]]}}, {"type": "Feature", "properties": {"division_code": 2, "block_code": 41, "block_label": "2-41", "planted_ha": 4.76, "palms": 650, "planted_year": 2011, "abw_kg": 22.4, "rotation_target_days": 10, "gang_code": "", "road_condition": "good", "bunches_per_day": 21.6, "centroid_lon": 140.279985, "centroid_lat": -6.619862, "estate": "MPAP"}, "geometry": {"type": "Polygon", "coordinates": [[[140.27881, -6.619288], [140.279828, -6.618596], [140.281075, -6.619113], [140.280542, -6.621222], [140.279519, -6.621071], [140.27881, -6.619288]]]}}, {"type": "Feature", "properties": {"division_code": 2, "block_code": 42, "block_label": "2-42", "planted_ha": 3.21, "palms": 429, "planted_year": 2013, "abw_kg": 21.9, "rotation_target_days": 10, "gang_code": "", "road_condition": "good", "bunches_per_day": 14.6, "centroid_lon": 140.281414, "centroid_lat": -6.620408, "estate": "MPAP"}, "geometry": {"type": "Polygon", "coordinates": [[[140.280575, -6.621236], [140.281111, -6.619118], [140.281414, -6.619069], [140.28249, -6.620601], [140.281065, -6.621587], [140.280966, -6.621579], [140.280575, -6.621236]]]}}, {"type": "Feature", "properties": {"division_code": 2, "block_code": 43, "block_label": "2-43", "planted_ha": 4.42, "palms": 595, "planted_year": 2014, "abw_kg": 21.8, "rotation_target_days": 10, "gang_code": "", "road_condition": "good", "bunches_per_day": 21.3, "centroid_lon": 140.284122, "centroid_lat": -6.620999, "estate": "MPAP"}, "geometry": {"type": "Polygon", "coordinates": [[[140.283366, -6.622063], [140.282994, -6.620676], [140.28387, -6.619916], [140.284409, -6.619926], [140.285236, -6.620491], [140.285293, -6.621092], [140.284374, -6.622072], [140.283366, -6.622063]]]}}, {"type": "Feature", "properties": {"division_code": 2, "block_code": 44, "block_label": "2-44", "planted_ha": 4.71, "palms": 621, "planted_year": 2015, "abw_kg": 21.5, "rotation_target_days": 10, "gang_code": "", "road_condition": "fair", "bunches_per_day": 24.3, "centroid_lon": 140.286547, "centroid_lat": -6.6208, "estate": "MPAP"}, "geometry": {"type": "Polygon", "coordinates": [[[140.285329, -6.621089], [140.285272, -6.62049], [140.286534, -6.619654], [140.287112, -6.619657], [140.287844, -6.621161], [140.286542, -6.622053], [140.285329, -6.621089]]]}}, {"type": "Feature", "properties": {"division_code": 2, "block_code": 45, "block_label": "2-45", "planted_ha": 3.76, "palms": 502, "planted_year": 2015, "abw_kg": 21.4, "rotation_target_days": 10, "gang_code": "", "road_condition": "poor", "bunches_per_day": 16.8, "centroid_lon": 140.288241, "centroid_lat": -6.619873, "estate": "MPAP"}, "geometry": {"type": "Polygon", "coordinates": [[[140.287146, -6.619643], [140.288248, -6.618685], [140.28937, -6.619561], [140.289429, -6.619805], [140.288033, -6.621172], [140.287879, -6.621151], [140.287146, -6.619643]]]}}, {"type": "Feature", "properties": {"division_code": 2, "block_code": 46, "block_label": "2-46", "planted_ha": 4.23, "palms": 573, "planted_year": 2016, "abw_kg": 20.5, "rotation_target_days": 10, "gang_code": "", "road_condition": "good", "bunches_per_day": 19.8, "centroid_lon": 140.289376, "centroid_lat": -6.621116, "estate": "MPAP"}, "geometry": {"type": "Polygon", "coordinates": [[[140.288065, -6.621192], [140.28945, -6.619834], [140.290616, -6.620781], [140.289695, -6.622249], [140.289072, -6.622246], [140.288065, -6.621192]]]}}, {"type": "Feature", "properties": {"division_code": 2, "block_code": 47, "block_label": "2-47", "planted_ha": 3.42, "palms": 464, "planted_year": 2017, "abw_kg": 19.7, "rotation_target_days": 10, "gang_code": "", "road_condition": "good", "bunches_per_day": 18.4, "centroid_lon": 140.292079, "centroid_lat": -6.620547, "estate": "MPAP"}, "geometry": {"type": "Polygon", "coordinates": [[[140.291818, -6.619366], [140.292205, -6.619386], [140.29319, -6.620838], [140.292092, -6.621707], [140.291015, -6.620728], [140.291818, -6.619366]]]}}, {"type": "Feature", "properties": {"division_code": 2, "block_code": 48, "block_label": "2-48", "planted_ha": 3.45, "palms": 466, "planted_year": 2016, "abw_kg": 21.0, "rotation_target_days": 10, "gang_code": "", "road_condition": "fair", "bunches_per_day": 15.8, "centroid_lon": 140.293461, "centroid_lat": -6.619795, "estate": "MPAP"}, "geometry": {"type": "Polygon", "coordinates": [[[140.292241, -6.619376], [140.29341, -6.618765], [140.29468, -6.619794], [140.294663, -6.619962], [140.293602, -6.620815], [140.293224, -6.620823], [140.292241, -6.619376]]]}}, {"type": "Feature", "properties": {"division_code": 2, "block_code": 49, "block_label": "2-49", "planted_ha": 3.67, "palms": 508, "planted_year": 2015, "abw_kg": 22.3, "rotation_target_days": 10, "gang_code": "", "road_condition": "fair", "bunches_per_day": 17.9, "centroid_lon": 140.297534, "centroid_lat": -6.620919, "estate": "MPAP"}, "geometry": {"type": "Polygon", "coordinates": [[[140.296579, -6.620816], [140.297489, -6.619593], [140.29761, -6.619583], [140.298508, -6.620715], [140.298065, -6.621916], [140.296943, -6.62197], [140.296579, -6.620816]]]}}, {"type": "Feature", "properties": {"division_code": 2, "block_code": 50, "block_label": "2-50", "planted_ha": 3.68, "palms": 481, "planted_year": 2014, "abw_kg": 22.5, "rotation_target_days": 10, "gang_code": "", "road_condition": "good", "bunches_per_day": 17.8, "centroid_lon": 140.274493, "centroid_lat": -6.622336, "estate": "MPAP"}, "geometry": {"type": "Polygon", "coordinates": [[[140.274102, -6.623374], [140.273286, -6.622394], [140.273286, -6.622342], [140.274623, -6.621149], [140.275629, -6.622085], [140.275648, -6.622175], [140.274929, -6.623206], [140.274102, -6.623374]]]}}, {"type": "Feature", "properties": {"division_code": 2, "block_code": 51, "block_label": "2-51", "planted_ha": 3.82, "palms": 505, "planted_year": 2013, "abw_kg": 21.7, "rotation_target_days": 10, "gang_code": "", "road_condition": "good", "bunches_per_day": 18.1, "centroid_lon": 140.276969, "centroid_lat": -6.621936, "estate": "MPAP"}, "geometry": {"type": "Polygon", "coordinates": [[[140.275684, -6.622168], [140.275665, -6.622081], [140.27692, -6.620739], [140.277148, -6.620761], [140.278205, -6.622129], [140.277152, -6.623045], [140.275684, -6.622168]]]}}, {"type": "Feature", "properties": {"division_code": 2, "block_code": 52, "block_label": "2-52", "planted_ha": 4.46, "palms": 596, "planted_year": 2013, "abw_kg": 21.8, "rotation_target_days": 10, "gang_code": "", "road_condition": "fair", "bunches_per_day": 22.1, "centroid_lon": 140.279774, "centroid_lat": -6.622175, "estate": "MPAP"}, "geometry": {"type": "Polygon", "coordinates": [[[140.278419, -6.622125], [140.279512, -6.621106], [140.280547, -6.621259], [140.280937, -6.621602], [140.280367, -6.623318], [140.279308, -6.623171], [140.278419, -6.622125]]]}}, {"type": "Feature", "properties": {"division_code": 2, "block_code": 53, "block_label": "2-53", "planted_ha": 3.39, "palms": 463, "planted_year": 2012, "abw_kg": 21.5, "rotation_target_days": 10, "gang_code": "", "road_condition": "fair", "bunches_per_day": 16.5, "centroid_lon": 140.282399, "centroid_lat": -6.621686, "estate": "MPAP"}, "geometry": {"type": "Polygon", "coordinates": [[[140.281968, -6.622326], [140.2811, -6.621607], [140.28252, -6.620624], [140.282959, -6.620686], [140.283333, -6.622076], [140.282668, -6.62286], [140.281968, -6.622326]]]}}, {"type": "Feature", "properties": {"division_code": 2, "block_code": 54, "block_label": "2-54", "planted_ha": 4.0, "palms": 544, "planted_year": 2015, "abw_kg": 22.3, "rotation_target_days": 10, "gang_code": "", "road_condition": "fair", "bunches_per_day": 19.0, "centroid_lon": 140.285402, "centroid_lat": -6.622434, "estate": "MPAP"}, "geometry": {"type": "Polygon", "coordinates": [[[140.284402, -6.622094], [140.285314, -6.621123], [140.286523, -6.622084], [140.286517, -6.622239], [140.28555, -6.623668], [140.284953, -6.623719], [140.284402, -6.622094]]]}}, {"type": "Feature", "properties": {"division_code": 2, "block_code": 55, "block_label": "2-55", "planted_ha": 3.82, "palms": 513, "planted_year": 2016, "abw_kg": 20.4, "rotation_target_days": 10, "gang_code": "", "road_condition": "good", "bunches_per_day": 17.6, "centroid_lon": 140.287828, "centroid_lat": -6.622286, "estate": "MPAP"}, "geometry": {"type": "Polygon", "coordinates": [[[140.286553, -6.622237], [140.286559, -6.622085], [140.287872, -6.621187], [140.288031, -6.621208], [140.289041, -6.622266], [140.288445, -6.623141], [140.287643, -6.62332], [140.286553, -6.622237]]]}}, {"type": "Feature", "properties": {"division_code": 2, "block_code": 56, "block_label": "2-56", "planted_ha": 4.6, "palms": 601, "planted_year": 2017, "abw_kg": 19.3, "rotation_target_days": 10, "gang_code": "", "road_condition": "fair", "bunches_per_day": 24.4, "centroid_lon": 140.290957, "centroid_lat": -6.622063, "estate": "MPAP"}, "geometry": {"type": "Polygon", "coordinates": [[[140.290651, -6.620793], [140.290986, -6.62075], [140.292075, -6.621739], [140.292162, -6.622274], [140.290987, -6.623313], [140.290641, -6.62329], [140.289727, -6.622266], [140.290651, -6.620793]]]}}, {"type": "Feature", "properties": {"division_code": 2, "block_code": 57, "block_label": "2-57", "planted_ha": 3.29, "palms": 431, "planted_year": 2017, "abw_kg": 19.3, "rotation_target_days": 10, "gang_code": "", "road_condition": "fair", "bunches_per_day": 16.0, "centroid_lon": 140.293165, "centroid_lat": -6.621935, "estate": "MPAP"}, "geometry": {"type": "Polygon", "coordinates": [[[140.292197, -6.622269], [140.292111, -6.621738], [140.293222, -6.62086], [140.293596, -6.620851], [140.294116, -6.622332], [140.293471, -6.623037], [140.292197, -6.622269]]]}}, {"type": "Feature", "properties": {"division_code": 2, "block_code": 58, "block_label": "2-58", "planted_ha": 3.07, "palms": 408, "planted_year": 2016, "abw_kg": 20.3, "rotation_target_days": 10, "gang_code": "", "road_condition": "fair", "bunches_per_day": 14.4, "centroid_lon": 140.294518, "centroid_lat": -6.621188, "estate": "MPAP"}, "geometry": {"type": "Polygon", "coordinates": [[[140.294149, -6.622316], [140.29363, -6.620839], [140.294679, -6.619996], [140.295348, -6.620723], [140.294933, -6.622195], [140.294149, -6.622316]]]}}, {"type": "Feature", "properties": {"division_code": 2, "block_code": 59, "block_label": "2-59", "planted_ha": 3.62, "palms": 490, "planted_year": 2016, "abw_kg": 20.6, "rotation_target_days": 10, "gang_code": "", "road_condition": "fair", "bunches_per_day": 17.3, "centroid_lon": 140.295948, "centroid_lat": -6.62178, "estate": "MPAP"}, "geometry": {"type": "Polygon", "coordinates": [[[140.294969, -6.622204], [140.295381, -6.620738], [140.296546, -6.62083], [140.29691, -6.621986], [140.29619, -6.622959], [140.296058, -6.622978], [140.294969, -6.622204]]]}}, {"type": "Feature", "properties": {"division_code": 2, "block_code": 60, "block_label": "2-60", "planted_ha": 1.03, "palms": 135, "planted_year": 2016, "abw_kg": 21.0, "rotation_target_days": 10, "gang_code": "", "road_condition": "good", "bunches_per_day": 4.9, "centroid_lon": 140.29856, "centroid_lat": -6.621615, "estate": "MPAP"}, "geometry": {"type": "Polygon", "coordinates": [[[140.298099, -6.621929], [140.298541, -6.620729], [140.298837, -6.620702], [140.298795, -6.622592], [140.298099, -6.621929]]]}}, {"type": "Feature", "properties": {"division_code": 2, "block_code": 61, "block_label": "2-61", "planted_ha": 1.28, "palms": 177, "planted_year": 2014, "abw_kg": 22.5, "rotation_target_days": 10, "gang_code": "", "road_condition": "poor", "bunches_per_day": 6.1, "centroid_lon": 140.273552, "centroid_lat": -6.623647, "estate": "MPAP"}, "geometry": {"type": "Polygon", "coordinates": [[[140.274074, -6.623397], [140.273412, -6.624874], [140.273286, -6.624882], [140.273286, -6.622452], [140.274074, -6.623397]]]}}, {"type": "Feature", "properties": {"division_code": 2, "block_code": 62, "block_label": "2-62", "planted_ha": 3.48, "palms": 455, "planted_year": 2014, "abw_kg": 21.8, "rotation_target_days": 10, "gang_code": "", "road_condition": "good", "bunches_per_day": 15.4, "centroid_lon": 140.276012, "centroid_lat": -6.62334, "estate": "MPAP"}, "geometry": {"type": "Polygon", "coordinates": [[[140.274961, -6.623224], [140.275673, -6.622203], [140.277136, -6.623077], [140.277128, -6.623444], [140.275808, -6.62459], [140.274961, -6.623224]]]}}, {"type": "Feature", "properties": {"division_code": 2, "block_code": 63, "block_label": "2-63", "planted_ha": 4.16, "palms": 558, "planted_year": 2013, "abw_kg": 21.7, "rotation_target_days": 10, "gang_code": "", "road_condition": "good", "bunches_per_day": 19.7, "centroid_lon": 140.278253, "centroid_lat": -6.623452, "estate": "MPAP"}, "geometry": {"type": "Polygon", "coordinates": [[[140.277172, -6.623076], [140.278236, -6.62215], [140.278386, -6.622142], [140.279277, -6.623192], [140.278661, -6.624843], [140.278289, -6.6248], [140.277164, -6.623445], [140.277172, -6.623076]]]}}, {"type": "Feature", "properties": {"division_code": 2, "block_code": 64, "block_label": "2-64", "planted_ha": 3.92, "palms": 542, "planted_year": 2013, "abw_kg": 22.6, "rotation_target_days": 10, "gang_code": "", "road_condition": "fair", "bunches_per_day": 19.1, "centroid_lon": 140.281398, "centroid_lat": -6.622978, "estate": "MPAP"}, "geometry": {"type": "Polygon", "coordinates": [[[140.2804, -6.623334], [140.280971, -6.621616], [140.281063, -6.621623], [140.281945, -6.622354], [140.282652, -6.622894], [140.282647, -6.623113], [140.281099, -6.624261], [140.2804, -6.623334]]]}}, {"type": "Feature", "properties": {"division_code": 2, "block_code": 65, "block_label": "2-65", "planted_ha": 3.85, "palms": 530, "planted_year": 2013, "abw_kg": 21.9, "rotation_target_days": 10, "gang_code": "", "road_condition": "poor", "bunches_per_day": 17.3, "centroid_lon": 140.283847, "centroid_lat": -6.623099, "estate": "MPAP"}, "geometry": {"type": "Polygon", "coordinates": [[[140.282683, -6.623114], [140.282688, -6.622892], [140.283361, -6.622099], [140.284369, -6.622108], [140.284919, -6.623732], [140.284446, -6.624101], [140.283841, -6.624167], [140.282683, -6.623114]]]}}, {"type": "Feature", "properties": {"division_code": 2, "block_code": 66, "block_label": "2-66", "planted_ha": 3.54, "palms": 464, "planted_year": 2015, "abw_kg": 22.2, "rotation_target_days": 10, "gang_code": "", "road_condition": "good", "bunches_per_day": 15.7, "centroid_lon": 140.28667, "centroid_lat": -6.6236, "estate": "MPAP"}, "geometry": {"type": "Polygon", "coordinates": [[[140.285583, -6.623683], [140.286538, -6.622272], [140.287617, -6.623344], [140.287232, -6.624683], [140.286575, -6.624678], [140.285583, -6.623683]]]}}, {"type": "Feature", "properties": {"division_code": 2, "block_code": 67, "block_label": "2-67", "planted_ha": 3.68, "palms": 491, "planted_year": 2017, "abw_kg": 19.6, "rotation_target_days": 10, "gang_code": "", "road_condition": "good", "bunches_per_day": 18.4, "centroid_lon": 140.289486, "centroid_lat": -6.623365, "estate": "MPAP"}, "geometry": {"type": "Polygon", "coordinates": [[[140.289074, -6.622282], [140.289696, -6.622285], [140.290609, -6.623308], [140.289556, -6.62463], [140.289235, -6.624618], [140.288477, -6.623158], [140.289074, -6.622282]]]}}, {"type": "Feature", "properties": {"division_code": 2, "block_code": 68, "block_label": "2-68", "planted_ha": 4.18, "palms": 573, "planted_year": 2017, "abw_kg": 19.6, "rotation_target_days": 10, "gang_code": "", "road_condition": "good", "bunches_per_day": 20.3, "centroid_lon": 140.292348, "centroid_lat": -6.623453, "estate": "MPAP"}, "geometry": {"type": "Polygon", "coordinates": [[[140.291018, -6.623334], [140.292183, -6.622303], [140.293458, -6.623072], [140.293554, -6.623743], [140.292724, -6.624424], [140.291861, -6.624404], [140.291018, -6.623334]]]}}, {"type": "Feature", "properties": {"division_code": 2, "block_code": 69, "block_label": "2-69", "planted_ha": 4.4, "palms": 606, "planted_year": 2017, "abw_kg": 18.7, "rotation_target_days": 10, "gang_code": "", "road_condition": "fair", "bunches_per_day": 21.1, "centroid_lon": 140.294669, "centroid_lat": -6.623285, "estate": "MPAP"}, "geometry": {"type": "Polygon", "coordinates": [[[140.29359, -6.62374], [140.293493, -6.623067], [140.294146, -6.622353], [140.294943, -6.62223], [140.296027, -6.623001], [140.294988, -6.6244], [140.294584, -6.624449], [140.29359, -6.62374]]]}}, {"type": "Feature", "properties": {"division_code": 2, "block_code": 70, "block_label": "2-70", "planted_ha": 3.95, "palms": 523, "planted_year": 2016, "abw_kg": 20.9, "rotation_target_days": 10, "gang_code": "", "road_condition": "good", "bunches_per_day": 18.1, "centroid_lon": 140.297492, "centroid_lat": -6.62286, "estate": "MPAP"}, "geometry": {"type": "Polygon", "coordinates": [[[140.296223, -6.622974], [140.29694, -6.622007], [140.298071, -6.621952], [140.298791, -6.622638], [140.298785, -6.622759], [140.297366, -6.624087], [140.296223, -6.622974]]]}}, {"type": "Feature", "properties": {"division_code": 3, "block_code": 1, "block_label": "3-1", "planted_ha": 3.77, "palms": 515, "planted_year": 2014, "abw_kg": 22.0, "rotation_target_days": 10, "gang_code": "", "road_condition": "good", "bunches_per_day": 16.8, "centroid_lon": 140.274574, "centroid_lat": -6.62437, "estate": "MPAP"}, "geometry": {"type": "Polygon", "coordinates": [[[140.274107, -6.62341], [140.27493, -6.623243], [140.275784, -6.62462], [140.275774, -6.624657], [140.274329, -6.625456], [140.273447, -6.624884], [140.274107, -6.62341]]]}}, {"type": "Feature", "properties": {"division_code": 3, "block_code": 2, "block_label": "3-2", "planted_ha": 3.77, "palms": 518, "planted_year": 2013, "abw_kg": 22.5, "rotation_target_days": 10, "gang_code": "", "road_condition": "good", "bunches_per_day": 17.6, "centroid_lon": 140.277045, "centroid_lat": -6.624717, "estate": "MPAP"}, "geometry": {"type": "Polygon", "coordinates": [[[140.275809, -6.624665], [140.27582, -6.624628], [140.277144, -6.623478], [140.278256, -6.624817], [140.277406, -6.625694], [140.276704, -6.625708], [140.275809, -6.624665]]]}}, {"type": "Feature", "properties": {"division_code": 3, "block_code": 3, "block_label": "3-3", "planted_ha": 4.5, "palms": 618, "planted_year": 2013, "abw_kg": 21.8, "rotation_target_days": 10, "gang_code": "", "road_condition": "fair", "bunches_per_day": 21.4, "centroid_lon": 140.279869, "centroid_lat": -6.624367, "estate": "MPAP"}, "geometry": {"type": "Polygon", "coordinates": [[[140.27931, -6.623208], [140.280369, -6.623355], [140.281077, -6.624292], [140.28107, -6.624704], [140.279663, -6.625598], [140.278695, -6.624856], [140.27931, -6.623208]]]}}, {"type": "Feature", "properties": {"division_code": 3, "block_code": 4, "block_label": "3-4", "planted_ha": 4.83, "palms": 666, "planted_year": 2012, "abw_kg": 22.2, "rotation_target_days": 10, "gang_code": "", "road_condition": "fair", "bunches_per_day": 24.1, "centroid_lon": 140.282438, "centroid_lat": -6.624458, "estate": "MPAP"}, "geometry": {"type": "Polygon", "coordinates": [[[140.281113, -6.624295], [140.282663, -6.623146], [140.283811, -6.624189], [140.282558, -6.625856], [140.281106, -6.624706], [140.281113, -6.624295]]]}}, {"type": "Feature", "properties": {"division_code": 3, "block_code": 5, "block_label": "3-5", "planted_ha": 3.81, "palms": 524, "planted_year": 2013, "abw_kg": 21.8, "rotation_target_days": 10, "gang_code": "", "road_condition": "fair", "bunches_per_day": 17.1, "centroid_lon": 140.285461, "centroid_lat": -6.624822, "estate": "MPAP"}, "geometry": {"type": "Polygon", "coordinates": [[[140.284474, -6.624125], [140.284947, -6.623756], [140.285553, -6.623704], [140.286545, -6.6247], [140.285851, -6.625978], [140.285064, -6.626001], [140.284474, -6.624125]]]}}, {"type": "Feature", "properties": {"division_code": 3, "block_code": 6, "block_label": "3-6", "planted_ha": 3.11, "palms": 409, "planted_year": 2016, "abw_kg": 21.1, "rotation_target_days": 10, "gang_code": "", "road_condition": "poor", "bunches_per_day": 15.9, "centroid_lon": 140.288173, "centroid_lat": -6.624255, "estate": "MPAP"}, "geometry": {"type": "Polygon", "coordinates": [[[140.287267, -6.624694], [140.287652, -6.623355], [140.288446, -6.623177], [140.2892, -6.624629], [140.288068, -6.625304], [140.287267, -6.624694]]]}}, {"type": "Feature", "properties": {"division_code": 3, "block_code": 7, "block_label": "3-7", "planted_ha": 4.02, "palms": 541, "planted_year": 2016, "abw_kg": 20.4, "rotation_target_days": 10, "gang_code": "", "road_condition": "good", "bunches_per_day": 18.5, "centroid_lon": 140.290757, "centroid_lat": -6.624586, "estate": "MPAP"}, "geometry": {"type": "Polygon", "coordinates": [[[140.289588, -6.624648], [140.290641, -6.623326], [140.290984, -6.623349], [140.291831, -6.624423], [140.291089, -6.625828], [140.290517, -6.625717], [140.289588, -6.624648]]]}}, {"type": "Feature", "properties": {"division_code": 3, "block_code": 8, "block_label": "3-8", "planted_ha": 3.4, "palms": 470, "planted_year": 2017, "abw_kg": 19.3, "rotation_target_days": 10, "gang_code": "", "road_condition": "poor", "bunches_per_day": 17.5, "centroid_lon": 140.293645, "centroid_lat": -6.624955, "estate": "MPAP"}, "geometry": {"type": "Polygon", "coordinates": [[[140.29319, -6.626065], [140.29275, -6.624449], [140.293574, -6.623773], [140.294559, -6.624475], [140.294139, -6.625989], [140.29319, -6.626065]]]}}, {"type": "Feature", "properties": {"division_code": 3, "block_code": 9, "block_label": "3-9", "planted_ha": 4.33, "palms": 589, "planted_year": 2017, "abw_kg": 19.7, "rotation_target_days": 10, "gang_code": "", "road_condition": "fair", "bunches_per_day": 21.0, "centroid_lon": 140.296314, "centroid_lat": -6.624333, "estate": "MPAP"}, "geometry": {"type": "Polygon", "coordinates": [[[140.295022, -6.624415], [140.296063, -6.623014], [140.296193, -6.622995], [140.29735, -6.624121], [140.297455, -6.624855], [140.296397, -6.625573], [140.295022, -6.624415]]]}}, {"type": "Feature", "properties": {"division_code": 3, "block_code": 10, "block_label": "3-10", "planted_ha": 2.75, "palms": 374, "planted_year": 2016, "abw_kg": 20.0, "rotation_target_days": 10, "gang_code": "", "road_condition": "good", "bunches_per_day": 13.1, "centroid_lon": 140.298225, "centroid_lat": -6.624233, "estate": "MPAP"}, "geometry": {"type": "Polygon", "coordinates": [[[140.297386, -6.624119], [140.298791, -6.622803], [140.298785, -6.625073], [140.298467, -6.625322], [140.297491, -6.624851], [140.297386, -6.624119]]]}}, {"type": "Feature", "properties": {"division_code": 3, "block_code": 11, "block_label": "3-11", "planted_ha": 1.92, "palms": 265, "planted_year": 2014, "abw_kg": 21.5, "rotation_target_days": 10, "gang_code": "", "road_condition": "fair", "bunches_per_day": 9.7, "centroid_lon": 140.273692, "centroid_lat": -6.625972, "estate": "MPAP"}, "geometry": {"type": "Polygon", "coordinates": [[[140.274312, -6.625488], [140.274341, -6.625761], [140.27367, -6.627104], [140.273322, -6.62711], [140.273286, -6.626193], [140.273286, -6.624918], [140.273419, -6.62491], [140.274312, -6.625488]]]}}, {"type": "Feature", "properties": {"division_code": 3, "block_code": 12, "block_label": "3-12", "planted_ha": 3.55, "palms": 492, "planted_year": 2013, "abw_kg": 21.8, "rotation_target_days": 10, "gang_code": "", "road_condition": "fair", "bunches_per_day": 17.1, "centroid_lon": 140.275586, "centroid_lat": -6.625789, "estate": "MPAP"}, "geometry": {"type": "Polygon", "coordinates": [[[140.274348, -6.625487], [140.275785, -6.624692], [140.276674, -6.625729], [140.276052, -6.626882], [140.275754, -6.626918], [140.274989, -6.626252], [140.274377, -6.625755], [140.274348, -6.625487]]]}}, {"type": "Feature", "properties": {"division_code": 3, "block_code": 13, "block_label": "3-13", "planted_ha": 4.05, "palms": 532, "planted_year": 2014, "abw_kg": 21.5, "rotation_target_days": 10, "gang_code": "", "road_condition": "good", "bunches_per_day": 19.9, "centroid_lon": 140.278555, "centroid_lat": -6.625979, "estate": "MPAP"}, "geometry": {"type": "Polygon", "coordinates": [[[140.277436, -6.625715], [140.278287, -6.624837], [140.278666, -6.62488], [140.279645, -6.625629], [140.279675, -6.626029], [140.278761, -6.6271], [140.2782, -6.627223], [140.277436, -6.625715]]]}}, {"type": "Feature", "properties": {"division_code": 3, "block_code": 14, "block_label": "3-14", "planted_ha": 5.24, "palms": 688, "planted_year": 2013, "abw_kg": 21.9, "rotation_target_days": 10, "gang_code": "", "road_condition": "fair", "bunches_per_day": 27.4, "centroid_lon": 140.281091, "centroid_lat": -6.626024, "estate": "MPAP"}, "geometry": {"type": "Polygon", "coordinates": [[[140.279711, -6.626027], [140.279681, -6.625629], [140.281086, -6.624737], [140.282545, -6.625892], [140.282575, -6.626008], [140.281352, -6.62733], [140.281015, -6.627315], [140.279711, -6.626027]]]}}, {"type": "Feature", "properties": {"division_code": 3, "block_code": 15, "block_label": "3-15", "planted_ha": 4.91, "palms": 678, "planted_year": 2013, "abw_kg": 21.7, "rotation_target_days": 10, "gang_code": "", "road_condition": "good", "bunches_per_day": 26.5, "centroid_lon": 140.283906, "centroid_lat": -6.625579, "estate": "MPAP"}, "geometry": {"type": "Polygon", "coordinates": [[[140.282611, -6.626002], [140.282581, -6.625886], [140.283845, -6.624203], [140.28444, -6.624138], [140.28503, -6.626014], [140.284106, -6.626847], [140.283732, -6.626826], [140.282611, -6.626002]]]}}, {"type": "Feature", "properties": {"division_code": 3, "block_code": 16, "block_label": "3-16", "planted_ha": 3.97, "palms": 527, "planted_year": 2015, "abw_kg": 21.9, "rotation_target_days": 10, "gang_code": "", "road_condition": "fair", "bunches_per_day": 17.6, "centroid_lon": 140.28703, "centroid_lat": -6.625764, "estate": "MPAP"}, "geometry": {"type": "Polygon", "coordinates": [[[140.285884, -6.625993], [140.286578, -6.624715], [140.28724, -6.624719], [140.28805, -6.625335], [140.288082, -6.626132], [140.28718, -6.626784], [140.286595, -6.626796], [140.285884, -6.625993]]]}}, {"type": "Feature", "properties": {"division_code": 3, "block_code": 17, "block_label": "3-17", "planted_ha": 4.28, "palms": 593, "planted_year": 2015, "abw_kg": 21.8, "rotation_target_days": 10, "gang_code": "", "road_condition": "good", "bunches_per_day": 22.4, "centroid_lon": 140.2892, "centroid_lat": -6.625774, "estate": "MPAP"}, "geometry": {"type": "Polygon", "coordinates": [[[140.288086, -6.625335], [140.289229, -6.624654], [140.289556, -6.624667], [140.290483, -6.625733], [140.289279, -6.627072], [140.288118, -6.626132], [140.288086, -6.625335]]]}}, {"type": "Feature", "properties": {"division_code": 3, "block_code": 18, "block_label": "3-18", "planted_ha": 3.92, "palms": 533, "planted_year": 2017, "abw_kg": 18.6, "rotation_target_days": 10, "gang_code": "", "road_condition": "fair", "bunches_per_day": 18.6, "centroid_lon": 140.292188, "centroid_lat": -6.625613, "estate": "MPAP"}, "geometry": {"type": "Polygon", "coordinates": [[[140.29112, -6.625846], [140.291863, -6.62444], [140.292716, -6.62446], [140.293156, -6.626078], [140.292357, -6.626788], [140.291909, -6.626746], [140.29112, -6.625846]]]}}, {"type": "Feature", "properties": {"division_code": 3, "block_code": 19, "block_label": "3-19", "planted_ha": 3.49, "palms": 462, "planted_year": 2017, "abw_kg": 19.4, "rotation_target_days": 10, "gang_code": "", "road_condition": "good", "bunches_per_day": 16.6, "centroid_lon": 140.295126, "centroid_lat": -6.625583, "estate": "MPAP"}, "geometry": {"type": "Polygon", "coordinates": [[[140.294173, -6.626001], [140.294594, -6.624484], [140.294992, -6.624436], [140.295606, -6.624972], [140.296375, -6.625602], [140.29636, -6.625651], [140.296197, -6.625788], [140.295002, -6.62675], [140.294173, -6.626001]]]}}, {"type": "Feature", "properties": {"division_code": 3, "block_code": 20, "block_label": "3-20", "planted_ha": 4.26, "palms": 589, "planted_year": 2016, "abw_kg": 21.1, "rotation_target_days": 10, "gang_code": "", "road_condition": "fair", "bunches_per_day": 21.5, "centroid_lon": 140.297546, "centroid_lat": -6.626078, "estate": "MPAP"}, "geometry": {"type": "Polygon", "coordinates": [[[140.296395, -6.62566], [140.296411, -6.625607], [140.297477, -6.624884], [140.298454, -6.625356], [140.298603, -6.625804], [140.297977, -6.627294], [140.297179, -6.627297], [140.296395, -6.62566]]]}}, {"type": "Feature", "properties": {"division_code": 3, "block_code": 21, "block_label": "3-21", "planted_ha": 3.23, "palms": 424, "planted_year": 2013, "abw_kg": 22.1, "rotation_target_days": 10, "gang_code": "", "road_condition": "fair", "bunches_per_day": 16.6, "centroid_lon": 140.274633, "centroid_lat": -6.627056, "estate": "MPAP"}, "geometry": {"type": "Polygon", "coordinates": [[[140.274366, -6.625792], [140.274966, -6.62628], [140.275723, -6.626939], [140.274566, -6.628378], [140.273703, -6.62712], [140.274366, -6.625792]]]}}, {"type": "Feature", "properties": {"division_code": 3, "block_code": 22, "block_label": "3-22", "planted_ha": 3.56, "palms": 479, "planted_year": 2013, "abw_kg": 22.1, "rotation_target_days": 10, "gang_code": "", "road_condition": "good", "bunches_per_day": 18.4, "centroid_lon": 140.27715, "centroid_lat": -6.626851, "estate": "MPAP"}, "geometry": {"type": "Polygon", "coordinates": [[[140.276086, -6.626896], [140.276706, -6.625745], [140.277402, -6.62573], [140.278169, -6.627241], [140.277379, -6.628143], [140.276086, -6.626896]]]}}, {"type": "Feature", "properties": {"division_code": 3, "block_code": 23, "block_label": "3-23", "planted_ha": 3.11, "palms": 429, "planted_year": 2013, "abw_kg": 21.8, "rotation_target_days": 10, "gang_code": "", "road_condition": "fair", "bunches_per_day": 14.2, "centroid_lon": 140.279874, "centroid_lat": -6.627236, "estate": "MPAP"}, "geometry": {"type": "Polygon", "coordinates": [[[140.278795, -6.627117], [140.279695, -6.626062], [140.280982, -6.627334], [140.279988, -6.628418], [140.278795, -6.627117]]]}}, {"type": "Feature", "properties": {"division_code": 3, "block_code": 24, "block_label": "3-24", "planted_ha": 4.21, "palms": 576, "planted_year": 2013, "abw_kg": 21.7, "rotation_target_days": 10, "gang_code": "", "road_condition": "good", "bunches_per_day": 22.4, "centroid_lon": 140.282582, "centroid_lat": -6.627342, "estate": "MPAP"}, "geometry": {"type": "Polygon", "coordinates": [[[140.281382, -6.62735], [140.282597, -6.626037], [140.283704, -6.62685], [140.283126, -6.628387], [140.282072, -6.628434], [140.281382, -6.62735]]]}}, {"type": "Feature", "properties": {"division_code": 3, "block_code": 25, "block_label": "3-25", "planted_ha": 3.86, "palms": 529, "planted_year": 2013, "abw_kg": 21.4, "rotation_target_days": 10, "gang_code": "", "road_condition": "poor", "bunches_per_day": 17.4, "centroid_lon": 140.28539, "centroid_lat": -6.626992, "estate": "MPAP"}, "geometry": {"type": "Polygon", "coordinates": [[[140.284138, -6.626867], [140.285058, -6.626037], [140.285854, -6.626014], [140.286564, -6.626815], [140.285604, -6.628189], [140.285242, -6.628144], [140.284138, -6.626867]]]}}, {"type": "Feature", "properties": {"division_code": 3, "block_code": 26, "block_label": "3-26", "planted_ha": 3.38, "palms": 469, "planted_year": 2014, "abw_kg": 22.2, "rotation_target_days": 10, "gang_code": "", "road_condition": "poor", "bunches_per_day": 15.9, "centroid_lon": 140.288206, "centroid_lat": -6.627264, "estate": "MPAP"}, "geometry": {"type": "Polygon", "coordinates": [[[140.2881, -6.626163], [140.289264, -6.627107], [140.289328, -6.627397], [140.288544, -6.62815], [140.28767, -6.628249], [140.287207, -6.626809], [140.2881, -6.626163]]]}}, {"type": "Feature", "properties": {"division_code": 3, "block_code": 27, "block_label": "3-27", "planted_ha": 4.97, "palms": 662, "planted_year": 2016, "abw_kg": 20.4, "rotation_target_days": 10, "gang_code": "", "road_condition": "good", "bunches_per_day": 24.1, "centroid_lon": 140.290617, "centroid_lat": -6.62706, "estate": "MPAP"}, "geometry": {"type": "Polygon", "coordinates": [[[140.289364, -6.627393], [140.2893, -6.627102], [140.290513, -6.625753], [140.291089, -6.625865], [140.291878, -6.626766], [140.290899, -6.628444], [140.290667, -6.628453], [140.289364, -6.627393]]]}}, {"type": "Feature", "properties": {"division_code": 3, "block_code": 28, "block_label": "3-28", "planted_ha": 4.1, "palms": 536, "planted_year": 2017, "abw_kg": 19.3, "rotation_target_days": 10, "gang_code": "", "road_condition": "fair", "bunches_per_day": 21.7, "centroid_lon": 140.293738, "centroid_lat": -6.626961, "estate": "MPAP"}, "geometry": {"type": "Polygon", "coordinates": [[[140.292389, -6.626808], [140.293184, -6.626101], [140.294146, -6.626025], [140.294982, -6.626781], [140.294969, -6.627214], [140.293685, -6.628057], [140.293457, -6.628057], [140.292389, -6.626808]]]}}, {"type": "Feature", "properties": {"division_code": 3, "block_code": 29, "block_label": "3-29", "planted_ha": 3.76, "palms": 508, "planted_year": 2018, "abw_kg": 17.8, "rotation_target_days": 10, "gang_code": "", "road_condition": "fair", "bunches_per_day": 18.6, "centroid_lon": 140.296086, "centroid_lat": -6.62703, "estate": "MPAP"}, "geometry": {"type": "Polygon", "coordinates": [[[140.295005, -6.627216], [140.295019, -6.626782], [140.29637, -6.62569], [140.297146, -6.627312], [140.296187, -6.628287], [140.295005, -6.627216]]]}}, {"type": "Feature", "properties": {"division_code": 3, "block_code": 30, "block_label": "3-30", "planted_ha": 1.49, "palms": 206, "planted_year": 2017, "abw_kg": 19.5, "rotation_target_days": 10, "gang_code": "", "road_condition": "good", "bunches_per_day": 8.0, "centroid_lon": 140.298558, "centroid_lat": -6.627087, "estate": "MPAP"}, "geometry": {"type": "Polygon", "coordinates": [[[140.29801, -6.627309], [140.298631, -6.625832], [140.298813, -6.625952], [140.298864, -6.62702], [140.298864, -6.62824], [140.298729, -6.628229], [140.29801, -6.627309]]]}}, {"type": "Feature", "properties": {"division_code": 3, "block_code": 31, "block_label": "3-31", "planted_ha": 2.12, "palms": 281, "planted_year": 2012, "abw_kg": 22.6, "rotation_target_days": 10, "gang_code": "", "road_condition": "good", "bunches_per_day": 9.9, "centroid_lon": 140.273808, "centroid_lat": -6.628285, "estate": "MPAP"}, "geometry": {"type": "Polygon", "coordinates": [[[140.273324, -6.627146], [140.273673, -6.62714], [140.274547, -6.628415], [140.274555, -6.628635], [140.273686, -6.62933], [140.273409, -6.629344], [140.273324, -6.627146]]]}}, {"type": "Feature", "properties": {"division_code": 3, "block_code": 32, "block_label": "3-32", "planted_ha": 4.85, "palms": 633, "planted_year": 2012, "abw_kg": 21.9, "rotation_target_days": 10, "gang_code": "", "road_condition": "fair", "bunches_per_day": 24.4, "centroid_lon": 140.275971, "centroid_lat": -6.628212, "estate": "MPAP"}, "geometry": {"type": "Polygon", "coordinates": [[[140.274592, -6.628632], [140.274583, -6.628415], [140.275758, -6.626954], [140.276057, -6.626918], [140.277362, -6.628176], [140.277339, -6.628468], [140.275982, -6.629398], [140.274592, -6.628632]]]}}, {"type": "Feature", "properties": {"division_code": 3, "block_code": 33, "block_label": "3-33", "planted_ha": 3.93, "palms": 533, "planted_year": 2013, "abw_kg": 21.5, "rotation_target_days": 10, "gang_code": "", "road_condition": "fair", "bunches_per_day": 17.7, "centroid_lon": 140.278572, "centroid_lat": -6.628232, "estate": "MPAP"}, "geometry": {"type": "Polygon", "coordinates": [[[140.277375, -6.62847], [140.277398, -6.628176], [140.2782, -6.62726], [140.278764, -6.627137], [140.279952, -6.628432], [140.278438, -6.629329], [140.277375, -6.62847]]]}}, {"type": "Feature", "properties": {"division_code": 3, "block_code": 34, "block_label": "3-34", "planted_ha": 3.5, "palms": 462, "planted_year": 2013, "abw_kg": 22.5, "rotation_target_days": 10, "gang_code": "", "road_condition": "fair", "bunches_per_day": 15.4, "centroid_lon": 140.281111, "centroid_lat": -6.62852, "estate": "MPAP"}, "geometry": {"type": "Polygon", "coordinates": [[[140.280018, -6.628439], [140.281015, -6.627351], [140.281349, -6.627366], [140.282042, -6.628455], [140.281725, -6.629514], [140.280822, -6.629533], [140.280018, -6.628439]]]}}, {"type": "Feature", "properties": {"division_code": 3, "block_code": 35, "block_label": "3-35", "planted_ha": 3.5, "palms": 473, "planted_year": 2012, "abw_kg": 22.4, "rotation_target_days": 10, "gang_code": "", "road_condition": "fair", "bunches_per_day": 17.3, "centroid_lon": 140.28408, "centroid_lat": -6.628105, "estate": "MPAP"}, "geometry": {"type": "Polygon", "coordinates": [[[140.283159, -6.628402], [140.283738, -6.626862], [140.284104, -6.626883], [140.285208, -6.62816], [140.283981, -6.629341], [140.28383, -6.629337], [140.283159, -6.628402]]]}}, {"type": "Feature", "properties": {"division_code": 3, "block_code": 36, "block_label": "3-36", "planted_ha": 3.44, "palms": 468, "planted_year": 2013, "abw_kg": 22.1, "rotation_target_days": 10, "gang_code": "", "road_condition": "poor", "bunches_per_day": 17.3, "centroid_lon": 140.286704, "centroid_lat": -6.627976, "estate": "MPAP"}, "geometry": {"type": "Polygon", "coordinates": [[[140.285635, -6.628207], [140.286596, -6.626832], [140.287173, -6.62682], [140.287636, -6.628264], [140.286866, -6.629058], [140.286384, -6.629012], [140.285635, -6.628207]]]}}, {"type": "Feature", "properties": {"division_code": 3, "block_code": 37, "block_label": "3-37", "planted_ha": 3.44, "palms": 464, "planted_year": 2014, "abw_kg": 21.5, "rotation_target_days": 10, "gang_code": "", "road_condition": "fair", "bunches_per_day": 18.1, "centroid_lon": 140.289514, "centroid_lat": -6.628607, "estate": "MPAP"}, "geometry": {"type": "Polygon", "coordinates": [[[140.288573, -6.628173], [140.289349, -6.627427], [140.290637, -6.628475], [140.289961, -6.629514], [140.288999, -6.629663], [140.288573, -6.628173]]]}}, {"type": "Feature", "properties": {"division_code": 3, "block_code": 38, "block_label": "3-38", "planted_ha": 4.67, "palms": 636, "planted_year": 2016, "abw_kg": 20.8, "rotation_target_days": 10, "gang_code": "", "road_condition": "good", "bunches_per_day": 24.5, "centroid_lon": 140.292178, "centroid_lat": -6.628139, "estate": "MPAP"}, "geometry": {"type": "Polygon", "coordinates": [[[140.290933, -6.628458], [140.29191, -6.626783], [140.292354, -6.626824], [140.293426, -6.628076], [140.292395, -6.629469], [140.292141, -6.629456], [140.290933, -6.628458]]]}}, {"type": "Feature", "properties": {"division_code": 3, "block_code": 39, "block_label": "3-39", "planted_ha": 3.88, "palms": 537, "planted_year": 2017, "abw_kg": 18.6, "rotation_target_days": 10, "gang_code": "", "road_condition": "fair", "bunches_per_day": 19.3, "centroid_lon": 140.294985, "centroid_lat": -6.628397, "estate": "MPAP"}, "geometry": {"type": "Polygon", "coordinates": [[[140.294985, -6.627247], [140.296169, -6.62832], [140.296176, -6.628654], [140.294837, -6.629635], [140.293717, -6.62808], [140.294985, -6.627247]]]}}, {"type": "Feature", "properties": {"division_code": 3, "block_code": 40, "block_label": "3-40", "planted_ha": 4.42, "palms": 578, "planted_year": 2017, "abw_kg": 19.6, "rotation_target_days": 10, "gang_code": "", "road_condition": "good", "bunches_per_day": 19.9, "centroid_lon": 140.297428, "centroid_lat": -6.628399, "estate": "MPAP"}, "geometry": {"type": "Polygon", "coordinates": [[[140.296205, -6.628319], [140.297175, -6.627333], [140.297981, -6.62733], [140.298697, -6.628246], [140.298026, -6.629083], [140.297456, -6.629753], [140.296212, -6.628654], [140.296205, -6.628319]]]}}, {"type": "Feature", "properties": {"division_code": 3, "block_code": 41, "block_label": "3-41", "planted_ha": 1.54, "palms": 203, "planted_year": 2011, "abw_kg": 21.6, "rotation_target_days": 10, "gang_code": "", "road_condition": "fair", "bunches_per_day": 8.2, "centroid_lon": 140.273683, "centroid_lat": -6.630583, "estate": "MPAP"}, "geometry": {"type": "Polygon", "coordinates": [[[140.273394, -6.630647], [140.273409, -6.62938], [140.27368, -6.629366], [140.274227, -6.630929], [140.273337, -6.631861], [140.273394, -6.630647]]]}}, {"type": "Feature", "properties": {"division_code": 3, "block_code": 42, "block_label": "3-42", "planted_ha": 4.01, "palms": 531, "planted_year": 2011, "abw_kg": 22.3, "rotation_target_days": 10, "gang_code": "", "road_condition": "good", "bunches_per_day": 20.3, "centroid_lon": 140.274788, "centroid_lat": -6.629824, "estate": "MPAP"}, "geometry": {"type": "Polygon", "coordinates": [[[140.273714, -6.629354], [140.274576, -6.628665], [140.275966, -6.62943], [140.275975, -6.629615], [140.275045, -6.630983], [140.274261, -6.630917], [140.273714, -6.629354]]]}}, {"type": "Feature", "properties": {"division_code": 3, "block_code": 43, "block_label": "3-43", "planted_ha": 4.58, "palms": 629, "planted_year": 2012, "abw_kg": 22.1, "rotation_target_days": 10, "gang_code": "", "road_condition": "good", "bunches_per_day": 23.4, "centroid_lon": 140.277293, "centroid_lat": -6.629742, "estate": "MPAP"}, "geometry": {"type": "Polygon", "coordinates": [[[140.276011, -6.629614], [140.276002, -6.629428], [140.277355, -6.6285], [140.278419, -6.629361], [140.278522, -6.62999], [140.277311, -6.630964], [140.277022, -6.631003], [140.276011, -6.629614]]]}}, {"type": "Feature", "properties": {"division_code": 3, "block_code": 44, "block_label": "3-44", "planted_ha": 4.11, "palms": 556, "planted_year": 2012, "abw_kg": 21.9, "rotation_target_days": 10, "gang_code": "", "road_condition": "good", "bunches_per_day": 18.7, "centroid_lon": 140.279631, "centroid_lat": -6.629684, "estate": "MPAP"}, "geometry": {"type": "Polygon", "coordinates": [[[140.278558, -6.629988], [140.278456, -6.629361], [140.279985, -6.628455], [140.280791, -6.629552], [140.279947, -6.630859], [140.279568, -6.630851], [140.278558, -6.629988]]]}}, {"type": "Feature", "properties": {"division_code": 3, "block_code": 45, "block_label": "3-45", "planted_ha": 3.23, "palms": 447, "planted_year": 2013, "abw_kg": 21.8, "rotation_target_days": 10, "gang_code": "", "road_condition": "good", "bunches_per_day": 16.9, "centroid_lon": 140.282704, "centroid_lat": -6.629327, "estate": "MPAP"}, "geometry": {"type": "Polygon", "coordinates": [[[140.281758, -6.629528], [140.282076, -6.62847], [140.283129, -6.628423], [140.283797, -6.629353], [140.282611, -6.63052], [140.281758, -6.629528]]]}}, {"type": "Feature", "properties": {"division_code": 3, "block_code": 46, "block_label": "3-46", "planted_ha": 4.31, "palms": 586, "planted_year": 2012, "abw_kg": 21.7, "rotation_target_days": 10, "gang_code": "", "road_condition": "good", "bunches_per_day": 19.1, "centroid_lon": 140.283838, "centroid_lat": -6.630615, "estate": "MPAP"}, "geometry": {"type": "Polygon", "coordinates": [[[140.282628, -6.630554], [140.283828, -6.629373], [140.28398, -6.629377], [140.285151, -6.630598], [140.285149, -6.630703], [140.284022, -6.631748], [140.282635, -6.631113], [140.282628, -6.630554]]]}}, {"type": "Feature", "properties": {"division_code": 3, "block_code": 47, "block_label": "3-47", "planted_ha": 3.55, "palms": 476, "planted_year": 2012, "abw_kg": 21.7, "rotation_target_days": 10, "gang_code": "", "road_condition": "fair", "bunches_per_day": 15.7, "centroid_lon": 140.285212, "centroid_lat": -6.629277, "estate": "MPAP"}, "geometry": {"type": "Polygon", "coordinates": [[[140.28524, -6.62818], [140.285603, -6.628225], [140.286352, -6.629031], [140.285168, -6.630562], [140.284014, -6.629359], [140.28524, -6.62818]]]}}, {"type": "Feature", "properties": {"division_code": 3, "block_code": 48, "block_label": "3-48", "planted_ha": 5.44, "palms": 744, "planted_year": 2012, "abw_kg": 22.2, "rotation_target_days": 10, "gang_code": "", "road_condition": "good", "bunches_per_day": 29.2, "centroid_lon": 140.286643, "centroid_lat": -6.630463, "estate": "MPAP"}, "geometry": {"type": "Polygon", "coordinates": [[[140.285185, -6.630701], [140.285187, -6.630597], [140.286383, -6.629049], [140.286863, -6.629094], [140.287966, -6.630667], [140.287948, -6.631005], [140.287236, -6.63159], [140.286671, -6.631712], [140.285185, -6.630701]]]}}, {"type": "Feature", "properties": {"division_code": 3, "block_code": 49, "block_label": "3-49", "planted_ha": 3.67, "palms": 509, "planted_year": 2013, "abw_kg": 21.4, "rotation_target_days": 10, "gang_code": "", "road_condition": "fair", "bunches_per_day": 19.5, "centroid_lon": 140.288011, "centroid_lat": -6.629282, "estate": "MPAP"}, "geometry": {"type": "Polygon", "coordinates": [[[140.287665, -6.628286], [140.288539, -6.628187], [140.288966, -6.629678], [140.287988, -6.630634], [140.286896, -6.629079], [140.287665, -6.628286]]]}}, {"type": "Feature", "properties": {"division_code": 3, "block_code": 50, "block_label": "3-50", "planted_ha": 4.17, "palms": 556, "planted_year": 2013, "abw_kg": 21.8, "rotation_target_days": 10, "gang_code": "", "road_condition": "good", "bunches_per_day": 22.1, "centroid_lon": 140.289286, "centroid_lat": -6.630619, "estate": "MPAP"}, "geometry": {"type": "Polygon", "coordinates": [[[140.288003, -6.63067], [140.288994, -6.6297], [140.28996, -6.629551], [140.29052, -6.630822], [140.28931, -6.631729], [140.287984, -6.631004], [140.288003, -6.63067]]]}}, {"type": "Feature", "properties": {"division_code": 3, "block_code": 51, "block_label": "3-51", "planted_ha": 3.68, "palms": 502, "planted_year": 2013, "abw_kg": 21.7, "rotation_target_days": 10, "gang_code": "", "road_condition": "good", "bunches_per_day": 16.3, "centroid_lon": 140.290969, "centroid_lat": -6.629679, "estate": "MPAP"}, "geometry": {"type": "Polygon", "coordinates": [[[140.289992, -6.629533], [140.290671, -6.628489], [140.290903, -6.62848], [140.29211, -6.629478], [140.291151, -6.630854], [140.290554, -6.63081], [140.289992, -6.629533]]]}}, {"type": "Feature", "properties": {"division_code": 3, "block_code": 52, "block_label": "3-52", "planted_ha": 4.1, "palms": 551, "planted_year": 2015, "abw_kg": 22.0, "rotation_target_days": 10, "gang_code": "", "road_condition": "good", "bunches_per_day": 21.0, "centroid_lon": 140.293657, "centroid_lat": -6.629417, "estate": "MPAP"}, "geometry": {"type": "Polygon", "coordinates": [[[140.292428, -6.629485], [140.293458, -6.628093], [140.293682, -6.628094], [140.294315, -6.62895], [140.294812, -6.629663], [140.294618, -6.630157], [140.293965, -6.630475], [140.293403, -6.630423], [140.292428, -6.629485]]]}}, {"type": "Feature", "properties": {"division_code": 3, "block_code": 53, "block_label": "3-53", "planted_ha": 5.2, "palms": 681, "planted_year": 2017, "abw_kg": 19.4, "rotation_target_days": 10, "gang_code": "", "road_condition": "good", "bunches_per_day": 23.0, "centroid_lon": 140.296082, "centroid_lat": -6.63003, "estate": "MPAP"}, "geometry": {"type": "Polygon", "coordinates": [[[140.294847, -6.629672], [140.296193, -6.628686], [140.297441, -6.629788], [140.297467, -6.62993], [140.296502, -6.631226], [140.29597, -6.631285], [140.294653, -6.630165], [140.294847, -6.629672]]]}}, {"type": "Feature", "properties": {"division_code": 3, "block_code": 54, "block_label": "3-54", "planted_ha": 2.15, "palms": 296, "planted_year": 2016, "abw_kg": 20.2, "rotation_target_days": 10, "gang_code": "", "road_condition": "good", "bunches_per_day": 11.2, "centroid_lon": 140.298379, "centroid_lat": -6.629519, "estate": "MPAP"}, "geometry": {"type": "Polygon", "coordinates": [[[140.297477, -6.629784], [140.298054, -6.629106], [140.298728, -6.628265], [140.298864, -6.628276], [140.298864, -6.630512], [140.29884, -6.630538], [140.297502, -6.629922], [140.297477, -6.629784]]]}}, {"type": "Feature", "properties": {"division_code": 3, "block_code": 55, "block_label": "3-55", "planted_ha": 2.34, "palms": 323, "planted_year": 2009, "abw_kg": 21.7, "rotation_target_days": 10, "gang_code": "", "road_condition": "good", "bunches_per_day": 11.7, "centroid_lon": 140.274463, "centroid_lat": -6.631662, "estate": "MPAP"}, "geometry": {"type": "Polygon", "coordinates": [[[140.274492, -6.632176], [140.273318, -6.632176], [140.273334, -6.631916], [140.274255, -6.630952], [140.275043, -6.631019], [140.275532, -6.631913], [140.275287, -6.632124], [140.274492, -6.632176]]]}}, {"type": "Feature", "properties": {"division_code": 3, "block_code": 56, "block_label": "3-56", "planted_ha": 3.11, "palms": 427, "planted_year": 2011, "abw_kg": 21.9, "rotation_target_days": 10, "gang_code": "", "road_condition": "good", "bunches_per_day": 15.7, "centroid_lon": 140.276013, "centroid_lat": -6.630973, "estate": "MPAP"}, "geometry": {"type": "Polygon", "coordinates": [[[140.275075, -6.631002], [140.275994, -6.629652], [140.276991, -6.631022], [140.27631, -6.631979], [140.275566, -6.6319], [140.275075, -6.631002]]]}}, {"type": "Feature", "properties": {"division_code": 3, "block_code": 57, "block_label": "3-57", "planted_ha": 1.41, "palms": 195, "planted_year": 2011, "abw_kg": 21.5, "rotation_target_days": 10, "gang_code": "", "road_condition": "fair", "bunches_per_day": 6.3, "centroid_lon": 140.277231, "centroid_lat": -6.631672, "estate": "MPAP"}, "geometry": {"type": "Polygon", "coordinates": [[[140.277024, -6.631039], [140.277311, -6.631001], [140.278221, -6.632088], [140.277207, -6.632058], [140.27637, -6.632068], [140.27634, -6.632], [140.277024, -6.631039]]]}}, {"type": "Feature", "properties": {"division_code": 3, "block_code": 58, "block_label": "3-58", "planted_ha": 3.18, "palms": 438, "planted_year": 2011, "abw_kg": 21.6, "rotation_target_days": 10, "gang_code": "", "road_condition": "good", "bunches_per_day": 17.0, "centroid_lon": 140.278484, "centroid_lat": -6.631104, "estate": "MPAP"}, "geometry": {"type": "Polygon", "coordinates": [[[140.278541, -6.630021], [140.279538, -6.630872], [140.278811, -6.63212], [140.278269, -6.632091], [140.277344, -6.630983], [140.278541, -6.630021]]]}}, {"type": "Feature", "properties": {"division_code": 3, "block_code": 59, "block_label": "3-59", "planted_ha": 2.21, "palms": 292, "planted_year": 2011, "abw_kg": 21.5, "rotation_target_days": 10, "gang_code": "", "road_condition": "fair", "bunches_per_day": 9.9, "centroid_lon": 140.279948, "centroid_lat": -6.631667, "estate": "MPAP"}, "geometry": {"type": "Polygon", "coordinates": [[[140.279949, -6.630895], [140.281079, -6.631866], [140.280878, -6.632176], [140.280049, -6.632176], [140.278851, -6.632122], [140.279571, -6.630887], [140.279949, -6.630895]]]}}, {"type": "Feature", "properties": {"division_code": 3, "block_code": 60, "block_label": "3-60", "planted_ha": 4.98, "palms": 655, "planted_year": 2012, "abw_kg": 21.7, "rotation_target_days": 10, "gang_code": "", "road_condition": "good", "bunches_per_day": 26.3, "centroid_lon": 140.28136, "centroid_lat": -6.630692, "estate": "MPAP"}, "geometry": {"type": "Polygon", "coordinates": [[[140.280823, -6.62957], [140.28173, -6.62955], [140.282592, -6.630553], [140.282598, -6.631116], [140.28167, -6.631802], [140.281109, -6.631844], [140.27998, -6.630874], [140.280823, -6.62957]]]}}, {"type": "Feature", "properties": {"division_code": 3, "block_code": 61, "block_label": "3-61", "planted_ha": 1.93, "palms": 261, "planted_year": 2012, "abw_kg": 21.5, "rotation_target_days": 10, "gang_code": "", "road_condition": "fair", "bunches_per_day": 10.3, "centroid_lon": 140.28283, "centroid_lat": -6.631791, "estate": "MPAP"}, "geometry": {"type": "Polygon", "coordinates": [[[140.281698, -6.631826], [140.282619, -6.631146], [140.284009, -6.631782], [140.284023, -6.63187], [140.283843, -6.632176], [140.281838, -6.632176], [140.281698, -6.631826]]]}}, {"type": "Feature", "properties": {"division_code": 3, "block_code": 62, "block_label": "3-62", "planted_ha": 2.8, "palms": 368, "planted_year": 2012, "abw_kg": 21.9, "rotation_target_days": 10, "gang_code": "", "road_condition": "good", "bunches_per_day": 13.3, "centroid_lon": 140.285309, "centroid_lat": -6.631639, "estate": "MPAP"}, "geometry": {"type": "Polygon", "coordinates": [[[140.284045, -6.631776], [140.285169, -6.630733], [140.286643, -6.631736], [140.286384, -6.632149], [140.284348, -6.632176], [140.28434, -6.632176], [140.284059, -6.631865], [140.284045, -6.631776]]]}}, {"type": "Feature", "properties": {"division_code": 3, "block_code": 63, "block_label": "3-63", "planted_ha": 1.8, "palms": 238, "planted_year": 2013, "abw_kg": 22.6, "rotation_target_days": 10, "gang_code": "", "road_condition": "fair", "bunches_per_day": 8.7, "centroid_lon": 140.288215, "centroid_lat": -6.631712, "estate": "MPAP"}, "geometry": {"type": "Polygon", "coordinates": [[[140.287967, -6.631036], [140.289297, -6.631763], [140.289343, -6.631905], [140.2892, -6.6321], [140.287405, -6.632132], [140.287264, -6.631613], [140.287967, -6.631036]]]}}, {"type": "Feature", "properties": {"division_code": 3, "block_code": 64, "block_label": "3-64", "planted_ha": 2.73, "palms": 368, "planted_year": 2012, "abw_kg": 22.3, "rotation_target_days": 10, "gang_code": "", "road_condition": "fair", "bunches_per_day": 14.7, "centroid_lon": 140.290667, "centroid_lat": -6.631615, "estate": "MPAP"}, "geometry": {"type": "Polygon", "coordinates": [[[140.289333, -6.631757], [140.290548, -6.630846], [140.29115, -6.63089], [140.292025, -6.632166], [140.290694, -6.63211], [140.289559, -6.632097], [140.289379, -6.631899], [140.289333, -6.631757]]]}}, {"type": "Feature", "properties": {"division_code": 3, "block_code": 65, "block_label": "3-65", "planted_ha": 3.89, "palms": 513, "planted_year": 2014, "abw_kg": 21.4, "rotation_target_days": 10, "gang_code": "", "road_condition": "fair", "bunches_per_day": 17.2, "centroid_lon": 140.292251, "centroid_lat": -6.630768, "estate": "MPAP"}, "geometry": {"type": "Polygon", "coordinates": [[[140.292069, -6.632168], [140.291182, -6.630873], [140.292144, -6.629493], [140.292396, -6.629505], [140.293371, -6.630443], [140.292818, -6.63131], [140.292228, -6.632176], [140.292217, -6.632176], [140.292069, -6.632168]]]}}, {"type": "Feature", "properties": {"division_code": 3, "block_code": 66, "block_label": "3-66", "planted_ha": 2.59, "palms": 349, "planted_year": 2014, "abw_kg": 21.8, "rotation_target_days": 10, "gang_code": "", "road_condition": "poor", "bunches_per_day": 12.0, "centroid_lon": 140.293426, "centroid_lat": -6.631488, "estate": "MPAP"}, "geometry": {"type": "Polygon", "coordinates": [[[140.293953, -6.63051], [140.294234, -6.632176], [140.292272, -6.632176], [140.292848, -6.63133], [140.293404, -6.630459], [140.293953, -6.63051]]]}}, {"type": "Feature", "properties": {"division_code": 3, "block_code": 67, "block_label": "3-67", "planted_ha": 3.09, "palms": 407, "planted_year": 2015, "abw_kg": 21.7, "rotation_target_days": 10, "gang_code": "", "road_condition": "fair", "bunches_per_day": 16.1, "centroid_lon": 140.294836, "centroid_lat": -6.63128, "estate": "MPAP"}, "geometry": {"type": "Polygon", "coordinates": [[[140.294629, -6.630192], [140.29594, -6.631307], [140.295295, -6.632176], [140.294271, -6.632176], [140.293989, -6.630503], [140.294629, -6.630192]]]}}, {"type": "Feature", "properties": {"division_code": 3, "block_code": 68, "block_label": "3-68", "planted_ha": 1.21, "palms": 161, "planted_year": 2015, "abw_kg": 22.6, "rotation_target_days": 10, "gang_code": "", "road_condition": "fair", "bunches_per_day": 6.5, "centroid_lon": 140.296224, "centroid_lat": -6.631805, "estate": "MPAP"}, "geometry": {"type": "Polygon", "coordinates": [[[140.296503, -6.631262], [140.297065, -6.632123], [140.296243, -6.632176], [140.29534, -6.632176], [140.295974, -6.631321], [140.296503, -6.631262]]]}}, {"type": "Feature", "properties": {"division_code": 3, "block_code": 69, "block_label": "3-69", "planted_ha": 4.12, "palms": 556, "planted_year": 2016, "abw_kg": 21.0, "rotation_target_days": 10, "gang_code": "", "road_condition": "good", "bunches_per_day": 20.8, "centroid_lon": 140.29774, "centroid_lat": -6.631125, "estate": "MPAP"}, "geometry": {"type": "Polygon", "coordinates": [[[140.297492, -6.629957], [140.29883, -6.630574], [140.298864, -6.630661], [140.298864, -6.631147], [140.298207, -6.632062], [140.297107, -6.63212], [140.296534, -6.631243], [140.297492, -6.629957]]]}}]}