{"type": "FeatureCollection", "features": [{"type": "Feature", "properties": {"division_code": 1, "block_code": 1, "block_label": "1-1", "planted_ha": 2.45, "palms": 325, "planted_year": 2011, "abw_kg": 21.7, "rotation_target_days": 10, "gang_code": "", "road_condition": "good", "bunches_per_day": 10.8, "centroid_lon": 140.274447, "centroid_lat": -6.607189}, "geometry": {"type": "Polygon", "coordinates": [[[140.273297, -6.606857], [140.273422, -6.606643], [140.275189, -6.606626], [140.275506, -6.607283], [140.274398, -6.608117], [140.273297, -6.606857]]]}}, {"type": "Feature", "properties": {"division_code": 1, "block_code": 2, "block_label": "1-2", "planted_ha": 3.44, "palms": 474, "planted_year": 2010, "abw_kg": 22.3, "rotation_target_days": 10, "gang_code": "", "road_condition": "fair", "bunches_per_day": 15.6, "centroid_lon": 140.277299, "centroid_lat": -6.607289}, "geometry": {"type": "Polygon", "coordinates": [[[140.27654, -6.606597], [140.278394, -6.606597], [140.278403, -6.606602], [140.278521, -6.607143], [140.277333, -6.608317], [140.277076, -6.608321], [140.276056, -6.607266], [140.27654, -6.606597]]]}}, {"type": "Feature", "properties": {"division_code": 1, "block_code": 3, "block_label": "1-3", "planted_ha": 2.25, "palms": 295, "planted_year": 2009, "abw_kg": 22.4, "rotation_target_days": 10, "gang_code": "", "road_condition": "poor", "bunches_per_day": 12.0, "centroid_lon": 140.279595, "centroid_lat": -6.607042}, "geometry": {"type": "Polygon", "coordinates": [[[140.278439, -6.606597], [140.280471, -6.606597], [140.280721, -6.606608], [140.280819, -6.606749], [140.279809, -6.607834], [140.278557, -6.607136], [140.278439, -6.606597]]]}}, {"type": "Feature", "properties": {"division_code": 1, "block_code": 4, "block_label": "1-4", "planted_ha": 3.66, "palms": 486, "planted_year": 2009, "abw_kg": 22.6, "rotation_target_days": 10, "gang_code": "", "road_condition": "fair", "bunches_per_day": 17.9, "centroid_lon": 140.282662, "centroid_lat": -6.607378}, "geometry": {"type": "Polygon", "coordinates": [[[140.282304, -6.608466], [140.281337, -6.606754], [140.281461, -6.606654], [140.282803, -6.606715], [140.28391, -6.606712], [140.284065, -6.606802], [140.284052, -6.606913], [140.282797, -6.608466], [140.282304, -6.608466]]]}}, {"type": "Feature", "properties": {"division_code": 1, "block_code": 5, "block_label": "1-5", "planted_ha": 3.65, "palms": 497, "planted_year": 2010, "abw_kg": 21.5, "rotation_target_days": 10, "gang_code": "", "road_condition": "fair", "bunches_per_day": 19.6, "centroid_lon": 140.285423, "centroid_lat": -6.607336}, "geometry": {"type": "Polygon", "coordinates": [[[140.285392, -6.608587], [140.284088, -6.606914], [140.284101, -6.606802], [140.28423, -6.6067], [140.285798, -6.606597], [140.286371, -6.606597], [140.286508, -6.606656], [140.286609, -6.607152], [140.285489, -6.608586], [140.285392, -6.608587]]]}}, {"type": "Feature", "properties": {"division_code": 1, "block_code": 6, "block_label": "1-6", "planted_ha": 2.73, "palms": 370, "planted_year": 2011, "abw_kg": 21.5, "rotation_target_days": 10, "gang_code": "", "road_condition": "good", "bunches_per_day": 14.1, "centroid_lon": 140.287758, "centroid_lat": -6.607129}, "geometry": {"type": "Polygon", "coordinates": [[[140.286645, -6.607146], [140.286543, -6.606649], [140.286595, -6.606597], [140.288949, -6.606597], [140.288993, -6.606667], [140.288146, -6.608009], [140.287881, -6.607998], [140.286645, -6.607146]]]}}, {"type": "Feature", "properties": {"division_code": 1, "block_code": 7, "block_label": "1-7", "planted_ha": 2.98, "palms": 401, "planted_year": 2013, "abw_kg": 22.2, "rotation_target_days": 10, "gang_code": "", "road_condition": "fair", "bunches_per_day": 13.9, "centroid_lon": 140.290853, "centroid_lat": -6.607304}, "geometry": {"type": "Polygon", "coordinates": [[[140.289734, -6.606749], [140.289955, -6.606597], [140.289967, -6.606597], [140.291514, -6.606665], [140.292082, -6.607247], [140.290705, -6.608363], [140.290556, -6.608354], [140.289734, -6.606749]]]}}, {"type": "Feature", "properties": {"division_code": 1, "block_code": 8, "block_label": "1-8", "planted_ha": 1.94, "palms": 260, "planted_year": 2014, "abw_kg": 22.0, "rotation_target_days": 10, "gang_code": "", "road_condition": "good", "bunches_per_day": 9.3, "centroid_lon": 140.293617, "centroid_lat": -6.607085}, "geometry": {"type": "Polygon", "coordinates": [[[140.292631, -6.607261], [140.292817, -6.606676], [140.294655, -6.606641], [140.29477, -6.606848], [140.29471, -6.607049], [140.293303, -6.607758], [140.293218, -6.607749], [140.292631, -6.607261]]]}}, {"type": "Feature", "properties": {"division_code": 1, "block_code": 9, "block_label": "1-9", "planted_ha": 3.2, "palms": 437, "planted_year": 2014, "abw_kg": 22.0, "rotation_target_days": 10, "gang_code": "", "road_condition": "good", "bunches_per_day": 14.6, "centroid_lon": 140.295984, "centroid_lat": -6.607248}, "geometry": {"type": "Polygon", "coordinates": [[[140.294745, -6.607057], [140.294805, -6.606857], [140.29513, -6.606632], [140.296879, -6.606608], [140.297186, -6.607037], [140.29663, -6.607957], [140.295539, -6.608052], [140.294745, -6.607057]]]}}, {"type": "Feature", "properties": {"division_code": 1, "block_code": 10, "block_label": "1-10", "planted_ha": 1.28, "palms": 175, "planted_year": 2012, "abw_kg": 21.9, "rotation_target_days": 10, "gang_code": "", "road_condition": "fair", "bunches_per_day": 6.8, "centroid_lon": 140.298352, "centroid_lat": -6.607135}, "geometry": {"type": "Polygon", "coordinates": [[[140.298045, -6.606597], [140.298834, -6.606597], [140.29876, -6.608019], [140.297574, -6.607014], [140.298045, -6.606597]]]}}, {"type": "Feature", "properties": {"division_code": 1, "block_code": 11, "block_label": "1-11", "planted_ha": 1.56, "palms": 215, "planted_year": 2010, "abw_kg": 22.5, "rotation_target_days": 10, "gang_code": "", "road_condition": "poor", "bunches_per_day": 7.5, "centroid_lon": 140.27366, "centroid_lat": -6.608087}, "geometry": {"type": "Polygon", "coordinates": [[[140.274376, -6.608146], [140.274341, -6.608249], [140.273286, -6.609175], [140.273286, -6.606899], [140.274376, -6.608146]]]}}, {"type": "Feature", "properties": {"division_code": 1, "block_code": 12, "block_label": "1-12", "planted_ha": 4.21, "palms": 554, "planted_year": 2010, "abw_kg": 22.2, "rotation_target_days": 10, "gang_code": "", "road_condition": "fair", "bunches_per_day": 22.0, "centroid_lon": 140.275728, "centroid_lat": -6.608339}, "geometry": {"type": "Polygon", "coordinates": [[[140.274411, -6.608153], [140.275535, -6.607307], [140.276025, -6.607286], [140.277044, -6.608341], [140.276403, -6.609168], [140.275411, -6.609397], [140.274377, -6.608256], [140.274411, -6.608153]]]}}, {"type": "Feature", "properties": {"division_code": 1, "block_code": 13, "block_label": "1-13", "planted_ha": 3.76, "palms": 519, "planted_year": 2009, "abw_kg": 22.1, "rotation_target_days": 10, "gang_code": "", "road_condition": "good", "bunches_per_day": 17.0, "centroid_lon": 140.278626, "centroid_lat": -6.608275}, "geometry": {"type": "Polygon", "coordinates": [[[140.277366, -6.608335], [140.278545, -6.607171], [140.279796, -6.607869], [140.279844, -6.60814], [140.278784, -6.609325], [140.278241, -6.609273], [140.277366, -6.608335]]]}}, {"type": "Feature", "properties": {"division_code": 1, "block_code": 14, "block_label": "1-14", "planted_ha": 4.42, "palms": 609, "planted_year": 2009, "abw_kg": 22.6, "rotation_target_days": 10, "gang_code": "", "road_condition": "good", "bunches_per_day": 22.8, "centroid_lon": 140.281038, "centroid_lat": -6.608034}, "geometry": {"type": "Polygon", "coordinates": [[[140.27988, -6.608137], [140.279832, -6.607863], [140.28085, -6.606769], [140.281303, -6.606768], [140.28227, -6.608479], [140.281354, -6.609181], [140.280854, -6.609185], [140.27988, -6.608137]]]}}, {"type": "Feature", "properties": {"division_code": 1, "block_code": 15, "block_label": "1-15", "planted_ha": 4.27, "palms": 580, "planted_year": 2009, "abw_kg": 22.3, "rotation_target_days": 10, "gang_code": "", "road_condition": "poor", "bunches_per_day": 20.5, "centroid_lon": 140.284063, "centroid_lat": -6.608391}, "geometry": {"type": "Polygon", "coordinates": [[[140.282829, -6.608484], [140.284069, -6.606949], [140.285358, -6.608602], [140.284246, -6.609506], [140.283506, -6.609351], [140.282829, -6.608484]]]}}, {"type": "Feature", "properties": {"division_code": 1, "block_code": 16, "block_label": "1-16", "planted_ha": 3.3, "palms": 445, "planted_year": 2010, "abw_kg": 21.5, "rotation_target_days": 10, "gang_code": "", "road_condition": "good", "bunches_per_day": 16.8, "centroid_lon": 140.286652, "centroid_lat": -6.60833}, "geometry": {"type": "Polygon", "coordinates": [[[140.285523, -6.608602], [140.286633, -6.607181], [140.287848, -6.608019], [140.286694, -6.609344], [140.286548, -6.609507], [140.28652, -6.609507], [140.285523, -6.608602]]]}}, {"type": "Feature", "properties": {"division_code": 1, "block_code": 17, "block_label": "1-17", "planted_ha": 4.48, "palms": 585, "planted_year": 2012, "abw_kg": 21.9, "rotation_target_days": 10, "gang_code": "", "road_condition": "good", "bunches_per_day": 23.7, "centroid_lon": 140.289331, "centroid_lat": -6.607989}, "geometry": {"type": "Polygon", "coordinates": [[[140.288177, -6.608027], [140.289024, -6.606687], [140.289699, -6.60676], [140.290521, -6.608366], [140.289171, -6.609397], [140.288177, -6.608027]]]}}, {"type": "Feature", "properties": {"division_code": 1, "block_code": 18, "block_label": "1-18", "planted_ha": 3.81, "palms": 519, "planted_year": 2014, "abw_kg": 21.7, "rotation_target_days": 10, "gang_code": "", "road_condition": "poor", "bunches_per_day": 19.9, "centroid_lon": 140.292025, "centroid_lat": -6.608322}, "geometry": {"type": "Polygon", "coordinates": [[[140.291729, -6.60945], [140.290738, -6.608383], [140.292115, -6.607267], [140.292603, -6.607285], [140.293188, -6.607771], [140.292298, -6.609403], [140.291729, -6.60945]]]}}, {"type": "Feature", "properties": {"division_code": 1, "block_code": 19, "block_label": "1-19", "planted_ha": 3.47, "palms": 463, "planted_year": 2014, "abw_kg": 22.0, "rotation_target_days": 10, "gang_code": "", "road_condition": "fair", "bunches_per_day": 17.5, "centroid_lon": 140.294521, "centroid_lat": -6.608202}, "geometry": {"type": "Polygon", "coordinates": [[[140.293334, -6.607783], [140.29472, -6.607084], [140.29551, -6.608074], [140.295023, -6.609273], [140.294376, -6.609299], [140.293334, -6.607783]]]}}, {"type": "Feature", "properties": {"division_code": 1, "block_code": 20, "block_label": "1-20", "planted_ha": 3.9, "palms": 529, "planted_year": 2014, "abw_kg": 22.3, "rotation_target_days": 10, "gang_code": "", "road_condition": "fair", "bunches_per_day": 18.5, "centroid_lon": 140.297642, "centroid_lat": -6.60825}, "geometry": {"type": "Polygon", "coordinates": [[[140.297218, -6.607054], [140.297541, -6.607032], [140.298758, -6.608064], [140.298749, -6.608408], [140.297464, -6.609608], [140.297303, -6.609602], [140.296661, -6.607975], [140.297218, -6.607054]]]}}, {"type": "Feature", "properties": {"division_code": 1, "block_code": 21, "block_label": "1-21", "planted_ha": 3.68, "palms": 490, "planted_year": 2010, "abw_kg": 22.4, "rotation_target_days": 10, "gang_code": "", "road_condition": "poor", "bunches_per_day": 17.8, "centroid_lon": 140.274349, "centroid_lat": -6.609539}, "geometry": {"type": "Polygon", "coordinates": [[[140.274201, -6.61063], [140.273286, -6.609518], [140.273286, -6.609223], [140.274354, -6.608285], [140.275383, -6.609421], [140.274889, -6.610611], [140.274201, -6.61063]]]}}, {"type": "Feature", "properties": {"division_code": 1, "block_code": 22, "block_label": "1-22", "planted_ha": 3.48, "palms": 463, "planted_year": 2010, "abw_kg": 21.8, "rotation_target_days": 10, "gang_code": "", "road_condition": "fair", "bunches_per_day": 17.4, "centroid_lon": 140.277276, "centroid_lat": -6.609611}, "geometry": {"type": "Polygon", "coordinates": [[[140.27695, -6.61093], [140.276433, -6.609188], [140.277077, -6.608357], [140.277333, -6.608353], [140.278211, -6.609294], [140.277454, -6.610956], [140.27695, -6.61093]]]}}, {"type": "Feature", "properties": {"division_code": 1, "block_code": 23, "block_label": "1-23", "planted_ha": 3.19, "palms": 422, "planted_year": 2010, "abw_kg": 22.0, "rotation_target_days": 10, "gang_code": "", "road_condition": "fair", "bunches_per_day": 15.9, "centroid_lon": 140.279845, "centroid_lat": -6.609392}, "geometry": {"type": "Polygon", "coordinates": [[[140.278814, -6.609346], [140.279863, -6.608173], [140.280824, -6.609207], [140.280169, -6.610446], [140.279591, -6.610422], [140.278814, -6.609346]]]}}, {"type": "Feature", "properties": {"division_code": 1, "block_code": 24, "block_label": "1-24", "planted_ha": 3.36, "palms": 464, "planted_year": 2010, "abw_kg": 22.1, "rotation_target_days": 10, "gang_code": "", "road_condition": "poor", "bunches_per_day": 17.3, "centroid_lon": 140.282433, "centroid_lat": -6.609517}, "geometry": {"type": "Polygon", "coordinates": [[[140.281383, -6.609204], [140.2823, -6.608502], [140.282797, -6.608502], [140.283473, -6.609367], [140.282955, -6.610078], [140.282364, -6.610949], [140.281383, -6.609204]]]}}, {"type": "Feature", "properties": {"division_code": 1, "block_code": 25, "block_label": "1-25", "planted_ha": 3.99, "palms": 547, "planted_year": 2010, "abw_kg": 21.7, "rotation_target_days": 10, "gang_code": "", "road_condition": "fair", "bunches_per_day": 21.3, "centroid_lon": 140.285322, "centroid_lat": -6.609838}, "geometry": {"type": "Polygon", "coordinates": [[[140.284271, -6.609532], [140.28539, -6.608623], [140.285491, -6.608622], [140.28649, -6.609529], [140.285639, -6.610909], [140.284703, -6.610956], [140.284271, -6.609532]]]}}, {"type": "Feature", "properties": {"division_code": 1, "block_code": 26, "block_label": "1-26", "planted_ha": 4.26, "palms": 568, "planted_year": 2011, "abw_kg": 22.2, "rotation_target_days": 10, "gang_code": "", "road_condition": "good", "bunches_per_day": 22.3, "centroid_lon": 140.287956, "centroid_lat": -6.609318}, "geometry": {"type": "Polygon", "coordinates": [[[140.286583, -6.609522], [140.287883, -6.608035], [140.288146, -6.608045], [140.289149, -6.609429], [140.289134, -6.609616], [140.288319, -6.610403], [140.287969, -6.610429], [140.286583, -6.609522]]]}}, {"type": "Feature", "properties": {"division_code": 1, "block_code": 27, "block_label": "1-27", "planted_ha": 4.18, "palms": 547, "planted_year": 2012, "abw_kg": 22.2, "rotation_target_days": 10, "gang_code": "", "road_condition": "fair", "bunches_per_day": 19.1, "centroid_lon": 140.290513, "centroid_lat": -6.609587}, "geometry": {"type": "Polygon", "coordinates": [[[140.290052, -6.610283], [140.28917, -6.609616], [140.289185, -6.609432], [140.29055, -6.60839], [140.290703, -6.608399], [140.291699, -6.609471], [140.290913, -6.610855], [140.290764, -6.610855], [140.290052, -6.610283]]]}}, {"type": "Feature", "properties": {"division_code": 1, "block_code": 28, "block_label": "1-28", "planted_ha": 3.29, "palms": 442, "planted_year": 2014, "abw_kg": 22.2, "rotation_target_days": 10, "gang_code": "", "road_condition": "good", "bunches_per_day": 15.6, "centroid_lon": 140.293325, "centroid_lat": -6.609166}, "geometry": {"type": "Polygon", "coordinates": [[[140.292332, -6.609416], [140.293221, -6.607786], [140.293297, -6.607793], [140.294343, -6.609316], [140.293377, -6.610401], [140.292332, -6.609416]]]}}, {"type": "Feature", "properties": {"division_code": 1, "block_code": 29, "block_label": "1-29", "planted_ha": 4.09, "palms": 565, "planted_year": 2013, "abw_kg": 21.8, "rotation_target_days": 10, "gang_code": "", "road_condition": "fair", "bunches_per_day": 19.6, "centroid_lon": 140.29616, "centroid_lat": -6.609115}, "geometry": {"type": "Polygon", "coordinates": [[[140.295056, -6.609287], [140.295543, -6.608088], [140.296629, -6.607993], [140.297268, -6.609613], [140.296144, -6.610381], [140.295056, -6.609287]]]}}, {"type": "Feature", "properties": {"division_code": 1, "block_code": 30, "block_label": "1-30", "planted_ha": 1.81, "palms": 243, "planted_year": 2013, "abw_kg": 22.5, "rotation_target_days": 10, "gang_code": "", "road_condition": "fair", "bunches_per_day": 9.6, "centroid_lon": 140.298335, "centroid_lat": -6.609633}, "geometry": {"type": "Polygon", "coordinates": [[[140.297498, -6.609626], [140.298748, -6.608458], [140.298746, -6.609436], [140.298785, -6.610675], [140.298613, -6.610678], [140.297498, -6.609626]]]}}, {"type": "Feature", "properties": {"division_code": 1, "block_code": 31, "block_label": "1-31", "planted_ha": 1.27, "palms": 176, "planted_year": 2009, "abw_kg": 22.3, "rotation_target_days": 10, "gang_code": "", "road_condition": "good", "bunches_per_day": 6.2, "centroid_lon": 140.273581, "centroid_lat": -6.610715}, "geometry": {"type": "Polygon", "coordinates": [[[140.273286, -6.611708], [140.273286, -6.609577], [140.27417, -6.610649], [140.273295, -6.61191], [140.273286, -6.611708]]]}}, {"type": "Feature", "properties": {"division_code": 1, "block_code": 32, "block_label": "1-32", "planted_ha": 3.57, "palms": 485, "planted_year": 2010, "abw_kg": 22.1, "rotation_target_days": 10, "gang_code": "", "road_condition": "good", "bunches_per_day": 16.6, "centroid_lon": 140.275946, "centroid_lat": -6.610363}, "geometry": {"type": "Polygon", "coordinates": [[[140.274923, -6.610624], [140.275418, -6.609432], [140.276401, -6.609206], [140.276915, -6.610939], [140.275902, -6.611529], [140.274923, -6.610624]]]}}, {"type": "Feature", "properties": {"division_code": 1, "block_code": 33, "block_label": "1-33", "planted_ha": 3.3, "palms": 455, "planted_year": 2010, "abw_kg": 21.7, "rotation_target_days": 10, "gang_code": "", "road_condition": "fair", "bunches_per_day": 14.8, "centroid_lon": 140.278491, "centroid_lat": -6.610445}, "geometry": {"type": "Polygon", "coordinates": [[[140.278244, -6.609309], [140.278781, -6.609362], [140.279558, -6.610438], [140.278404, -6.611615], [140.277488, -6.610968], [140.278244, -6.609309]]]}}, {"type": "Feature", "properties": {"division_code": 1, "block_code": 34, "block_label": "1-34", "planted_ha": 4.49, "palms": 590, "planted_year": 2010, "abw_kg": 22.5, "rotation_target_days": 10, "gang_code": "", "road_condition": "good", "bunches_per_day": 23.5, "centroid_lon": 140.27976, "centroid_lat": -6.611589}, "geometry": {"type": "Polygon", "coordinates": [[[140.278588, -6.612088], [140.278427, -6.611643], [140.279589, -6.610458], [140.28017, -6.610482], [140.281135, -6.611696], [140.280067, -6.612616], [140.279518, -6.612606], [140.278588, -6.612088]]]}}, {"type": "Feature", "properties": {"division_code": 1, "block_code": 35, "block_label": "1-35", "planted_ha": 3.81, "palms": 526, "planted_year": 2010, "abw_kg": 21.5, "rotation_target_days": 10, "gang_code": "", "road_condition": "good", "bunches_per_day": 17.8, "centroid_lon": 140.281248, "centroid_lat": -6.61049}, "geometry": {"type": "Polygon", "coordinates": [[[140.280201, -6.610463], [140.280857, -6.609222], [140.28135, -6.609217], [140.282345, -6.610988], [140.282343, -6.611048], [140.281449, -6.611688], [140.281169, -6.61168], [140.280201, -6.610463]]]}}, {"type": "Feature", "properties": {"division_code": 1, "block_code": 36, "block_label": "1-36", "planted_ha": 4.12, "palms": 569, "planted_year": 2010, "abw_kg": 22.1, "rotation_target_days": 10, "gang_code": "", "road_condition": "good", "bunches_per_day": 18.4, "centroid_lon": 140.283645, "centroid_lat": -6.610632}, "geometry": {"type": "Polygon", "coordinates": [[[140.282379, -6.611046], [140.282381, -6.610989], [140.282736, -6.610458], [140.283503, -6.609387], [140.284236, -6.609541], [140.28467, -6.610971], [140.28408, -6.611754], [140.283786, -6.611754], [140.282379, -6.611046]]]}}, {"type": "Feature", "properties": {"division_code": 1, "block_code": 37, "block_label": "1-37", "planted_ha": 3.21, "palms": 440, "planted_year": 2011, "abw_kg": 22.3, "rotation_target_days": 10, "gang_code": "", "road_condition": "good", "bunches_per_day": 16.6, "centroid_lon": 140.286728, "centroid_lat": -6.610666}, "geometry": {"type": "Polygon", "coordinates": [[[140.286514, -6.611734], [140.285672, -6.610924], [140.286523, -6.609544], [140.286551, -6.609544], [140.287936, -6.610451], [140.286717, -6.611738], [140.286514, -6.611734]]]}}, {"type": "Feature", "properties": {"division_code": 1, "block_code": 38, "block_label": "1-38", "planted_ha": 4.16, "palms": 559, "planted_year": 2011, "abw_kg": 22.3, "rotation_target_days": 10, "gang_code": "", "road_condition": "good", "bunches_per_day": 20.8, "centroid_lon": 140.289454, "centroid_lat": -6.610921}, "geometry": {"type": "Polygon", "coordinates": [[[140.288348, -6.610426], [140.289153, -6.609648], [140.29003, -6.610311], [140.290733, -6.610876], [140.289869, -6.612085], [140.288848, -6.61182], [140.288348, -6.610426]]]}}, {"type": "Feature", "properties": {"division_code": 1, "block_code": 39, "block_label": "1-39", "planted_ha": 3.57, "palms": 468, "planted_year": 2013, "abw_kg": 22.4, "rotation_target_days": 10, "gang_code": "", "road_condition": "good", "bunches_per_day": 19.2, "centroid_lon": 140.292074, "centroid_lat": -6.610488}, "geometry": {"type": "Polygon", "coordinates": [[[140.290947, -6.610869], [140.291732, -6.609486], [140.292303, -6.609439], [140.293341, -6.610417], [140.291884, -6.611643], [140.290947, -6.610869]]]}}, {"type": "Feature", "properties": {"division_code": 1, "block_code": 40, "block_label": "1-40", "planted_ha": 4.7, "palms": 626, "planted_year": 2014, "abw_kg": 22.2, "rotation_target_days": 10, "gang_code": "", "road_condition": "good", "bunches_per_day": 22.8, "centroid_lon": 140.294765, "centroid_lat": -6.610442}, "geometry": {"type": "Polygon", "coordinates": [[[140.294375, -6.609335], [140.295028, -6.609309], [140.296121, -6.610409], [140.295988, -6.610798], [140.294558, -6.611723], [140.293981, -6.611094], [140.29341, -6.610421], [140.294375, -6.609335]]]}}, {"type": "Feature", "properties": {"division_code": 1, "block_code": 41, "block_label": "1-41", "planted_ha": 4.92, "palms": 657, "planted_year": 2014, "abw_kg": 21.5, "rotation_target_days": 10, "gang_code": "", "road_condition": "good", "bunches_per_day": 22.3, "centroid_lon": 140.297335, "centroid_lat": -6.610915}, "geometry": {"type": "Polygon", "coordinates": [[[140.296023, -6.610806], [140.296157, -6.610415], [140.297296, -6.609638], [140.297464, -6.609644], [140.298584, -6.6107], [140.297938, -6.61215], [140.29704, -6.612063], [140.296023, -6.610806]]]}}, {"type": "Feature", "properties": {"division_code": 1, "block_code": 42, "block_label": "1-42", "planted_ha": 4.33, "palms": 570, "planted_year": 2009, "abw_kg": 21.6, "rotation_target_days": 10, "gang_code": "", "road_condition": "good", "bunches_per_day": 22.2, "centroid_lon": 140.274521, "centroid_lat": -6.611731}, "geometry": {"type": "Polygon", "coordinates": [[[140.273298, -6.611969], [140.274203, -6.610666], [140.274894, -6.610647], [140.27588, -6.611558], [140.27585, -6.611737], [140.274356, -6.612917], [140.273314, -6.612299], [140.273298, -6.611969]]]}}, {"type": "Feature", "properties": {"division_code": 1, "block_code": 43, "block_label": "1-43", "planted_ha": 5.2, "palms": 687, "planted_year": 2010, "abw_kg": 22.4, "rotation_target_days": 10, "gang_code": "", "road_condition": "good", "bunches_per_day": 23.5, "centroid_lon": 140.277192, "centroid_lat": -6.612135}, "geometry": {"type": "Polygon", "coordinates": [[[140.275885, -6.611744], [140.275916, -6.611563], [140.276941, -6.610966], [140.277459, -6.610992], [140.278391, -6.61165], [140.278553, -6.612096], [140.277878, -6.612832], [140.277236, -6.61358], [140.276881, -6.613583], [140.275885, -6.611744]]]}}, {"type": "Feature", "properties": {"division_code": 1, "block_code": 44, "block_label": "1-44", "planted_ha": 3.61, "palms": 500, "planted_year": 2010, "abw_kg": 22.4, "rotation_target_days": 10, "gang_code": "", "road_condition": "good", "bunches_per_day": 18.5, "centroid_lon": 140.282586, "centroid_lat": -6.612156}, "geometry": {"type": "Polygon", "coordinates": [[[140.282363, -6.611078], [140.283756, -6.61178], [140.282805, -6.613368], [140.282355, -6.61335], [140.281479, -6.611711], [140.282363, -6.611078]]]}}, {"type": "Feature", "properties": {"division_code": 1, "block_code": 45, "block_label": "1-45", "planted_ha": 4.04, "palms": 528, "planted_year": 2010, "abw_kg": 22.6, "rotation_target_days": 10, "gang_code": "", "road_condition": "good", "bunches_per_day": 19.2, "centroid_lon": 140.285249, "centroid_lat": -6.611961}, "geometry": {"type": "Polygon", "coordinates": [[[140.284111, -6.611774], [140.2847, -6.610993], [140.285642, -6.610945], [140.286482, -6.611754], [140.285803, -6.612609], [140.285289, -6.613297], [140.285049, -6.61329], [140.284111, -6.611774]]]}}, {"type": "Feature", "properties": {"division_code": 1, "block_code": 46, "block_label": "1-46", "planted_ha": 3.85, "palms": 534, "planted_year": 2012, "abw_kg": 21.8, "rotation_target_days": 10, "gang_code": "", "road_condition": "good", "bunches_per_day": 17.6, "centroid_lon": 140.286594, "centroid_lat": -6.61298}, "geometry": {"type": "Polygon", "coordinates": [[[140.285324, -6.61331], [140.285966, -6.612457], [140.286515, -6.61177], [140.286717, -6.611774], [140.287688, -6.612774], [140.287822, -6.612937], [140.286835, -6.614004], [140.286492, -6.614055], [140.285324, -6.61331]]]}}, {"type": "Feature", "properties": {"division_code": 1, "block_code": 47, "block_label": "1-47", "planted_ha": 3.36, "palms": 460, "planted_year": 2011, "abw_kg": 21.8, "rotation_target_days": 10, "gang_code": "", "road_condition": "poor", "bunches_per_day": 15.8, "centroid_lon": 140.287874, "centroid_lat": -6.611642}, "geometry": {"type": "Polygon", "coordinates": [[[140.287973, -6.610465], [140.288314, -6.61044], [140.288814, -6.611832], [140.287841, -6.612884], [140.28675, -6.611756], [140.287973, -6.610465]]]}}, {"type": "Feature", "properties": {"division_code": 1, "block_code": 48, "block_label": "1-48", "planted_ha": 4.08, "palms": 536, "planted_year": 2011, "abw_kg": 21.5, "rotation_target_days": 10, "gang_code": "", "road_condition": "fair", "bunches_per_day": 21.6, "centroid_lon": 140.289236, "centroid_lat": -6.612951}, "geometry": {"type": "Polygon", "coordinates": [[[140.2886, -6.61346], [140.287859, -6.612936], [140.28884, -6.611856], [140.289863, -6.61212], [140.290394, -6.613502], [140.289939, -6.613931], [140.289342, -6.614024], [140.2886, -6.61346]]]}}, {"type": "Feature", "properties": {"division_code": 1, "block_code": 49, "block_label": "1-49", "planted_ha": 3.71, "palms": 506, "planted_year": 2012, "abw_kg": 22.6, "rotation_target_days": 10, "gang_code": "", "road_condition": "good", "bunches_per_day": 17.4, "centroid_lon": 140.29084, "centroid_lat": -6.612176}, "geometry": {"type": "Polygon", "coordinates": [[[140.290428, -6.613489], [140.289897, -6.612108], [140.290767, -6.610891], [140.290918, -6.610891], [140.291869, -6.611677], [140.291892, -6.611742], [140.290891, -6.61351], [140.290428, -6.613489]]]}}, {"type": "Feature", "properties": {"division_code": 1, "block_code": 50, "block_label": "1-50", "planted_ha": 4.09, "palms": 560, "planted_year": 2014, "abw_kg": 22.1, "rotation_target_days": 10, "gang_code": "", "road_condition": "good", "bunches_per_day": 20.6, "centroid_lon": 140.293258, "centroid_lat": -6.611705}, "geometry": {"type": "Polygon", "coordinates": [[[140.292271, -6.612049], [140.291928, -6.611733], [140.291906, -6.611672], [140.293374, -6.610437], [140.293954, -6.611118], [140.294535, -6.611752], [140.294507, -6.611852], [140.293301, -6.612927], [140.292271, -6.612049]]]}}, {"type": "Feature", "properties": {"division_code": 1, "block_code": 51, "block_label": "1-51", "planted_ha": 4.12, "palms": 539, "planted_year": 2014, "abw_kg": 22.6, "rotation_target_days": 10, "gang_code": "", "road_condition": "good", "bunches_per_day": 21.3, "centroid_lon": 140.295824, "centroid_lat": -6.612079}, "geometry": {"type": "Polygon", "coordinates": [[[140.295692, -6.613275], [140.294543, -6.611858], [140.29457, -6.611758], [140.295999, -6.610834], [140.297008, -6.612081], [140.296261, -6.613166], [140.295692, -6.613275]]]}}, {"type": "Feature", "properties": {"division_code": 1, "block_code": 52, "block_label": "1-52", "planted_ha": 1.61, "palms": 223, "planted_year": 2015, "abw_kg": 21.4, "rotation_target_days": 10, "gang_code": "", "road_condition": "fair", "bunches_per_day": 8.2, "centroid_lon": 140.298537, "centroid_lat": -6.612017}, "geometry": {"type": "Polygon", "coordinates": [[[140.29797, -6.612167], [140.298618, -6.610714], [140.298786, -6.610711], [140.298864, -6.612564], [140.298864, -6.613236], [140.298699, -6.613227], [140.29797, -6.612167]]]}}, {"type": "Feature", "properties": {"division_code": 1, "block_code": 53, "block_label": "1-53", "planted_ha": 1.93, "palms": 261, "planted_year": 2010, "abw_kg": 22.5, "rotation_target_days": 10, "gang_code": "", "road_condition": "good", "bunches_per_day": 9.2, "centroid_lon": 140.273776, "centroid_lat": -6.613437}, "geometry": {"type": "Polygon", "coordinates": [[[140.273352, -6.613371], [140.273316, -6.612342], [140.274342, -6.61295], [140.274445, -6.613364], [140.273822, -6.614451], [140.273366, -6.614444], [140.273352, -6.613371]]]}}, {"type": "Feature", "properties": {"division_code": 1, "block_code": 54, "block_label": "1-54", "planted_ha": 4.2, "palms": 580, "planted_year": 2010, "abw_kg": 21.7, "rotation_target_days": 10, "gang_code": "", "road_condition": "fair", "bunches_per_day": 20.0, "centroid_lon": 140.275664, "centroid_lat": -6.613148}, "geometry": {"type": "Polygon", "coordinates": [[[140.27448, -6.613355], [140.274378, -6.612946], [140.27586, -6.611774], [140.276848, -6.613598], [140.276071, -6.61439], [140.27448, -6.613355]]]}}, {"type": "Feature", "properties": {"division_code": 1, "block_code": 55, "block_label": "1-55", "planted_ha": 3.75, "palms": 491, "planted_year": 2010, "abw_kg": 22.5, "rotation_target_days": 10, "gang_code": "", "road_condition": "poor", "bunches_per_day": 18.2, "centroid_lon": 140.278476, "centroid_lat": -6.613373}, "geometry": {"type": "Polygon", "coordinates": [[[140.27727, -6.613596], [140.277905, -6.612856], [140.278577, -6.612123], [140.279491, -6.612632], [140.278817, -6.614608], [140.278417, -6.61457], [140.27727, -6.613596]]]}}, {"type": "Feature", "properties": {"division_code": 1, "block_code": 56, "block_label": "1-56", "planted_ha": 4.2, "palms": 556, "planted_year": 2011, "abw_kg": 21.7, "rotation_target_days": 10, "gang_code": "", "road_condition": "fair", "bunches_per_day": 20.4, "centroid_lon": 140.279894, "centroid_lat": -6.614035}, "geometry": {"type": "Polygon", "coordinates": [[[140.278851, -6.61462], [140.279526, -6.612642], [140.280063, -6.612653], [140.281084, -6.614579], [140.27972, -6.615258], [140.278851, -6.61462]]]}}, {"type": "Feature", "properties": {"division_code": 1, "block_code": 57, "block_label": "1-57", "planted_ha": 4.36, "palms": 582, "planted_year": 2011, "abw_kg": 22.1, "rotation_target_days": 10, "gang_code": "", "road_condition": "good", "bunches_per_day": 22.2, "centroid_lon": 140.281232, "centroid_lat": -6.613095}, "geometry": {"type": "Polygon", "coordinates": [[[140.281166, -6.611717], [140.281444, -6.611724], [140.282323, -6.613366], [140.281325, -6.614607], [140.28112, -6.614571], [140.280097, -6.612639], [140.281166, -6.611717]]]}}, {"type": "Feature", "properties": {"division_code": 1, "block_code": 58, "block_label": "1-58", "planted_ha": 3.63, "palms": 503, "planted_year": 2011, "abw_kg": 21.9, "rotation_target_days": 10, "gang_code": "", "road_condition": "fair", "bunches_per_day": 19.4, "centroid_lon": 140.283947, "centroid_lat": -6.613085}, "geometry": {"type": "Polygon", "coordinates": [[[140.283792, -6.611791], [140.284079, -6.611791], [140.285016, -6.613306], [140.284098, -6.614297], [140.283561, -6.613924], [140.282839, -6.613383], [140.283792, -6.611791]]]}}, {"type": "Feature", "properties": {"division_code": 1, "block_code": 59, "block_label": "1-59", "planted_ha": 3.97, "palms": 537, "planted_year": 2013, "abw_kg": 22.3, "rotation_target_days": 10, "gang_code": "", "road_condition": "good", "bunches_per_day": 19.3, "centroid_lon": 140.288101, "centroid_lat": -6.614204}, "geometry": {"type": "Polygon", "coordinates": [[[140.287428, -6.614643], [140.286868, -6.614021], [140.287843, -6.612968], [140.288579, -6.613489], [140.289313, -6.614047], [140.288392, -6.615484], [140.288128, -6.61547], [140.287428, -6.614643]]]}}, {"type": "Feature", "properties": {"division_code": 1, "block_code": 60, "block_label": "1-60", "planted_ha": 3.66, "palms": 487, "planted_year": 2013, "abw_kg": 22.4, "rotation_target_days": 10, "gang_code": "", "road_condition": "good", "bunches_per_day": 18.9, "centroid_lon": 140.292092, "centroid_lat": -6.61308}, "geometry": {"type": "Polygon", "coordinates": [[[140.291917, -6.611772], [140.292594, -6.612384], [140.293283, -6.612959], [140.293271, -6.613114], [140.292149, -6.614198], [140.290925, -6.613522], [140.291917, -6.611772]]]}}, {"type": "Feature", "properties": {"division_code": 1, "block_code": 61, "block_label": "1-61", "planted_ha": 4.0, "palms": 542, "planted_year": 2013, "abw_kg": 21.8, "rotation_target_days": 10, "gang_code": "", "road_condition": "fair", "bunches_per_day": 20.6, "centroid_lon": 140.294525, "centroid_lat": -6.613204}, "geometry": {"type": "Polygon", "coordinates": [[[140.293319, -6.612959], [140.29452, -6.611888], [140.295663, -6.613297], [140.295187, -6.614206], [140.294484, -6.614349], [140.293308, -6.613116], [140.293319, -6.612959]]]}}, {"type": "Feature", "properties": {"division_code": 1, "block_code": 62, "block_label": "1-62", "planted_ha": 3.3, "palms": 444, "planted_year": 2015, "abw_kg": 22.4, "rotation_target_days": 10, "gang_code": "", "road_condition": "fair", "bunches_per_day": 16.9, "centroid_lon": 140.296268, "centroid_lat": -6.614236}, "geometry": {"type": "Polygon", "coordinates": [[[140.295221, -6.614219], [140.295696, -6.613311], [140.296266, -6.613201], [140.29747, -6.614367], [140.296265, -6.615395], [140.295221, -6.614219]]]}}, {"type": "Feature", "properties": {"division_code": 1, "block_code": 63, "block_label": "1-63", "planted_ha": 3.93, "palms": 532, "planted_year": 2015, "abw_kg": 21.9, "rotation_target_days": 10, "gang_code": "", "road_condition": "good", "bunches_per_day": 17.7, "centroid_lon": 140.297497, "centroid_lat": -6.61315}, "geometry": {"type": "Polygon", "coordinates": [[[140.297039, -6.612099], [140.297939, -6.612186], [140.298666, -6.613243], [140.297734, -6.614329], [140.297504, -6.614349], [140.296295, -6.61318], [140.297039, -6.612099]]]}}, {"type": "Feature", "properties": {"division_code": 1, "block_code": 64, "block_label": "1-64", "planted_ha": 3.43, "palms": 466, "planted_year": 2009, "abw_kg": 21.7, "rotation_target_days": 10, "gang_code": "", "road_condition": "good", "bunches_per_day": 15.7, "centroid_lon": 140.274857, "centroid_lat": -6.614557}, "geometry": {"type": "Polygon", "coordinates": [[[140.27447, -6.613392], [140.276054, -6.614422], [140.276003, -6.614763], [140.274495, -6.61573], [140.273852, -6.61447], [140.27447, -6.613392]]]}}, {"type": "Feature", "properties": {"division_code": 1, "block_code": 65, "block_label": "1-65", "planted_ha": 3.92, "palms": 526, "planted_year": 2010, "abw_kg": 22.0, "rotation_target_days": 10, "gang_code": "", "road_condition": "good", "bunches_per_day": 19.4, "centroid_lon": 140.277143, "centroid_lat": -6.614705}, "geometry": {"type": "Polygon", "coordinates": [[[140.276704, -6.615695], [140.276039, -6.61477], [140.276091, -6.614421], [140.276878, -6.613619], [140.277238, -6.613617], [140.278385, -6.61459], [140.277555, -6.615721], [140.276704, -6.615695]]]}}, {"type": "Feature", "properties": {"division_code": 1, "block_code": 66, "block_label": "1-66", "planted_ha": 4.53, "palms": 623, "planted_year": 2012, "abw_kg": 21.4, "rotation_target_days": 10, "gang_code": "", "road_condition": "fair", "bunches_per_day": 22.5, "centroid_lon": 140.282698, "centroid_lat": -6.614517}, "geometry": {"type": "Polygon", "coordinates": [[[140.281356, -6.614627], [140.282353, -6.613386], [140.282809, -6.613405], [140.28354, -6.613953], [140.284081, -6.61433], [140.284044, -6.614672], [140.28334, -6.615165], [140.282431, -6.61576], [140.281356, -6.614627]]]}}, {"type": "Feature", "properties": {"division_code": 1, "block_code": 67, "block_label": "1-67", "planted_ha": 4.65, "palms": 618, "planted_year": 2013, "abw_kg": 21.7, "rotation_target_days": 10, "gang_code": "", "road_condition": "fair", "bunches_per_day": 23.6, "centroid_lon": 140.285275, "centroid_lat": -6.614582}, "geometry": {"type": "Polygon", "coordinates": [[[140.28408, -6.614675], [140.284117, -6.614329], [140.285046, -6.613327], [140.285292, -6.613333], [140.286466, -6.61408], [140.285659, -6.615977], [140.285303, -6.615978], [140.28408, -6.614675]]]}}, {"type": "Feature", "properties": {"division_code": 1, "block_code": 68, "block_label": "1-68", "planted_ha": 4.02, "palms": 533, "planted_year": 2013, "abw_kg": 21.5, "rotation_target_days": 10, "gang_code": "", "road_condition": "good", "bunches_per_day": 19.8, "centroid_lon": 140.291015, "centroid_lat": -6.614632}, "geometry": {"type": "Polygon", "coordinates": [[[140.289968, -6.613953], [140.290422, -6.613525], [140.290895, -6.613547], [140.292136, -6.614232], [140.29217, -6.614409], [140.291741, -6.615104], [140.29117, -6.615969], [140.290703, -6.615956], [140.289968, -6.613953]]]}}, {"type": "Feature", "properties": {"division_code": 1, "block_code": 69, "block_label": "1-69", "planted_ha": 3.67, "palms": 496, "planted_year": 2013, "abw_kg": 21.5, "rotation_target_days": 10, "gang_code": "", "road_condition": "fair", "bunches_per_day": 19.3, "centroid_lon": 140.293364, "centroid_lat": -6.614387}, "geometry": {"type": "Polygon", "coordinates": [[[140.292205, -6.614403], [140.292172, -6.614226], [140.293289, -6.613148], [140.294456, -6.614373], [140.293968, -6.615434], [140.293417, -6.615453], [140.292205, -6.614403]]]}}, {"type": "Feature", "properties": {"division_code": 1, "block_code": 70, "block_label": "1-70", "planted_ha": 1.87, "palms": 247, "planted_year": 2015, "abw_kg": 22.2, "rotation_target_days": 10, "gang_code": "", "road_condition": "poor", "bunches_per_day": 9.0, "centroid_lon": 140.298482, "centroid_lat": -6.614434}, "geometry": {"type": "Polygon", "coordinates": [[[140.297765, -6.614348], [140.298697, -6.613263], [140.298864, -6.613272], [140.298864, -6.615557], [140.298537, -6.615527], [140.297765, -6.614348]]]}}, {"type": "Feature", "properties": {"division_code": 2, "block_code": 1, "block_label": "2-1", "planted_ha": 1.98, "palms": 273, "planted_year": 2010, "abw_kg": 21.7, "rotation_target_days": 10, "gang_code": "", "road_condition": "fair", "bunches_per_day": 10.4, "centroid_lon": 140.273779, "centroid_lat": -6.615539}, "geometry": {"type": "Polygon", "coordinates": [[[140.273342, -6.616639], [140.273366, -6.61448], [140.273821, -6.614487], [140.274468, -6.615756], [140.274348, -6.616072], [140.273342, -6.616639]]]}}, {"type": "Feature", "properties": {"division_code": 2, "block_code": 2, "block_label": "2-2", "planted_ha": 3.34, "palms": 443, "planted_year": 2010, "abw_kg": 21.5, "rotation_target_days": 10, "gang_code": "", "road_condition": "fair", "bunches_per_day": 16.4, "centroid_lon": 140.278604, "centroid_lat": -6.615659}, "geometry": {"type": "Polygon", "coordinates": [[[140.278188, -6.616734], [140.277586, -6.61574], [140.278418, -6.614607], [140.278823, -6.614645], [140.2797, -6.615289], [140.279698, -6.615346], [140.27874, -6.616724], [140.278188, -6.616734]]]}}, {"type": "Feature", "properties": {"division_code": 2, "block_code": 3, "block_label": "2-3", "planted_ha": 4.4, "palms": 606, "planted_year": 2014, "abw_kg": 21.4, "rotation_target_days": 10, "gang_code": "", "road_condition": "good", "bunches_per_day": 20.3, "centroid_lon": 140.286812, "centroid_lat": -6.615448}, "geometry": {"type": "Polygon", "coordinates": [[[140.286501, -6.61409], [140.286837, -6.61404], [140.2874, -6.614667], [140.288094, -6.615485], [140.286654, -6.616812], [140.285693, -6.61599], [140.286501, -6.61409]]]}}, {"type": "Feature", "properties": {"division_code": 2, "block_code": 4, "block_label": "2-4", "planted_ha": 4.26, "palms": 579, "planted_year": 2013, "abw_kg": 22.4, "rotation_target_days": 10, "gang_code": "", "road_condition": "good", "bunches_per_day": 18.8, "centroid_lon": 140.28959, "centroid_lat": -6.615342}, "geometry": {"type": "Polygon", "coordinates": [[[140.288425, -6.6155], [140.289348, -6.61406], [140.289935, -6.613968], [140.290668, -6.615966], [140.289553, -6.616659], [140.288425, -6.6155]]]}}, {"type": "Feature", "properties": {"division_code": 2, "block_code": 5, "block_label": "2-5", "planted_ha": 3.26, "palms": 443, "planted_year": 2013, "abw_kg": 22.1, "rotation_target_days": 10, "gang_code": "", "road_condition": "fair", "bunches_per_day": 16.2, "centroid_lon": 140.292273, "centroid_lat": -6.61568}, "geometry": {"type": "Polygon", "coordinates": [[[140.291204, -6.615983], [140.291772, -6.615123], [140.292193, -6.61444], [140.293386, -6.615474], [140.292298, -6.61683], [140.292189, -6.616828], [140.291204, -6.615983]]]}}, {"type": "Feature", "properties": {"division_code": 2, "block_code": 6, "block_label": "2-6", "planted_ha": 4.02, "palms": 546, "planted_year": 2014, "abw_kg": 21.8, "rotation_target_days": 10, "gang_code": "", "road_condition": "good", "bunches_per_day": 21.6, "centroid_lon": 140.295069, "centroid_lat": -6.615423}, "geometry": {"type": "Polygon", "coordinates": [[[140.294001, -6.615449], [140.29449, -6.614385], [140.295193, -6.614241], [140.296245, -6.615426], [140.296233, -6.615555], [140.294985, -6.616809], [140.294001, -6.615449]]]}}, {"type": "Feature", "properties": {"division_code": 2, "block_code": 7, "block_label": "2-7", "planted_ha": 3.36, "palms": 442, "planted_year": 2015, "abw_kg": 21.8, "rotation_target_days": 10, "gang_code": "", "road_condition": "fair", "bunches_per_day": 17.6, "centroid_lon": 140.297437, "centroid_lat": -6.615479}, "geometry": {"type": "Polygon", "coordinates": [[[140.297505, -6.614385], [140.297734, -6.614365], [140.298504, -6.615542], [140.297539, -6.616652], [140.29627, -6.615556], [140.296281, -6.615429], [140.297505, -6.614385]]]}}, {"type": "Feature", "properties": {"division_code": 2, "block_code": 8, "block_label": "2-8", "planted_ha": 3.76, "palms": 515, "planted_year": 2010, "abw_kg": 21.6, "rotation_target_days": 10, "gang_code": "", "road_condition": "fair", "bunches_per_day": 16.7, "centroid_lon": 140.275634, "centroid_lat": -6.616006}, "geometry": {"type": "Polygon", "coordinates": [[[140.274384, -6.616079], [140.274503, -6.615767], [140.276015, -6.614799], [140.276674, -6.615716], [140.276015, -6.617189], [140.2758, -6.617239], [140.274384, -6.616079]]]}}, {"type": "Feature", "properties": {"division_code": 2, "block_code": 9, "block_label": "2-9", "planted_ha": 3.37, "palms": 463, "planted_year": 2010, "abw_kg": 22.5, "rotation_target_days": 10, "gang_code": "", "road_condition": "fair", "bunches_per_day": 17.3, "centroid_lon": 140.277113, "centroid_lat": -6.61673}, "geometry": {"type": "Polygon", "coordinates": [[[140.276707, -6.615731], [140.277554, -6.615757], [140.278156, -6.616751], [140.277285, -6.617839], [140.276051, -6.617196], [140.276707, -6.615731]]]}}, {"type": "Feature", "properties": {"division_code": 2, "block_code": 10, "block_label": "2-10", "planted_ha": 3.03, "palms": 398, "planted_year": 2012, "abw_kg": 21.6, "rotation_target_days": 10, "gang_code": "", "road_condition": "fair", "bunches_per_day": 14.3, "centroid_lon": 140.279715, "centroid_lat": -6.616778}, "geometry": {"type": "Polygon", "coordinates": [[[140.278772, -6.616741], [140.279714, -6.615386], [140.280605, -6.616976], [140.279834, -6.618101], [140.278772, -6.616741]]]}}, {"type": "Feature", "properties": {"division_code": 2, "block_code": 11, "block_label": "2-11", "planted_ha": 4.84, "palms": 646, "planted_year": 2013, "abw_kg": 22.5, "rotation_target_days": 10, "gang_code": "", "road_condition": "good", "bunches_per_day": 23.4, "centroid_lon": 140.281085, "centroid_lat": -6.615813}, "geometry": {"type": "Polygon", "coordinates": [[[140.279734, -6.615348], [140.279736, -6.615291], [140.281111, -6.614606], [140.281323, -6.614644], [140.282411, -6.615791], [140.282413, -6.615873], [140.281616, -6.616918], [140.280637, -6.616958], [140.279734, -6.615348]]]}}, {"type": "Feature", "properties": {"division_code": 2, "block_code": 12, "block_label": "2-12", "planted_ha": 4.31, "palms": 573, "planted_year": 2013, "abw_kg": 22.4, "rotation_target_days": 10, "gang_code": "", "road_condition": "fair", "bunches_per_day": 23.1, "centroid_lon": 140.283894, "centroid_lat": -6.615928}, "geometry": {"type": "Polygon", "coordinates": [[[140.282447, -6.615793], [140.283361, -6.615195], [140.284059, -6.614706], [140.28527, -6.615995], [140.283949, -6.617168], [140.28245, -6.615871], [140.282447, -6.615793]]]}}, {"type": "Feature", "properties": {"division_code": 2, "block_code": 13, "block_label": "2-13", "planted_ha": 4.97, "palms": 670, "planted_year": 2014, "abw_kg": 21.5, "rotation_target_days": 10, "gang_code": "", "road_condition": "poor", "bunches_per_day": 26.8, "centroid_lon": 140.288154, "centroid_lat": -6.616776}, "geometry": {"type": "Polygon", "coordinates": [[[140.286716, -6.617053], [140.286674, -6.616843], [140.288126, -6.615506], [140.288394, -6.61552], [140.289532, -6.616688], [140.289489, -6.616966], [140.288241, -6.618041], [140.286716, -6.617053]]]}}, {"type": "Feature", "properties": {"division_code": 2, "block_code": 14, "block_label": "2-14", "planted_ha": 4.24, "palms": 564, "planted_year": 2015, "abw_kg": 22.2, "rotation_target_days": 10, "gang_code": "", "road_condition": "poor", "bunches_per_day": 19.4, "centroid_lon": 140.293677, "centroid_lat": -6.616625}, "geometry": {"type": "Polygon", "coordinates": [[[140.292333, -6.616844], [140.293419, -6.615489], [140.293971, -6.61547], [140.294964, -6.616842], [140.294952, -6.616982], [140.293587, -6.617761], [140.292333, -6.616844]]]}}, {"type": "Feature", "properties": {"division_code": 2, "block_code": 15, "block_label": "2-15", "planted_ha": 4.27, "palms": 590, "planted_year": 2014, "abw_kg": 22.4, "rotation_target_days": 10, "gang_code": "", "road_condition": "fair", "bunches_per_day": 20.1, "centroid_lon": 140.296257, "centroid_lat": -6.616864}, "geometry": {"type": "Polygon", "coordinates": [[[140.295, -6.616845], [140.296251, -6.615588], [140.297523, -6.616686], [140.297533, -6.616987], [140.296061, -6.618124], [140.294988, -6.616986], [140.295, -6.616845]]]}}, {"type": "Feature", "properties": {"division_code": 2, "block_code": 16, "block_label": "2-16", "planted_ha": 2.34, "palms": 313, "planted_year": 2016, "abw_kg": 20.4, "rotation_target_days": 10, "gang_code": "", "road_condition": "good", "bunches_per_day": 11.3, "centroid_lon": 140.298376, "centroid_lat": -6.616701}, "geometry": {"type": "Polygon", "coordinates": [[[140.297559, -6.616684], [140.298534, -6.615563], [140.298864, -6.615594], [140.298864, -6.617885], [140.298864, -6.6179], [140.298827, -6.617924], [140.298201, -6.617437], [140.297569, -6.616986], [140.297559, -6.616684]]]}}, {"type": "Feature", "properties": {"division_code": 2, "block_code": 17, "block_label": "2-17", "planted_ha": 4.32, "palms": 569, "planted_year": 2011, "abw_kg": 22.5, "rotation_target_days": 10, "gang_code": "", "road_condition": "poor", "bunches_per_day": 22.8, "centroid_lon": 140.27444, "centroid_lat": -6.617302}, "geometry": {"type": "Polygon", "coordinates": [[[140.27333, -6.617403], [140.273341, -6.616681], [140.274361, -6.616107], [140.27577, -6.617261], [140.274831, -6.618454], [140.274336, -6.618467], [140.27333, -6.617403]]]}}, {"type": "Feature", "properties": {"division_code": 2, "block_code": 18, "block_label": "2-18", "planted_ha": 4.5, "palms": 607, "planted_year": 2012, "abw_kg": 22.0, "rotation_target_days": 10, "gang_code": "", "road_condition": "fair", "bunches_per_day": 23.5, "centroid_lon": 140.276091, "centroid_lat": -6.618415}, "geometry": {"type": "Polygon", "coordinates": [[[140.275805, -6.617275], [140.276025, -6.617223], [140.277274, -6.617874], [140.277402, -6.618323], [140.276067, -6.619623], [140.275519, -6.619577], [140.274862, -6.618473], [140.275805, -6.617275]]]}}, {"type": "Feature", "properties": {"division_code": 2, "block_code": 19, "block_label": "2-19", "planted_ha": 4.74, "palms": 648, "planted_year": 2011, "abw_kg": 22.1, "rotation_target_days": 10, "gang_code": "", "road_condition": "good", "bunches_per_day": 22.8, "centroid_lon": 140.278585, "centroid_lat": -6.617998}, "geometry": {"type": "Polygon", "coordinates": [[[140.277438, -6.618317], [140.277309, -6.617866], [140.278187, -6.61677], [140.278741, -6.61676], [140.279817, -6.618137], [140.279808, -6.618566], [140.278794, -6.619255], [140.277438, -6.618317]]]}}, {"type": "Feature", "properties": {"division_code": 2, "block_code": 20, "block_label": "2-20", "planted_ha": 4.13, "palms": 560, "planted_year": 2012, "abw_kg": 21.6, "rotation_target_days": 10, "gang_code": "", "road_condition": "fair", "bunches_per_day": 22.2, "centroid_lon": 140.281005, "centroid_lat": -6.618031}, "geometry": {"type": "Polygon", "coordinates": [[[140.279844, -6.618564], [140.279853, -6.618137], [140.280636, -6.616995], [140.281613, -6.616955], [140.282127, -6.618385], [140.281414, -6.619032], [140.281098, -6.619083], [140.279844, -6.618564]]]}}, {"type": "Feature", "properties": {"division_code": 2, "block_code": 21, "block_label": "2-21", "planted_ha": 4.05, "palms": 532, "planted_year": 2014, "abw_kg": 21.8, "rotation_target_days": 10, "gang_code": "", "road_condition": "good", "bunches_per_day": 21.0, "centroid_lon": 140.282677, "centroid_lat": -6.617248}, "geometry": {"type": "Polygon", "coordinates": [[[140.281646, -6.616939], [140.282434, -6.615906], [140.28393, -6.617199], [140.283924, -6.617253], [140.282916, -6.618363], [140.282161, -6.618372], [140.281646, -6.616939]]]}}, {"type": "Feature", "properties": {"division_code": 2, "block_code": 22, "block_label": "2-22", "planted_ha": 4.65, "palms": 629, "planted_year": 2014, "abw_kg": 22.2, "rotation_target_days": 10, "gang_code": "", "road_condition": "fair", "bunches_per_day": 21.4, "centroid_lon": 140.285385, "centroid_lat": -6.617168}, "geometry": {"type": "Polygon", "coordinates": [[[140.28396, -6.617254], [140.283966, -6.617201], [140.285303, -6.616014], [140.285665, -6.616014], [140.286638, -6.616846], [140.286681, -6.61706], [140.286042, -6.618032], [140.285016, -6.618297], [140.28396, -6.617254]]]}}, {"type": "Feature", "properties": {"division_code": 2, "block_code": 23, "block_label": "2-23", "planted_ha": 4.27, "palms": 571, "planted_year": 2016, "abw_kg": 20.1, "rotation_target_days": 10, "gang_code": "", "road_condition": "fair", "bunches_per_day": 21.8, "centroid_lon": 140.287092, "centroid_lat": -6.618415}, "geometry": {"type": "Polygon", "coordinates": [[[140.286073, -6.618051], [140.286706, -6.617089], [140.288225, -6.618073], [140.288229, -6.618654], [140.287116, -6.619621], [140.286542, -6.619618], [140.286073, -6.618051]]]}}, {"type": "Feature", "properties": {"division_code": 2, "block_code": 24, "block_label": "2-24", "planted_ha": 3.96, "palms": 523, "planted_year": 2015, "abw_kg": 22.5, "rotation_target_days": 10, "gang_code": "", "road_condition": "good", "bunches_per_day": 18.8, "centroid_lon": 140.289343, "centroid_lat": -6.618279}, "geometry": {"type": "Polygon", "coordinates": [[[140.288261, -6.618071], [140.289504, -6.617001], [140.290565, -6.618239], [140.289384, -6.619526], [140.288265, -6.618653], [140.288261, -6.618071]]]}}, {"type": "Feature", "properties": {"division_code": 2, "block_code": 25, "block_label": "2-25", "planted_ha": 4.61, "palms": 625, "planted_year": 2014, "abw_kg": 21.9, "rotation_target_days": 10, "gang_code": "", "road_condition": "poor", "bunches_per_day": 23.9, "centroid_lon": 140.290843, "centroid_lat": -6.617084}, "geometry": {"type": "Polygon", "coordinates": [[[140.289525, -6.61697], [140.289568, -6.616693], [140.290695, -6.615992], [140.291173, -6.616005], [140.292158, -6.616849], [140.291175, -6.618358], [140.290599, -6.618223], [140.289525, -6.61697]]]}}, {"type": "Feature", "properties": {"division_code": 2, "block_code": 26, "block_label": "2-26", "planted_ha": 4.49, "palms": 613, "planted_year": 2015, "abw_kg": 21.6, "rotation_target_days": 10, "gang_code": "", "road_condition": "poor", "bunches_per_day": 23.6, "centroid_lon": 140.292401, "centroid_lat": -6.618192}, "geometry": {"type": "Polygon", "coordinates": [[[140.291205, -6.618379], [140.292191, -6.616864], [140.2923, -6.616866], [140.293566, -6.61779], [140.293396, -6.618731], [140.292211, -6.619351], [140.291818, -6.61933], [140.291205, -6.618379]]]}}, {"type": "Feature", "properties": {"division_code": 2, "block_code": 27, "block_label": "2-27", "planted_ha": 5.25, "palms": 714, "planted_year": 2015, "abw_kg": 21.6, "rotation_target_days": 10, "gang_code": "", "road_condition": "poor", "bunches_per_day": 23.3, "centroid_lon": 140.294707, "centroid_lat": -6.618357}, "geometry": {"type": "Polygon", "coordinates": [[[140.293432, -6.618736], [140.293602, -6.617794], [140.294966, -6.617016], [140.296042, -6.618156], [140.296046, -6.618463], [140.294698, -6.619762], [140.293432, -6.618736]]]}}, {"type": "Feature", "properties": {"division_code": 2, "block_code": 28, "block_label": "2-28", "planted_ha": 4.9, "palms": 664, "planted_year": 2016, "abw_kg": 20.1, "rotation_target_days": 10, "gang_code": "", "road_condition": "fair", "bunches_per_day": 23.7, "centroid_lon": 140.297489, "centroid_lat": -6.618281}, "geometry": {"type": "Polygon", "coordinates": [[[140.296862, -6.619049], [140.296083, -6.618461], [140.296078, -6.618157], [140.297552, -6.617018], [140.298179, -6.617466], [140.298806, -6.617954], [140.298696, -6.618512], [140.29761, -6.619547], [140.297485, -6.619557], [140.296862, -6.619049]]]}}, {"type": "Feature", "properties": {"division_code": 2, "block_code": 29, "block_label": "2-29", "planted_ha": 1.24, "palms": 170, "planted_year": 2012, "abw_kg": 22.4, "rotation_target_days": 10, "gang_code": "", "road_condition": "good", "bunches_per_day": 5.6, "centroid_lon": 140.273647, "centroid_lat": -6.618485}, "geometry": {"type": "Polygon", "coordinates": [[[140.273865, -6.618936], [140.273309, -6.619517], [140.273329, -6.617455], [140.274303, -6.618485], [140.273865, -6.618936]]]}}, {"type": "Feature", "properties": {"division_code": 2, "block_code": 30, "block_label": "2-30", "planted_ha": 3.84, "palms": 505, "planted_year": 2013, "abw_kg": 21.5, "rotation_target_days": 10, "gang_code": "", "road_condition": "poor", "bunches_per_day": 18.1, "centroid_lon": 140.274398, "centroid_lat": -6.619628}, "geometry": {"type": "Polygon", "coordinates": [[[140.273309, -6.61957], [140.274336, -6.618503], [140.27483, -6.61849], [140.275487, -6.619593], [140.274588, -6.620864], [140.273304, -6.620029], [140.273309, -6.61957]]]}}, {"type": "Feature", "properties": {"division_code": 2, "block_code": 31, "block_label": "2-31", "planted_ha": 3.96, "palms": 538, "planted_year": 2011, "abw_kg": 21.5, "rotation_target_days": 10, "gang_code": "", "road_condition": "good", "bunches_per_day": 20.3, "centroid_lon": 140.277362, "centroid_lat": -6.619537}, "geometry": {"type": "Polygon", "coordinates": [[[140.277424, -6.618351], [140.278774, -6.619286], [140.277151, -6.620725], [140.276923, -6.620703], [140.276098, -6.619643], [140.277424, -6.618351]]]}}, {"type": "Feature", "properties": {"division_code": 2, "block_code": 32, "block_label": "2-32", "planted_ha": 3.94, "palms": 542, "planted_year": 2013, "abw_kg": 22.2, "rotation_target_days": 10, "gang_code": "", "road_condition": "good", "bunches_per_day": 18.2, "centroid_lon": 140.282658, "centroid_lat": -6.619468}, "geometry": {"type": "Polygon", "coordinates": [[[140.281446, -6.619052], [140.282155, -6.618408], [140.282914, -6.618399], [140.28384, -6.619894], [140.282968, -6.620651], [140.282526, -6.620589], [140.281446, -6.619052]]]}}, {"type": "Feature", "properties": {"division_code": 2, "block_code": 33, "block_label": "2-33", "planted_ha": 3.75, "palms": 513, "planted_year": 2014, "abw_kg": 22.1, "rotation_target_days": 10, "gang_code": "", "road_condition": "good", "bunches_per_day": 18.8, "centroid_lon": 140.284011, "centroid_lat": -6.618623}, "geometry": {"type": "Polygon", "coordinates": [[[140.282947, -6.618383], [140.283942, -6.617287], [140.28499, -6.618322], [140.284403, -6.619889], [140.283873, -6.61988], [140.282947, -6.618383]]]}}, {"type": "Feature", "properties": {"division_code": 2, "block_code": 34, "block_label": "2-34", "planted_ha": 3.77, "palms": 502, "planted_year": 2014, "abw_kg": 21.5, "rotation_target_days": 10, "gang_code": "", "road_condition": "good", "bunches_per_day": 18.4, "centroid_lon": 140.285488, "centroid_lat": -6.619277}, "geometry": {"type": "Polygon", "coordinates": [[[140.285024, -6.618332], [140.28604, -6.618069], [140.286507, -6.619628], [140.285253, -6.620459], [140.284437, -6.619901], [140.285024, -6.618332]]]}}, {"type": "Feature", "properties": {"division_code": 2, "block_code": 35, "block_label": "2-35", "planted_ha": 4.33, "palms": 569, "planted_year": 2016, "abw_kg": 20.4, "rotation_target_days": 10, "gang_code": "", "road_condition": "fair", "bunches_per_day": 22.5, "centroid_lon": 140.29065, "centroid_lat": -6.619501}, "geometry": {"type": "Polygon", "coordinates": [[[140.289465, -6.6198], [140.289406, -6.619556], [140.290595, -6.618259], [140.291172, -6.618395], [140.291787, -6.619348], [140.290981, -6.620714], [140.290645, -6.620758], [140.289465, -6.6198]]]}}, {"type": "Feature", "properties": {"division_code": 2, "block_code": 36, "block_label": "2-36", "planted_ha": 4.62, "palms": 621, "planted_year": 2015, "abw_kg": 22.2, "rotation_target_days": 10, "gang_code": "", "road_condition": "fair", "bunches_per_day": 23.0, "centroid_lon": 140.296059, "centroid_lat": -6.619772}, "geometry": {"type": "Polygon", "coordinates": [[[140.294699, -6.619965], [140.294716, -6.619794], [140.296066, -6.618494], [140.29684, -6.619078], [140.297454, -6.619579], [140.296551, -6.620794], [140.295377, -6.620701], [140.294699, -6.619965]]]}}, {"type": "Feature", "properties": {"division_code": 2, "block_code": 37, "block_label": "2-37", "planted_ha": 1.86, "palms": 251, "planted_year": 2015, "abw_kg": 22.0, "rotation_target_days": 10, "gang_code": "", "road_condition": "fair", "bunches_per_day": 8.5, "centroid_lon": 140.298429, "centroid_lat": -6.61965}, "geometry": {"type": "Polygon", "coordinates": [[[140.297642, -6.619566], [140.298712, -6.618546], [140.298857, -6.618691], [140.298837, -6.620665], [140.298536, -6.620693], [140.297642, -6.619566]]]}}, {"type": "Feature", "properties": {"division_code": 2, "block_code": 38, "block_label": "2-38", "planted_ha": 1.93, "palms": 255, "planted_year": 2013, "abw_kg": 21.8, "rotation_target_days": 10, "gang_code": "", "road_condition": "fair", "bunches_per_day": 10.1, "centroid_lon": 140.273763, "centroid_lat": -6.621118}, "geometry": {"type": "Polygon", "coordinates": [[[140.274604, -6.621117], [140.273286, -6.622277], [140.273286, -6.621047], [140.273304, -6.620071], [140.274576, -6.620899], [140.274604, -6.621117]]]}}, {"type": "Feature", "properties": {"division_code": 2, "block_code": 39, "block_label": "2-39", "planted_ha": 3.86, "palms": 525, "planted_year": 2013, "abw_kg": 21.6, "rotation_target_days": 10, "gang_code": "", "road_condition": "good", "bunches_per_day": 17.7, "centroid_lon": 140.275711, "centroid_lat": -6.620765}, "geometry": {"type": "Polygon", "coordinates": [[[140.274611, -6.620894], [140.275517, -6.619613], [140.276065, -6.619659], [140.276889, -6.620719], [140.275644, -6.62205], [140.274641, -6.621115], [140.274611, -6.620894]]]}}, {"type": "Feature", "properties": {"division_code": 2, "block_code": 40, "block_label": "2-40", "planted_ha": 4.12, "palms": 546, "planted_year": 2011, "abw_kg": 22.2, "rotation_target_days": 10, "gang_code": "", "road_condition": "fair", "bunches_per_day": 21.0, "centroid_lon": 140.278412, "centroid_lat": -6.6208}, "geometry": {"type": "Polygon", "coordinates": [[[140.277182, -6.620746], [140.278783, -6.61933], [140.279484, -6.621082], [140.278386, -6.622106], [140.278238, -6.622113], [140.277182, -6.620746]]]}}, {"type": "Feature", "properties": {"division_code": 2, "block_code": 41, "block_label": "2-41", "planted_ha": 4.76, "palms": 650, "planted_year": 2011, "abw_kg": 22.4, "rotation_target_days": 10, "gang_code": "", "road_condition": "good", "bunches_per_day": 21.6, "centroid_lon": 140.279985, "centroid_lat": -6.619862}, "geometry": {"type": "Polygon", "coordinates": [[[140.27881, -6.619288], [140.279828, -6.618596], [140.281075, -6.619113], [140.280542, -6.621222], [140.279519, -6.621071], [140.27881, -6.619288]]]}}, {"type": "Feature", "properties": {"division_code": 2, "block_code": 42, "block_label": "2-42", "planted_ha": 3.21, "palms": 429, "planted_year": 2013, "abw_kg": 21.9, "rotation_target_days": 10, "gang_code": "", "road_condition": "good", "bunches_per_day": 14.6, "centroid_lon": 140.281414, "centroid_lat": -6.620408}, "geometry": {"type": "Polygon", "coordinates": [[[140.280575, -6.621236], [140.281111, -6.619118], [140.281414, -6.619069], [140.28249, -6.620601], [140.281065, -6.621587], [140.280966, -6.621579], [140.280575, -6.621236]]]}}, {"type": "Feature", "properties": {"division_code": 2, "block_code": 43, "block_label": "2-43", "planted_ha": 4.42, "palms": 595, "planted_year": 2014, "abw_kg": 21.8, "rotation_target_days": 10, "gang_code": "", "road_condition": "good", "bunches_per_day": 21.3, "centroid_lon": 140.284122, "centroid_lat": -6.620999}, "geometry": {"type": "Polygon", "coordinates": [[[140.283366, -6.622063], [140.282994, -6.620676], [140.28387, -6.619916], [140.284409, -6.619926], [140.285236, -6.620491], [140.285293, -6.621092], [140.284374, -6.622072], [140.283366, -6.622063]]]}}, {"type": "Feature", "properties": {"division_code": 2, "block_code": 44, "block_label": "2-44", "planted_ha": 4.71, "palms": 621, "planted_year": 2015, "abw_kg": 21.5, "rotation_target_days": 10, "gang_code": "", "road_condition": "fair", "bunches_per_day": 24.3, "centroid_lon": 140.286547, "centroid_lat": -6.6208}, "geometry": {"type": "Polygon", "coordinates": [[[140.285329, -6.621089], [140.285272, -6.62049], [140.286534, -6.619654], [140.287112, -6.619657], [140.287844, -6.621161], [140.286542, -6.622053], [140.285329, -6.621089]]]}}, {"type": "Feature", "properties": {"division_code": 2, "block_code": 45, "block_label": "2-45", "planted_ha": 3.76, "palms": 502, "planted_year": 2015, "abw_kg": 21.4, "rotation_target_days": 10, "gang_code": "", "road_condition": "poor", "bunches_per_day": 16.8, "centroid_lon": 140.288241, "centroid_lat": -6.619873}, "geometry": {"type": "Polygon", "coordinates": [[[140.287146, -6.619643], [140.288248, -6.618685], [140.28937, -6.619561], [140.289429, -6.619805], [140.288033, -6.621172], [140.287879, -6.621151], [140.287146, -6.619643]]]}}, {"type": "Feature", "properties": {"division_code": 2, "block_code": 46, "block_label": "2-46", "planted_ha": 4.23, "palms": 573, "planted_year": 2016, "abw_kg": 20.5, "rotation_target_days": 10, "gang_code": "", "road_condition": "good", "bunches_per_day": 19.8, "centroid_lon": 140.289376, "centroid_lat": -6.621116}, "geometry": {"type": "Polygon", "coordinates": [[[140.288065, -6.621192], [140.28945, -6.619834], [140.290616, -6.620781], [140.289695, -6.622249], [140.289072, -6.622246], [140.288065, -6.621192]]]}}, {"type": "Feature", "properties": {"division_code": 2, "block_code": 47, "block_label": "2-47", "planted_ha": 3.42, "palms": 464, "planted_year": 2017, "abw_kg": 19.7, "rotation_target_days": 10, "gang_code": "", "road_condition": "good", "bunches_per_day": 18.4, "centroid_lon": 140.292079, "centroid_lat": -6.620547}, "geometry": {"type": "Polygon", "coordinates": [[[140.291818, -6.619366], [140.292205, -6.619386], [140.29319, -6.620838], [140.292092, -6.621707], [140.291015, -6.620728], [140.291818, -6.619366]]]}}, {"type": "Feature", "properties": {"division_code": 2, "block_code": 48, "block_label": "2-48", "planted_ha": 3.45, "palms": 466, "planted_year": 2016, "abw_kg": 21.0, "rotation_target_days": 10, "gang_code": "", "road_condition": "fair", "bunches_per_day": 15.8, "centroid_lon": 140.293461, "centroid_lat": -6.619795}, "geometry": {"type": "Polygon", "coordinates": [[[140.292241, -6.619376], [140.29341, -6.618765], [140.29468, -6.619794], [140.294663, -6.619962], [140.293602, -6.620815], [140.293224, -6.620823], [140.292241, -6.619376]]]}}, {"type": "Feature", "properties": {"division_code": 2, "block_code": 49, "block_label": "2-49", "planted_ha": 3.67, "palms": 508, "planted_year": 2015, "abw_kg": 22.3, "rotation_target_days": 10, "gang_code": "", "road_condition": "fair", "bunches_per_day": 17.9, "centroid_lon": 140.297534, "centroid_lat": -6.620919}, "geometry": {"type": "Polygon", "coordinates": [[[140.296579, -6.620816], [140.297489, -6.619593], [140.29761, -6.619583], [140.298508, -6.620715], [140.298065, -6.621916], [140.296943, -6.62197], [140.296579, -6.620816]]]}}, {"type": "Feature", "properties": {"division_code": 2, "block_code": 50, "block_label": "2-50", "planted_ha": 3.68, "palms": 481, "planted_year": 2014, "abw_kg": 22.5, "rotation_target_days": 10, "gang_code": "", "road_condition": "good", "bunches_per_day": 17.8, "centroid_lon": 140.274493, "centroid_lat": -6.622336}, "geometry": {"type": "Polygon", "coordinates": [[[140.274102, -6.623374], [140.273286, -6.622394], [140.273286, -6.622342], [140.274623, -6.621149], [140.275629, -6.622085], [140.275648, -6.622175], [140.274929, -6.623206], [140.274102, -6.623374]]]}}, {"type": "Feature", "properties": {"division_code": 2, "block_code": 51, "block_label": "2-51", "planted_ha": 3.82, "palms": 505, "planted_year": 2013, "abw_kg": 21.7, "rotation_target_days": 10, "gang_code": "", "road_condition": "good", "bunches_per_day": 18.1, "centroid_lon": 140.276969, "centroid_lat": -6.621936}, "geometry": {"type": "Polygon", "coordinates": [[[140.275684, -6.622168], [140.275665, -6.622081], [140.27692, -6.620739], [140.277148, -6.620761], [140.278205, -6.622129], [140.277152, -6.623045], [140.275684, -6.622168]]]}}, {"type": "Feature", "properties": {"division_code": 2, "block_code": 52, "block_label": "2-52", "planted_ha": 4.46, "palms": 596, "planted_year": 2013, "abw_kg": 21.8, "rotation_target_days": 10, "gang_code": "", "road_condition": "fair", "bunches_per_day": 22.1, "centroid_lon": 140.279774, "centroid_lat": -6.622175}, "geometry": {"type": "Polygon", "coordinates": [[[140.278419, -6.622125], [140.279512, -6.621106], [140.280547, -6.621259], [140.280937, -6.621602], [140.280367, -6.623318], [140.279308, -6.623171], [140.278419, -6.622125]]]}}, {"type": "Feature", "properties": {"division_code": 2, "block_code": 53, "block_label": "2-53", "planted_ha": 3.39, "palms": 463, "planted_year": 2012, "abw_kg": 21.5, "rotation_target_days": 10, "gang_code": "", "road_condition": "fair", "bunches_per_day": 16.5, "centroid_lon": 140.282399, "centroid_lat": -6.621686}, "geometry": {"type": "Polygon", "coordinates": [[[140.281968, -6.622326], [140.2811, -6.621607], [140.28252, -6.620624], [140.282959, -6.620686], [140.283333, -6.622076], [140.282668, -6.62286], [140.281968, -6.622326]]]}}, {"type": "Feature", "properties": {"division_code": 2, "block_code": 54, "block_label": "2-54", "planted_ha": 4.0, "palms": 544, "planted_year": 2015, "abw_kg": 22.3, "rotation_target_days": 10, "gang_code": "", "road_condition": "fair", "bunches_per_day": 19.0, "centroid_lon": 140.285402, "centroid_lat": -6.622434}, "geometry": {"type": "Polygon", "coordinates": [[[140.284402, -6.622094], [140.285314, -6.621123], [140.286523, -6.622084], [140.286517, -6.622239], [140.28555, -6.623668], [140.284953, -6.623719], [140.284402, -6.622094]]]}}, {"type": "Feature", "properties": {"division_code": 2, "block_code": 55, "block_label": "2-55", "planted_ha": 3.82, "palms": 513, "planted_year": 2016, "abw_kg": 20.4, "rotation_target_days": 10, "gang_code": "", "road_condition": "good", "bunches_per_day": 17.6, "centroid_lon": 140.287828, "centroid_lat": -6.622286}, "geometry": {"type": "Polygon", "coordinates": [[[140.286553, -6.622237], [140.286559, -6.622085], [140.287872, -6.621187], [140.288031, -6.621208], [140.289041, -6.622266], [140.288445, -6.623141], [140.287643, -6.62332], [140.286553, -6.622237]]]}}, {"type": "Feature", "properties": {"division_code": 2, "block_code": 56, "block_label": "2-56", "planted_ha": 4.6, "palms": 601, "planted_year": 2017, "abw_kg": 19.3, "rotation_target_days": 10, "gang_code": "", "road_condition": "fair", "bunches_per_day": 24.4, "centroid_lon": 140.290957, "centroid_lat": -6.622063}, "geometry": {"type": "Polygon", "coordinates": [[[140.290651, -6.620793], [140.290986, -6.62075], [140.292075, -6.621739], [140.292162, -6.622274], [140.290987, -6.623313], [140.290641, -6.62329], [140.289727, -6.622266], [140.290651, -6.620793]]]}}, {"type": "Feature", "properties": {"division_code": 2, "block_code": 57, "block_label": "2-57", "planted_ha": 3.29, "palms": 431, "planted_year": 2017, "abw_kg": 19.3, "rotation_target_days": 10, "gang_code": "", "road_condition": "fair", "bunches_per_day": 16.0, "centroid_lon": 140.293165, "centroid_lat": -6.621935}, "geometry": {"type": "Polygon", "coordinates": [[[140.292197, -6.622269], [140.292111, -6.621738], [140.293222, -6.62086], [140.293596, -6.620851], [140.294116, -6.622332], [140.293471, -6.623037], [140.292197, -6.622269]]]}}, {"type": "Feature", "properties": {"division_code": 2, "block_code": 58, "block_label": "2-58", "planted_ha": 3.07, "palms": 408, "planted_year": 2016, "abw_kg": 20.3, "rotation_target_days": 10, "gang_code": "", "road_condition": "fair", "bunches_per_day": 14.4, "centroid_lon": 140.294518, "centroid_lat": -6.621188}, "geometry": {"type": "Polygon", "coordinates": [[[140.294149, -6.622316], [140.29363, -6.620839], [140.294679, -6.619996], [140.295348, -6.620723], [140.294933, -6.622195], [140.294149, -6.622316]]]}}, {"type": "Feature", "properties": {"division_code": 2, "block_code": 59, "block_label": "2-59", "planted_ha": 3.62, "palms": 490, "planted_year": 2016, "abw_kg": 20.6, "rotation_target_days": 10, "gang_code": "", "road_condition": "fair", "bunches_per_day": 17.3, "centroid_lon": 140.295948, "centroid_lat": -6.62178}, "geometry": {"type": "Polygon", "coordinates": [[[140.294969, -6.622204], [140.295381, -6.620738], [140.296546, -6.62083], [140.29691, -6.621986], [140.29619, -6.622959], [140.296058, -6.622978], [140.294969, -6.622204]]]}}, {"type": "Feature", "properties": {"division_code": 2, "block_code": 60, "block_label": "2-60", "planted_ha": 1.03, "palms": 135, "planted_year": 2016, "abw_kg": 21.0, "rotation_target_days": 10, "gang_code": "", "road_condition": "good", "bunches_per_day": 4.9, "centroid_lon": 140.29856, "centroid_lat": -6.621615}, "geometry": {"type": "Polygon", "coordinates": [[[140.298099, -6.621929], [140.298541, -6.620729], [140.298837, -6.620702], [140.298795, -6.622592], [140.298099, -6.621929]]]}}, {"type": "Feature", "properties": {"division_code": 2, "block_code": 61, "block_label": "2-61", "planted_ha": 1.28, "palms": 177, "planted_year": 2014, "abw_kg": 22.5, "rotation_target_days": 10, "gang_code": "", "road_condition": "poor", "bunches_per_day": 6.1, "centroid_lon": 140.273552, "centroid_lat": -6.623647}, "geometry": {"type": "Polygon", "coordinates": [[[140.274074, -6.623397], [140.273412, -6.624874], [140.273286, -6.624882], [140.273286, -6.622452], [140.274074, -6.623397]]]}}, {"type": "Feature", "properties": {"division_code": 2, "block_code": 62, "block_label": "2-62", "planted_ha": 3.48, "palms": 455, "planted_year": 2014, "abw_kg": 21.8, "rotation_target_days": 10, "gang_code": "", "road_condition": "good", "bunches_per_day": 15.4, "centroid_lon": 140.276012, "centroid_lat": -6.62334}, "geometry": {"type": "Polygon", "coordinates": [[[140.274961, -6.623224], [140.275673, -6.622203], [140.277136, -6.623077], [140.277128, -6.623444], [140.275808, -6.62459], [140.274961, -6.623224]]]}}, {"type": "Feature", "properties": {"division_code": 2, "block_code": 63, "block_label": "2-63", "planted_ha": 4.16, "palms": 558, "planted_year": 2013, "abw_kg": 21.7, "rotation_target_days": 10, "gang_code": "", "road_condition": "good", "bunches_per_day": 19.7, "centroid_lon": 140.278253, "centroid_lat": -6.623452}, "geometry": {"type": "Polygon", "coordinates": [[[140.277172, -6.623076], [140.278236, -6.62215], [140.278386, -6.622142], [140.279277, -6.623192], [140.278661, -6.624843], [140.278289, -6.6248], [140.277164, -6.623445], [140.277172, -6.623076]]]}}, {"type": "Feature", "properties": {"division_code": 2, "block_code": 64, "block_label": "2-64", "planted_ha": 3.92, "palms": 542, "planted_year": 2013, "abw_kg": 22.6, "rotation_target_days": 10, "gang_code": "", "road_condition": "fair", "bunches_per_day": 19.1, "centroid_lon": 140.281398, "centroid_lat": -6.622978}, "geometry": {"type": "Polygon", "coordinates": [[[140.2804, -6.623334], [140.280971, -6.621616], [140.281063, -6.621623], [140.281945, -6.622354], [140.282652, -6.622894], [140.282647, -6.623113], [140.281099, -6.624261], [140.2804, -6.623334]]]}}, {"type": "Feature", "properties": {"division_code": 2, "block_code": 65, "block_label": "2-65", "planted_ha": 3.85, "palms": 530, "planted_year": 2013, "abw_kg": 21.9, "rotation_target_days": 10, "gang_code": "", "road_condition": "poor", "bunches_per_day": 17.3, "centroid_lon": 140.283847, "centroid_lat": -6.623099}, "geometry": {"type": "Polygon", "coordinates": [[[140.282683, -6.623114], [140.282688, -6.622892], [140.283361, -6.622099], [140.284369, -6.622108], [140.284919, -6.623732], [140.284446, -6.624101], [140.283841, -6.624167], [140.282683, -6.623114]]]}}, {"type": "Feature", "properties": {"division_code": 2, "block_code": 66, "block_label": "2-66", "planted_ha": 3.54, "palms": 464, "planted_year": 2015, "abw_kg": 22.2, "rotation_target_days": 10, "gang_code": "", "road_condition": "good", "bunches_per_day": 15.7, "centroid_lon": 140.28667, "centroid_lat": -6.6236}, "geometry": {"type": "Polygon", "coordinates": [[[140.285583, -6.623683], [140.286538, -6.622272], [140.287617, -6.623344], [140.287232, -6.624683], [140.286575, -6.624678], [140.285583, -6.623683]]]}}, {"type": "Feature", "properties": {"division_code": 2, "block_code": 67, "block_label": "2-67", "planted_ha": 3.68, "palms": 491, "planted_year": 2017, "abw_kg": 19.6, "rotation_target_days": 10, "gang_code": "", "road_condition": "good", "bunches_per_day": 18.4, "centroid_lon": 140.289486, "centroid_lat": -6.623365}, "geometry": {"type": "Polygon", "coordinates": [[[140.289074, -6.622282], [140.289696, -6.622285], [140.290609, -6.623308], [140.289556, -6.62463], [140.289235, -6.624618], [140.288477, -6.623158], [140.289074, -6.622282]]]}}, {"type": "Feature", "properties": {"division_code": 2, "block_code": 68, "block_label": "2-68", "planted_ha": 4.18, "palms": 573, "planted_year": 2017, "abw_kg": 19.6, "rotation_target_days": 10, "gang_code": "", "road_condition": "good", "bunches_per_day": 20.3, "centroid_lon": 140.292348, "centroid_lat": -6.623453}, "geometry": {"type": "Polygon", "coordinates": [[[140.291018, -6.623334], [140.292183, -6.622303], [140.293458, -6.623072], [140.293554, -6.623743], [140.292724, -6.624424], [140.291861, -6.624404], [140.291018, -6.623334]]]}}, {"type": "Feature", "properties": {"division_code": 2, "block_code": 69, "block_label": "2-69", "planted_ha": 4.4, "palms": 606, "planted_year": 2017, "abw_kg": 18.7, "rotation_target_days": 10, "gang_code": "", "road_condition": "fair", "bunches_per_day": 21.1, "centroid_lon": 140.294669, "centroid_lat": -6.623285}, "geometry": {"type": "Polygon", "coordinates": [[[140.29359, -6.62374], [140.293493, -6.623067], [140.294146, -6.622353], [140.294943, -6.62223], [140.296027, -6.623001], [140.294988, -6.6244], [140.294584, -6.624449], [140.29359, -6.62374]]]}}, {"type": "Feature", "properties": {"division_code": 2, "block_code": 70, "block_label": "2-70", "planted_ha": 3.95, "palms": 523, "planted_year": 2016, "abw_kg": 20.9, "rotation_target_days": 10, "gang_code": "", "road_condition": "good", "bunches_per_day": 18.1, "centroid_lon": 140.297492, "centroid_lat": -6.62286}, "geometry": {"type": "Polygon", "coordinates": [[[140.296223, -6.622974], [140.29694, -6.622007], [140.298071, -6.621952], [140.298791, -6.622638], [140.298785, -6.622759], [140.297366, -6.624087], [140.296223, -6.622974]]]}}, {"type": "Feature", "properties": {"division_code": 3, "block_code": 1, "block_label": "3-1", "planted_ha": 3.77, "palms": 515, "planted_year": 2014, "abw_kg": 22.0, "rotation_target_days": 10, "gang_code": "", "road_condition": "good", "bunches_per_day": 16.8, "centroid_lon": 140.274574, "centroid_lat": -6.62437}, "geometry": {"type": "Polygon", "coordinates": [[[140.274107, -6.62341], [140.27493, -6.623243], [140.275784, -6.62462], [140.275774, -6.624657], [140.274329, -6.625456], [140.273447, -6.624884], [140.274107, -6.62341]]]}}, {"type": "Feature", "properties": {"division_code": 3, "block_code": 2, "block_label": "3-2", "planted_ha": 3.77, "palms": 518, "planted_year": 2013, "abw_kg": 22.5, "rotation_target_days": 10, "gang_code": "", "road_condition": "good", "bunches_per_day": 17.6, "centroid_lon": 140.277045, "centroid_lat": -6.624717}, "geometry": {"type": "Polygon", "coordinates": [[[140.275809, -6.624665], [140.27582, -6.624628], [140.277144, -6.623478], [140.278256, -6.624817], [140.277406, -6.625694], [140.276704, -6.625708], [140.275809, -6.624665]]]}}, {"type": "Feature", "properties": {"division_code": 3, "block_code": 3, "block_label": "3-3", "planted_ha": 4.5, "palms": 618, "planted_year": 2013, "abw_kg": 21.8, "rotation_target_days": 10, "gang_code": "", "road_condition": "fair", "bunches_per_day": 21.4, "centroid_lon": 140.279869, "centroid_lat": -6.624367}, "geometry": {"type": "Polygon", "coordinates": [[[140.27931, -6.623208], [140.280369, -6.623355], [140.281077, -6.624292], [140.28107, -6.624704], [140.279663, -6.625598], [140.278695, -6.624856], [140.27931, -6.623208]]]}}, {"type": "Feature", "properties": {"division_code": 3, "block_code": 4, "block_label": "3-4", "planted_ha": 4.83, "palms": 666, "planted_year": 2012, "abw_kg": 22.2, "rotation_target_days": 10, "gang_code": "", "road_condition": "fair", "bunches_per_day": 24.1, "centroid_lon": 140.282438, "centroid_lat": -6.624458}, "geometry": {"type": "Polygon", "coordinates": [[[140.281113, -6.624295], [140.282663, -6.623146], [140.283811, -6.624189], [140.282558, -6.625856], [140.281106, -6.624706], [140.281113, -6.624295]]]}}, {"type": "Feature", "properties": {"division_code": 3, "block_code": 5, "block_label": "3-5", "planted_ha": 3.81, "palms": 524, "planted_year": 2013, "abw_kg": 21.8, "rotation_target_days": 10, "gang_code": "", "road_condition": "fair", "bunches_per_day": 17.1, "centroid_lon": 140.285461, "centroid_lat": -6.624822}, "geometry": {"type": "Polygon", "coordinates": [[[140.284474, -6.624125], [140.284947, -6.623756], [140.285553, -6.623704], [140.286545, -6.6247], [140.285851, -6.625978], [140.285064, -6.626001], [140.284474, -6.624125]]]}}, {"type": "Feature", "properties": {"division_code": 3, "block_code": 6, "block_label": "3-6", "planted_ha": 3.11, "palms": 409, "planted_year": 2016, "abw_kg": 21.1, "rotation_target_days": 10, "gang_code": "", "road_condition": "poor", "bunches_per_day": 15.9, "centroid_lon": 140.288173, "centroid_lat": -6.624255}, "geometry": {"type": "Polygon", "coordinates": [[[140.287267, -6.624694], [140.287652, -6.623355], [140.288446, -6.623177], [140.2892, -6.624629], [140.288068, -6.625304], [140.287267, -6.624694]]]}}, {"type": "Feature", "properties": {"division_code": 3, "block_code": 7, "block_label": "3-7", "planted_ha": 4.02, "palms": 541, "planted_year": 2016, "abw_kg": 20.4, "rotation_target_days": 10, "gang_code": "", "road_condition": "good", "bunches_per_day": 18.5, "centroid_lon": 140.290757, "centroid_lat": -6.624586}, "geometry": {"type": "Polygon", "coordinates": [[[140.289588, -6.624648], [140.290641, -6.623326], [140.290984, -6.623349], [140.291831, -6.624423], [140.291089, -6.625828], [140.290517, -6.625717], [140.289588, -6.624648]]]}}, {"type": "Feature", "properties": {"division_code": 3, "block_code": 8, "block_label": "3-8", "planted_ha": 3.4, "palms": 470, "planted_year": 2017, "abw_kg": 19.3, "rotation_target_days": 10, "gang_code": "", "road_condition": "poor", "bunches_per_day": 17.5, "centroid_lon": 140.293645, "centroid_lat": -6.624955}, "geometry": {"type": "Polygon", "coordinates": [[[140.29319, -6.626065], [140.29275, -6.624449], [140.293574, -6.623773], [140.294559, -6.624475], [140.294139, -6.625989], [140.29319, -6.626065]]]}}, {"type": "Feature", "properties": {"division_code": 3, "block_code": 9, "block_label": "3-9", "planted_ha": 4.33, "palms": 589, "planted_year": 2017, "abw_kg": 19.7, "rotation_target_days": 10, "gang_code": "", "road_condition": "fair", "bunches_per_day": 21.0, "centroid_lon": 140.296314, "centroid_lat": -6.624333}, "geometry": {"type": "Polygon", "coordinates": [[[140.295022, -6.624415], [140.296063, -6.623014], [140.296193, -6.622995], [140.29735, -6.624121], [140.297455, -6.624855], [140.296397, -6.625573], [140.295022, -6.624415]]]}}, {"type": "Feature", "properties": {"division_code": 3, "block_code": 10, "block_label": "3-10", "planted_ha": 2.75, "palms": 374, "planted_year": 2016, "abw_kg": 20.0, "rotation_target_days": 10, "gang_code": "", "road_condition": "good", "bunches_per_day": 13.1, "centroid_lon": 140.298225, "centroid_lat": -6.624233}, "geometry": {"type": "Polygon", "coordinates": [[[140.297386, -6.624119], [140.298791, -6.622803], [140.298785, -6.625073], [140.298467, -6.625322], [140.297491, -6.624851], [140.297386, -6.624119]]]}}, {"type": "Feature", "properties": {"division_code": 3, "block_code": 11, "block_label": "3-11", "planted_ha": 1.92, "palms": 265, "planted_year": 2014, "abw_kg": 21.5, "rotation_target_days": 10, "gang_code": "", "road_condition": "fair", "bunches_per_day": 9.7, "centroid_lon": 140.273692, "centroid_lat": -6.625972}, "geometry": {"type": "Polygon", "coordinates": [[[140.274312, -6.625488], [140.274341, -6.625761], [140.27367, -6.627104], [140.273322, -6.62711], [140.273286, -6.626193], [140.273286, -6.624918], [140.273419, -6.62491], [140.274312, -6.625488]]]}}, {"type": "Feature", "properties": {"division_code": 3, "block_code": 12, "block_label": "3-12", "planted_ha": 3.55, "palms": 492, "planted_year": 2013, "abw_kg": 21.8, "rotation_target_days": 10, "gang_code": "", "road_condition": "fair", "bunches_per_day": 17.1, "centroid_lon": 140.275586, "centroid_lat": -6.625789}, "geometry": {"type": "Polygon", "coordinates": [[[140.274348, -6.625487], [140.275785, -6.624692], [140.276674, -6.625729], [140.276052, -6.626882], [140.275754, -6.626918], [140.274989, -6.626252], [140.274377, -6.625755], [140.274348, -6.625487]]]}}, {"type": "Feature", "properties": {"division_code": 3, "block_code": 13, "block_label": "3-13", "planted_ha": 4.05, "palms": 532, "planted_year": 2014, "abw_kg": 21.5, "rotation_target_days": 10, "gang_code": "", "road_condition": "good", "bunches_per_day": 19.9, "centroid_lon": 140.278555, "centroid_lat": -6.625979}, "geometry": {"type": "Polygon", "coordinates": [[[140.277436, -6.625715], [140.278287, -6.624837], [140.278666, -6.62488], [140.279645, -6.625629], [140.279675, -6.626029], [140.278761, -6.6271], [140.2782, -6.627223], [140.277436, -6.625715]]]}}, {"type": "Feature", "properties": {"division_code": 3, "block_code": 14, "block_label": "3-14", "planted_ha": 5.24, "palms": 688, "planted_year": 2013, "abw_kg": 21.9, "rotation_target_days": 10, "gang_code": "", "road_condition": "fair", "bunches_per_day": 27.4, "centroid_lon": 140.281091, "centroid_lat": -6.626024}, "geometry": {"type": "Polygon", "coordinates": [[[140.279711, -6.626027], [140.279681, -6.625629], [140.281086, -6.624737], [140.282545, -6.625892], [140.282575, -6.626008], [140.281352, -6.62733], [140.281015, -6.627315], [140.279711, -6.626027]]]}}, {"type": "Feature", "properties": {"division_code": 3, "block_code": 15, "block_label": "3-15", "planted_ha": 4.91, "palms": 678, "planted_year": 2013, "abw_kg": 21.7, "rotation_target_days": 10, "gang_code": "", "road_condition": "good", "bunches_per_day": 26.5, "centroid_lon": 140.283906, "centroid_lat": -6.625579}, "geometry": {"type": "Polygon", "coordinates": [[[140.282611, -6.626002], [140.282581, -6.625886], [140.283845, -6.624203], [140.28444, -6.624138], [140.28503, -6.626014], [140.284106, -6.626847], [140.283732, -6.626826], [140.282611, -6.626002]]]}}, {"type": "Feature", "properties": {"division_code": 3, "block_code": 16, "block_label": "3-16", "planted_ha": 3.97, "palms": 527, "planted_year": 2015, "abw_kg": 21.9, "rotation_target_days": 10, "gang_code": "", "road_condition": "fair", "bunches_per_day": 17.6, "centroid_lon": 140.28703, "centroid_lat": -6.625764}, "geometry": {"type": "Polygon", "coordinates": [[[140.285884, -6.625993], [140.286578, -6.624715], [140.28724, -6.624719], [140.28805, -6.625335], [140.288082, -6.626132], [140.28718, -6.626784], [140.286595, -6.626796], [140.285884, -6.625993]]]}}, {"type": "Feature", "properties": {"division_code": 3, "block_code": 17, "block_label": "3-17", "planted_ha": 4.28, "palms": 593, "planted_year": 2015, "abw_kg": 21.8, "rotation_target_days": 10, "gang_code": "", "road_condition": "good", "bunches_per_day": 22.4, "centroid_lon": 140.2892, "centroid_lat": -6.625774}, "geometry": {"type": "Polygon", "coordinates": [[[140.288086, -6.625335], [140.289229, -6.624654], [140.289556, -6.624667], [140.290483, -6.625733], [140.289279, -6.627072], [140.288118, -6.626132], [140.288086, -6.625335]]]}}, {"type": "Feature", "properties": {"division_code": 3, "block_code": 18, "block_label": "3-18", "planted_ha": 3.92, "palms": 533, "planted_year": 2017, "abw_kg": 18.6, "rotation_target_days": 10, "gang_code": "", "road_condition": "fair", "bunches_per_day": 18.6, "centroid_lon": 140.292188, "centroid_lat": -6.625613}, "geometry": {"type": "Polygon", "coordinates": [[[140.29112, -6.625846], [140.291863, -6.62444], [140.292716, -6.62446], [140.293156, -6.626078], [140.292357, -6.626788], [140.291909, -6.626746], [140.29112, -6.625846]]]}}, {"type": "Feature", "properties": {"division_code": 3, "block_code": 19, "block_label": "3-19", "planted_ha": 3.49, "palms": 462, "planted_year": 2017, "abw_kg": 19.4, "rotation_target_days": 10, "gang_code": "", "road_condition": "good", "bunches_per_day": 16.6, "centroid_lon": 140.295126, "centroid_lat": -6.625583}, "geometry": {"type": "Polygon", "coordinates": [[[140.294173, -6.626001], [140.294594, -6.624484], [140.294992, -6.624436], [140.295606, -6.624972], [140.296375, -6.625602], [140.29636, -6.625651], [140.296197, -6.625788], [140.295002, -6.62675], [140.294173, -6.626001]]]}}, {"type": "Feature", "properties": {"division_code": 3, "block_code": 20, "block_label": "3-20", "planted_ha": 4.26, "palms": 589, "planted_year": 2016, "abw_kg": 21.1, "rotation_target_days": 10, "gang_code": "", "road_condition": "fair", "bunches_per_day": 21.5, "centroid_lon": 140.297546, "centroid_lat": -6.626078}, "geometry": {"type": "Polygon", "coordinates": [[[140.296395, -6.62566], [140.296411, -6.625607], [140.297477, -6.624884], [140.298454, -6.625356], [140.298603, -6.625804], [140.297977, -6.627294], [140.297179, -6.627297], [140.296395, -6.62566]]]}}, {"type": "Feature", "properties": {"division_code": 3, "block_code": 21, "block_label": "3-21", "planted_ha": 3.23, "palms": 424, "planted_year": 2013, "abw_kg": 22.1, "rotation_target_days": 10, "gang_code": "", "road_condition": "fair", "bunches_per_day": 16.6, "centroid_lon": 140.274633, "centroid_lat": -6.627056}, "geometry": {"type": "Polygon", "coordinates": [[[140.274366, -6.625792], [140.274966, -6.62628], [140.275723, -6.626939], [140.274566, -6.628378], [140.273703, -6.62712], [140.274366, -6.625792]]]}}, {"type": "Feature", "properties": {"division_code": 3, "block_code": 22, "block_label": "3-22", "planted_ha": 3.56, "palms": 479, "planted_year": 2013, "abw_kg": 22.1, "rotation_target_days": 10, "gang_code": "", "road_condition": "good", "bunches_per_day": 18.4, "centroid_lon": 140.27715, "centroid_lat": -6.626851}, "geometry": {"type": "Polygon", "coordinates": [[[140.276086, -6.626896], [140.276706, -6.625745], [140.277402, -6.62573], [140.278169, -6.627241], [140.277379, -6.628143], [140.276086, -6.626896]]]}}, {"type": "Feature", "properties": {"division_code": 3, "block_code": 23, "block_label": "3-23", "planted_ha": 3.11, "palms": 429, "planted_year": 2013, "abw_kg": 21.8, "rotation_target_days": 10, "gang_code": "", "road_condition": "fair", "bunches_per_day": 14.2, "centroid_lon": 140.279874, "centroid_lat": -6.627236}, "geometry": {"type": "Polygon", "coordinates": [[[140.278795, -6.627117], [140.279695, -6.626062], [140.280982, -6.627334], [140.279988, -6.628418], [140.278795, -6.627117]]]}}, {"type": "Feature", "properties": {"division_code": 3, "block_code": 24, "block_label": "3-24", "planted_ha": 4.21, "palms": 576, "planted_year": 2013, "abw_kg": 21.7, "rotation_target_days": 10, "gang_code": "", "road_condition": "good", "bunches_per_day": 22.4, "centroid_lon": 140.282582, "centroid_lat": -6.627342}, "geometry": {"type": "Polygon", "coordinates": [[[140.281382, -6.62735], [140.282597, -6.626037], [140.283704, -6.62685], [140.283126, -6.628387], [140.282072, -6.628434], [140.281382, -6.62735]]]}}, {"type": "Feature", "properties": {"division_code": 3, "block_code": 25, "block_label": "3-25", "planted_ha": 3.86, "palms": 529, "planted_year": 2013, "abw_kg": 21.4, "rotation_target_days": 10, "gang_code": "", "road_condition": "poor", "bunches_per_day": 17.4, "centroid_lon": 140.28539, "centroid_lat": -6.626992}, "geometry": {"type": "Polygon", "coordinates": [[[140.284138, -6.626867], [140.285058, -6.626037], [140.285854, -6.626014], [140.286564, -6.626815], [140.285604, -6.628189], [140.285242, -6.628144], [140.284138, -6.626867]]]}}, {"type": "Feature", "properties": {"division_code": 3, "block_code": 26, "block_label": "3-26", "planted_ha": 3.38, "palms": 469, "planted_year": 2014, "abw_kg": 22.2, "rotation_target_days": 10, "gang_code": "", "road_condition": "poor", "bunches_per_day": 15.9, "centroid_lon": 140.288206, "centroid_lat": -6.627264}, "geometry": {"type": "Polygon", "coordinates": [[[140.2881, -6.626163], [140.289264, -6.627107], [140.289328, -6.627397], [140.288544, -6.62815], [140.28767, -6.628249], [140.287207, -6.626809], [140.2881, -6.626163]]]}}, {"type": "Feature", "properties": {"division_code": 3, "block_code": 27, "block_label": "3-27", "planted_ha": 4.97, "palms": 662, "planted_year": 2016, "abw_kg": 20.4, "rotation_target_days": 10, "gang_code": "", "road_condition": "good", "bunches_per_day": 24.1, "centroid_lon": 140.290617, "centroid_lat": -6.62706}, "geometry": {"type": "Polygon", "coordinates": [[[140.289364, -6.627393], [140.2893, -6.627102], [140.290513, -6.625753], [140.291089, -6.625865], [140.291878, -6.626766], [140.290899, -6.628444], [140.290667, -6.628453], [140.289364, -6.627393]]]}}, {"type": "Feature", "properties": {"division_code": 3, "block_code": 28, "block_label": "3-28", "planted_ha": 4.1, "palms": 536, "planted_year": 2017, "abw_kg": 19.3, "rotation_target_days": 10, "gang_code": "", "road_condition": "fair", "bunches_per_day": 21.7, "centroid_lon": 140.293738, "centroid_lat": -6.626961}, "geometry": {"type": "Polygon", "coordinates": [[[140.292389, -6.626808], [140.293184, -6.626101], [140.294146, -6.626025], [140.294982, -6.626781], [140.294969, -6.627214], [140.293685, -6.628057], [140.293457, -6.628057], [140.292389, -6.626808]]]}}, {"type": "Feature", "properties": {"division_code": 3, "block_code": 29, "block_label": "3-29", "planted_ha": 3.76, "palms": 508, "planted_year": 2018, "abw_kg": 17.8, "rotation_target_days": 10, "gang_code": "", "road_condition": "fair", "bunches_per_day": 18.6, "centroid_lon": 140.296086, "centroid_lat": -6.62703}, "geometry": {"type": "Polygon", "coordinates": [[[140.295005, -6.627216], [140.295019, -6.626782], [140.29637, -6.62569], [140.297146, -6.627312], [140.296187, -6.628287], [140.295005, -6.627216]]]}}, {"type": "Feature", "properties": {"division_code": 3, "block_code": 30, "block_label": "3-30", "planted_ha": 1.49, "palms": 206, "planted_year": 2017, "abw_kg": 19.5, "rotation_target_days": 10, "gang_code": "", "road_condition": "good", "bunches_per_day": 8.0, "centroid_lon": 140.298558, "centroid_lat": -6.627087}, "geometry": {"type": "Polygon", "coordinates": [[[140.29801, -6.627309], [140.298631, -6.625832], [140.298813, -6.625952], [140.298864, -6.62702], [140.298864, -6.62824], [140.298729, -6.628229], [140.29801, -6.627309]]]}}, {"type": "Feature", "properties": {"division_code": 3, "block_code": 31, "block_label": "3-31", "planted_ha": 2.12, "palms": 281, "planted_year": 2012, "abw_kg": 22.6, "rotation_target_days": 10, "gang_code": "", "road_condition": "good", "bunches_per_day": 9.9, "centroid_lon": 140.273808, "centroid_lat": -6.628285}, "geometry": {"type": "Polygon", "coordinates": [[[140.273324, -6.627146], [140.273673, -6.62714], [140.274547, -6.628415], [140.274555, -6.628635], [140.273686, -6.62933], [140.273409, -6.629344], [140.273324, -6.627146]]]}}, {"type": "Feature", "properties": {"division_code": 3, "block_code": 32, "block_label": "3-32", "planted_ha": 4.85, "palms": 633, "planted_year": 2012, "abw_kg": 21.9, "rotation_target_days": 10, "gang_code": "", "road_condition": "fair", "bunches_per_day": 24.4, "centroid_lon": 140.275971, "centroid_lat": -6.628212}, "geometry": {"type": "Polygon", "coordinates": [[[140.274592, -6.628632], [140.274583, -6.628415], [140.275758, -6.626954], [140.276057, -6.626918], [140.277362, -6.628176], [140.277339, -6.628468], [140.275982, -6.629398], [140.274592, -6.628632]]]}}, {"type": "Feature", "properties": {"division_code": 3, "block_code": 33, "block_label": "3-33", "planted_ha": 3.93, "palms": 533, "planted_year": 2013, "abw_kg": 21.5, "rotation_target_days": 10, "gang_code": "", "road_condition": "fair", "bunches_per_day": 17.7, "centroid_lon": 140.278572, "centroid_lat": -6.628232}, "geometry": {"type": "Polygon", "coordinates": [[[140.277375, -6.62847], [140.277398, -6.628176], [140.2782, -6.62726], [140.278764, -6.627137], [140.279952, -6.628432], [140.278438, -6.629329], [140.277375, -6.62847]]]}}, {"type": "Feature", "properties": {"division_code": 3, "block_code": 34, "block_label": "3-34", "planted_ha": 3.5, "palms": 462, "planted_year": 2013, "abw_kg": 22.5, "rotation_target_days": 10, "gang_code": "", "road_condition": "fair", "bunches_per_day": 15.4, "centroid_lon": 140.281111, "centroid_lat": -6.62852}, "geometry": {"type": "Polygon", "coordinates": [[[140.280018, -6.628439], [140.281015, -6.627351], [140.281349, -6.627366], [140.282042, -6.628455], [140.281725, -6.629514], [140.280822, -6.629533], [140.280018, -6.628439]]]}}, {"type": "Feature", "properties": {"division_code": 3, "block_code": 35, "block_label": "3-35", "planted_ha": 3.5, "palms": 473, "planted_year": 2012, "abw_kg": 22.4, "rotation_target_days": 10, "gang_code": "", "road_condition": "fair", "bunches_per_day": 17.3, "centroid_lon": 140.28408, "centroid_lat": -6.628105}, "geometry": {"type": "Polygon", "coordinates": [[[140.283159, -6.628402], [140.283738, -6.626862], [140.284104, -6.626883], [140.285208, -6.62816], [140.283981, -6.629341], [140.28383, -6.629337], [140.283159, -6.628402]]]}}, {"type": "Feature", "properties": {"division_code": 3, "block_code": 36, "block_label": "3-36", "planted_ha": 3.44, "palms": 468, "planted_year": 2013, "abw_kg": 22.1, "rotation_target_days": 10, "gang_code": "", "road_condition": "poor", "bunches_per_day": 17.3, "centroid_lon": 140.286704, "centroid_lat": -6.627976}, "geometry": {"type": "Polygon", "coordinates": [[[140.285635, -6.628207], [140.286596, -6.626832], [140.287173, -6.62682], [140.287636, -6.628264], [140.286866, -6.629058], [140.286384, -6.629012], [140.285635, -6.628207]]]}}, {"type": "Feature", "properties": {"division_code": 3, "block_code": 37, "block_label": "3-37", "planted_ha": 3.44, "palms": 464, "planted_year": 2014, "abw_kg": 21.5, "rotation_target_days": 10, "gang_code": "", "road_condition": "fair", "bunches_per_day": 18.1, "centroid_lon": 140.289514, "centroid_lat": -6.628607}, "geometry": {"type": "Polygon", "coordinates": [[[140.288573, -6.628173], [140.289349, -6.627427], [140.290637, -6.628475], [140.289961, -6.629514], [140.288999, -6.629663], [140.288573, -6.628173]]]}}, {"type": "Feature", "properties": {"division_code": 3, "block_code": 38, "block_label": "3-38", "planted_ha": 4.67, "palms": 636, "planted_year": 2016, "abw_kg": 20.8, "rotation_target_days": 10, "gang_code": "", "road_condition": "good", "bunches_per_day": 24.5, "centroid_lon": 140.292178, "centroid_lat": -6.628139}, "geometry": {"type": "Polygon", "coordinates": [[[140.290933, -6.628458], [140.29191, -6.626783], [140.292354, -6.626824], [140.293426, -6.628076], [140.292395, -6.629469], [140.292141, -6.629456], [140.290933, -6.628458]]]}}, {"type": "Feature", "properties": {"division_code": 3, "block_code": 39, "block_label": "3-39", "planted_ha": 3.88, "palms": 537, "planted_year": 2017, "abw_kg": 18.6, "rotation_target_days": 10, "gang_code": "", "road_condition": "fair", "bunches_per_day": 19.3, "centroid_lon": 140.294985, "centroid_lat": -6.628397}, "geometry": {"type": "Polygon", "coordinates": [[[140.294985, -6.627247], [140.296169, -6.62832], [140.296176, -6.628654], [140.294837, -6.629635], [140.293717, -6.62808], [140.294985, -6.627247]]]}}, {"type": "Feature", "properties": {"division_code": 3, "block_code": 40, "block_label": "3-40", "planted_ha": 4.42, "palms": 578, "planted_year": 2017, "abw_kg": 19.6, "rotation_target_days": 10, "gang_code": "", "road_condition": "good", "bunches_per_day": 19.9, "centroid_lon": 140.297428, "centroid_lat": -6.628399}, "geometry": {"type": "Polygon", "coordinates": [[[140.296205, -6.628319], [140.297175, -6.627333], [140.297981, -6.62733], [140.298697, -6.628246], [140.298026, -6.629083], [140.297456, -6.629753], [140.296212, -6.628654], [140.296205, -6.628319]]]}}, {"type": "Feature", "properties": {"division_code": 3, "block_code": 41, "block_label": "3-41", "planted_ha": 1.54, "palms": 203, "planted_year": 2011, "abw_kg": 21.6, "rotation_target_days": 10, "gang_code": "", "road_condition": "fair", "bunches_per_day": 8.2, "centroid_lon": 140.273683, "centroid_lat": -6.630583}, "geometry": {"type": "Polygon", "coordinates": [[[140.273394, -6.630647], [140.273409, -6.62938], [140.27368, -6.629366], [140.274227, -6.630929], [140.273337, -6.631861], [140.273394, -6.630647]]]}}, {"type": "Feature", "properties": {"division_code": 3, "block_code": 42, "block_label": "3-42", "planted_ha": 4.01, "palms": 531, "planted_year": 2011, "abw_kg": 22.3, "rotation_target_days": 10, "gang_code": "", "road_condition": "good", "bunches_per_day": 20.3, "centroid_lon": 140.274788, "centroid_lat": -6.629824}, "geometry": {"type": "Polygon", "coordinates": [[[140.273714, -6.629354], [140.274576, -6.628665], [140.275966, -6.62943], [140.275975, -6.629615], [140.275045, -6.630983], [140.274261, -6.630917], [140.273714, -6.629354]]]}}, {"type": "Feature", "properties": {"division_code": 3, "block_code": 43, "block_label": "3-43", "planted_ha": 4.58, "palms": 629, "planted_year": 2012, "abw_kg": 22.1, "rotation_target_days": 10, "gang_code": "", "road_condition": "good", "bunches_per_day": 23.4, "centroid_lon": 140.277293, "centroid_lat": -6.629742}, "geometry": {"type": "Polygon", "coordinates": [[[140.276011, -6.629614], [140.276002, -6.629428], [140.277355, -6.6285], [140.278419, -6.629361], [140.278522, -6.62999], [140.277311, -6.630964], [140.277022, -6.631003], [140.276011, -6.629614]]]}}, {"type": "Feature", "properties": {"division_code": 3, "block_code": 44, "block_label": "3-44", "planted_ha": 4.11, "palms": 556, "planted_year": 2012, "abw_kg": 21.9, "rotation_target_days": 10, "gang_code": "", "road_condition": "good", "bunches_per_day": 18.7, "centroid_lon": 140.279631, "centroid_lat": -6.629684}, "geometry": {"type": "Polygon", "coordinates": [[[140.278558, -6.629988], [140.278456, -6.629361], [140.279985, -6.628455], [140.280791, -6.629552], [140.279947, -6.630859], [140.279568, -6.630851], [140.278558, -6.629988]]]}}, {"type": "Feature", "properties": {"division_code": 3, "block_code": 45, "block_label": "3-45", "planted_ha": 3.23, "palms": 447, "planted_year": 2013, "abw_kg": 21.8, "rotation_target_days": 10, "gang_code": "", "road_condition": "good", "bunches_per_day": 16.9, "centroid_lon": 140.282704, "centroid_lat": -6.629327}, "geometry": {"type": "Polygon", "coordinates": [[[140.281758, -6.629528], [140.282076, -6.62847], [140.283129, -6.628423], [140.283797, -6.629353], [140.282611, -6.63052], [140.281758, -6.629528]]]}}, {"type": "Feature", "properties": {"division_code": 3, "block_code": 46, "block_label": "3-46", "planted_ha": 4.31, "palms": 586, "planted_year": 2012, "abw_kg": 21.7, "rotation_target_days": 10, "gang_code": "", "road_condition": "good", "bunches_per_day": 19.1, "centroid_lon": 140.283838, "centroid_lat": -6.630615}, "geometry": {"type": "Polygon", "coordinates": [[[140.282628, -6.630554], [140.283828, -6.629373], [140.28398, -6.629377], [140.285151, -6.630598], [140.285149, -6.630703], [140.284022, -6.631748], [140.282635, -6.631113], [140.282628, -6.630554]]]}}, {"type": "Feature", "properties": {"division_code": 3, "block_code": 47, "block_label": "3-47", "planted_ha": 3.55, "palms": 476, "planted_year": 2012, "abw_kg": 21.7, "rotation_target_days": 10, "gang_code": "", "road_condition": "fair", "bunches_per_day": 15.7, "centroid_lon": 140.285212, "centroid_lat": -6.629277}, "geometry": {"type": "Polygon", "coordinates": [[[140.28524, -6.62818], [140.285603, -6.628225], [140.286352, -6.629031], [140.285168, -6.630562], [140.284014, -6.629359], [140.28524, -6.62818]]]}}, {"type": "Feature", "properties": {"division_code": 3, "block_code": 48, "block_label": "3-48", "planted_ha": 5.44, "palms": 744, "planted_year": 2012, "abw_kg": 22.2, "rotation_target_days": 10, "gang_code": "", "road_condition": "good", "bunches_per_day": 29.2, "centroid_lon": 140.286643, "centroid_lat": -6.630463}, "geometry": {"type": "Polygon", "coordinates": [[[140.285185, -6.630701], [140.285187, -6.630597], [140.286383, -6.629049], [140.286863, -6.629094], [140.287966, -6.630667], [140.287948, -6.631005], [140.287236, -6.63159], [140.286671, -6.631712], [140.285185, -6.630701]]]}}, {"type": "Feature", "properties": {"division_code": 3, "block_code": 49, "block_label": "3-49", "planted_ha": 3.67, "palms": 509, "planted_year": 2013, "abw_kg": 21.4, "rotation_target_days": 10, "gang_code": "", "road_condition": "fair", "bunches_per_day": 19.5, "centroid_lon": 140.288011, "centroid_lat": -6.629282}, "geometry": {"type": "Polygon", "coordinates": [[[140.287665, -6.628286], [140.288539, -6.628187], [140.288966, -6.629678], [140.287988, -6.630634], [140.286896, -6.629079], [140.287665, -6.628286]]]}}, {"type": "Feature", "properties": {"division_code": 3, "block_code": 50, "block_label": "3-50", "planted_ha": 4.17, "palms": 556, "planted_year": 2013, "abw_kg": 21.8, "rotation_target_days": 10, "gang_code": "", "road_condition": "good", "bunches_per_day": 22.1, "centroid_lon": 140.289286, "centroid_lat": -6.630619}, "geometry": {"type": "Polygon", "coordinates": [[[140.288003, -6.63067], [140.288994, -6.6297], [140.28996, -6.629551], [140.29052, -6.630822], [140.28931, -6.631729], [140.287984, -6.631004], [140.288003, -6.63067]]]}}, {"type": "Feature", "properties": {"division_code": 3, "block_code": 51, "block_label": "3-51", "planted_ha": 3.68, "palms": 502, "planted_year": 2013, "abw_kg": 21.7, "rotation_target_days": 10, "gang_code": "", "road_condition": "good", "bunches_per_day": 16.3, "centroid_lon": 140.290969, "centroid_lat": -6.629679}, "geometry": {"type": "Polygon", "coordinates": [[[140.289992, -6.629533], [140.290671, -6.628489], [140.290903, -6.62848], [140.29211, -6.629478], [140.291151, -6.630854], [140.290554, -6.63081], [140.289992, -6.629533]]]}}, {"type": "Feature", "properties": {"division_code": 3, "block_code": 52, "block_label": "3-52", "planted_ha": 4.1, "palms": 551, "planted_year": 2015, "abw_kg": 22.0, "rotation_target_days": 10, "gang_code": "", "road_condition": "good", "bunches_per_day": 21.0, "centroid_lon": 140.293657, "centroid_lat": -6.629417}, "geometry": {"type": "Polygon", "coordinates": [[[140.292428, -6.629485], [140.293458, -6.628093], [140.293682, -6.628094], [140.294315, -6.62895], [140.294812, -6.629663], [140.294618, -6.630157], [140.293965, -6.630475], [140.293403, -6.630423], [140.292428, -6.629485]]]}}, {"type": "Feature", "properties": {"division_code": 3, "block_code": 53, "block_label": "3-53", "planted_ha": 5.2, "palms": 681, "planted_year": 2017, "abw_kg": 19.4, "rotation_target_days": 10, "gang_code": "", "road_condition": "good", "bunches_per_day": 23.0, "centroid_lon": 140.296082, "centroid_lat": -6.63003}, "geometry": {"type": "Polygon", "coordinates": [[[140.294847, -6.629672], [140.296193, -6.628686], [140.297441, -6.629788], [140.297467, -6.62993], [140.296502, -6.631226], [140.29597, -6.631285], [140.294653, -6.630165], [140.294847, -6.629672]]]}}, {"type": "Feature", "properties": {"division_code": 3, "block_code": 54, "block_label": "3-54", "planted_ha": 2.15, "palms": 296, "planted_year": 2016, "abw_kg": 20.2, "rotation_target_days": 10, "gang_code": "", "road_condition": "good", "bunches_per_day": 11.2, "centroid_lon": 140.298379, "centroid_lat": -6.629519}, "geometry": {"type": "Polygon", "coordinates": [[[140.297477, -6.629784], [140.298054, -6.629106], [140.298728, -6.628265], [140.298864, -6.628276], [140.298864, -6.630512], [140.29884, -6.630538], [140.297502, -6.629922], [140.297477, -6.629784]]]}}, {"type": "Feature", "properties": {"division_code": 3, "block_code": 55, "block_label": "3-55", "planted_ha": 2.34, "palms": 323, "planted_year": 2009, "abw_kg": 21.7, "rotation_target_days": 10, "gang_code": "", "road_condition": "good", "bunches_per_day": 11.7, "centroid_lon": 140.274463, "centroid_lat": -6.631662}, "geometry": {"type": "Polygon", "coordinates": [[[140.274492, -6.632176], [140.273318, -6.632176], [140.273334, -6.631916], [140.274255, -6.630952], [140.275043, -6.631019], [140.275532, -6.631913], [140.275287, -6.632124], [140.274492, -6.632176]]]}}, {"type": "Feature", "properties": {"division_code": 3, "block_code": 56, "block_label": "3-56", "planted_ha": 3.11, "palms": 427, "planted_year": 2011, "abw_kg": 21.9, "rotation_target_days": 10, "gang_code": "", "road_condition": "good", "bunches_per_day": 15.7, "centroid_lon": 140.276013, "centroid_lat": -6.630973}, "geometry": {"type": "Polygon", "coordinates": [[[140.275075, -6.631002], [140.275994, -6.629652], [140.276991, -6.631022], [140.27631, -6.631979], [140.275566, -6.6319], [140.275075, -6.631002]]]}}, {"type": "Feature", "properties": {"division_code": 3, "block_code": 57, "block_label": "3-57", "planted_ha": 1.41, "palms": 195, "planted_year": 2011, "abw_kg": 21.5, "rotation_target_days": 10, "gang_code": "", "road_condition": "fair", "bunches_per_day": 6.3, "centroid_lon": 140.277231, "centroid_lat": -6.631672}, "geometry": {"type": "Polygon", "coordinates": [[[140.277024, -6.631039], [140.277311, -6.631001], [140.278221, -6.632088], [140.277207, -6.632058], [140.27637, -6.632068], [140.27634, -6.632], [140.277024, -6.631039]]]}}, {"type": "Feature", "properties": {"division_code": 3, "block_code": 58, "block_label": "3-58", "planted_ha": 3.18, "palms": 438, "planted_year": 2011, "abw_kg": 21.6, "rotation_target_days": 10, "gang_code": "", "road_condition": "good", "bunches_per_day": 17.0, "centroid_lon": 140.278484, "centroid_lat": -6.631104}, "geometry": {"type": "Polygon", "coordinates": [[[140.278541, -6.630021], [140.279538, -6.630872], [140.278811, -6.63212], [140.278269, -6.632091], [140.277344, -6.630983], [140.278541, -6.630021]]]}}, {"type": "Feature", "properties": {"division_code": 3, "block_code": 59, "block_label": "3-59", "planted_ha": 2.21, "palms": 292, "planted_year": 2011, "abw_kg": 21.5, "rotation_target_days": 10, "gang_code": "", "road_condition": "fair", "bunches_per_day": 9.9, "centroid_lon": 140.279948, "centroid_lat": -6.631667}, "geometry": {"type": "Polygon", "coordinates": [[[140.279949, -6.630895], [140.281079, -6.631866], [140.280878, -6.632176], [140.280049, -6.632176], [140.278851, -6.632122], [140.279571, -6.630887], [140.279949, -6.630895]]]}}, {"type": "Feature", "properties": {"division_code": 3, "block_code": 60, "block_label": "3-60", "planted_ha": 4.98, "palms": 655, "planted_year": 2012, "abw_kg": 21.7, "rotation_target_days": 10, "gang_code": "", "road_condition": "good", "bunches_per_day": 26.3, "centroid_lon": 140.28136, "centroid_lat": -6.630692}, "geometry": {"type": "Polygon", "coordinates": [[[140.280823, -6.62957], [140.28173, -6.62955], [140.282592, -6.630553], [140.282598, -6.631116], [140.28167, -6.631802], [140.281109, -6.631844], [140.27998, -6.630874], [140.280823, -6.62957]]]}}, {"type": "Feature", "properties": {"division_code": 3, "block_code": 61, "block_label": "3-61", "planted_ha": 1.93, "palms": 261, "planted_year": 2012, "abw_kg": 21.5, "rotation_target_days": 10, "gang_code": "", "road_condition": "fair", "bunches_per_day": 10.3, "centroid_lon": 140.28283, "centroid_lat": -6.631791}, "geometry": {"type": "Polygon", "coordinates": [[[140.281698, -6.631826], [140.282619, -6.631146], [140.284009, -6.631782], [140.284023, -6.63187], [140.283843, -6.632176], [140.281838, -6.632176], [140.281698, -6.631826]]]}}, {"type": "Feature", "properties": {"division_code": 3, "block_code": 62, "block_label": "3-62", "planted_ha": 2.8, "palms": 368, "planted_year": 2012, "abw_kg": 21.9, "rotation_target_days": 10, "gang_code": "", "road_condition": "good", "bunches_per_day": 13.3, "centroid_lon": 140.285309, "centroid_lat": -6.631639}, "geometry": {"type": "Polygon", "coordinates": [[[140.284045, -6.631776], [140.285169, -6.630733], [140.286643, -6.631736], [140.286384, -6.632149], [140.284348, -6.632176], [140.28434, -6.632176], [140.284059, -6.631865], [140.284045, -6.631776]]]}}, {"type": "Feature", "properties": {"division_code": 3, "block_code": 63, "block_label": "3-63", "planted_ha": 1.8, "palms": 238, "planted_year": 2013, "abw_kg": 22.6, "rotation_target_days": 10, "gang_code": "", "road_condition": "fair", "bunches_per_day": 8.7, "centroid_lon": 140.288215, "centroid_lat": -6.631712}, "geometry": {"type": "Polygon", "coordinates": [[[140.287967, -6.631036], [140.289297, -6.631763], [140.289343, -6.631905], [140.2892, -6.6321], [140.287405, -6.632132], [140.287264, -6.631613], [140.287967, -6.631036]]]}}, {"type": "Feature", "properties": {"division_code": 3, "block_code": 64, "block_label": "3-64", "planted_ha": 2.73, "palms": 368, "planted_year": 2012, "abw_kg": 22.3, "rotation_target_days": 10, "gang_code": "", "road_condition": "fair", "bunches_per_day": 14.7, "centroid_lon": 140.290667, "centroid_lat": -6.631615}, "geometry": {"type": "Polygon", "coordinates": [[[140.289333, -6.631757], [140.290548, -6.630846], [140.29115, -6.63089], [140.292025, -6.632166], [140.290694, -6.63211], [140.289559, -6.632097], [140.289379, -6.631899], [140.289333, -6.631757]]]}}, {"type": "Feature", "properties": {"division_code": 3, "block_code": 65, "block_label": "3-65", "planted_ha": 3.89, "palms": 513, "planted_year": 2014, "abw_kg": 21.4, "rotation_target_days": 10, "gang_code": "", "road_condition": "fair", "bunches_per_day": 17.2, "centroid_lon": 140.292251, "centroid_lat": -6.630768}, "geometry": {"type": "Polygon", "coordinates": [[[140.292069, -6.632168], [140.291182, -6.630873], [140.292144, -6.629493], [140.292396, -6.629505], [140.293371, -6.630443], [140.292818, -6.63131], [140.292228, -6.632176], [140.292217, -6.632176], [140.292069, -6.632168]]]}}, {"type": "Feature", "properties": {"division_code": 3, "block_code": 66, "block_label": "3-66", "planted_ha": 2.59, "palms": 349, "planted_year": 2014, "abw_kg": 21.8, "rotation_target_days": 10, "gang_code": "", "road_condition": "poor", "bunches_per_day": 12.0, "centroid_lon": 140.293426, "centroid_lat": -6.631488}, "geometry": {"type": "Polygon", "coordinates": [[[140.293953, -6.63051], [140.294234, -6.632176], [140.292272, -6.632176], [140.292848, -6.63133], [140.293404, -6.630459], [140.293953, -6.63051]]]}}, {"type": "Feature", "properties": {"division_code": 3, "block_code": 67, "block_label": "3-67", "planted_ha": 3.09, "palms": 407, "planted_year": 2015, "abw_kg": 21.7, "rotation_target_days": 10, "gang_code": "", "road_condition": "fair", "bunches_per_day": 16.1, "centroid_lon": 140.294836, "centroid_lat": -6.63128}, "geometry": {"type": "Polygon", "coordinates": [[[140.294629, -6.630192], [140.29594, -6.631307], [140.295295, -6.632176], [140.294271, -6.632176], [140.293989, -6.630503], [140.294629, -6.630192]]]}}, {"type": "Feature", "properties": {"division_code": 3, "block_code": 68, "block_label": "3-68", "planted_ha": 1.21, "palms": 161, "planted_year": 2015, "abw_kg": 22.6, "rotation_target_days": 10, "gang_code": "", "road_condition": "fair", "bunches_per_day": 6.5, "centroid_lon": 140.296224, "centroid_lat": -6.631805}, "geometry": {"type": "Polygon", "coordinates": [[[140.296503, -6.631262], [140.297065, -6.632123], [140.296243, -6.632176], [140.29534, -6.632176], [140.295974, -6.631321], [140.296503, -6.631262]]]}}, {"type": "Feature", "properties": {"division_code": 3, "block_code": 69, "block_label": "3-69", "planted_ha": 4.12, "palms": 556, "planted_year": 2016, "abw_kg": 21.0, "rotation_target_days": 10, "gang_code": "", "road_condition": "good", "bunches_per_day": 20.8, "centroid_lon": 140.29774, "centroid_lat": -6.631125}, "geometry": {"type": "Polygon", "coordinates": [[[140.297492, -6.629957], [140.29883, -6.630574], [140.298864, -6.630661], [140.298864, -6.631147], [140.298207, -6.632062], [140.297107, -6.63212], [140.296534, -6.631243], [140.297492, -6.629957]]]}}]}