{"type": "FeatureCollection", "features": [{"type": "Feature", "properties": {"division_code": 1, "block_code": 1, "block_label": "1-1", "planted_ha": 3.81, "palms": 508, "planted_year": 2012, "abw_kg": 21.6, "rotation_target_days": 10, "gang_code": "", "road_condition": "good", "bunches_per_day": 20.4, "centroid_lon": 119.266378, "centroid_lat": -2.188976}, "geometry": {"type": "Polygon", "coordinates": [[[119.267552, -2.188971], [119.26635, -2.190103], [119.265132, -2.189278], [119.265587, -2.188328], [119.267059, -2.188038], [119.26755, -2.188646], [119.267552, -2.188971]]]}}, {"type": "Feature", "properties": {"division_code": 1, "block_code": 2, "block_label": "1-2", "planted_ha": 2.48, "palms": 333, "planted_year": 2014, "abw_kg": 22.1, "rotation_target_days": 10, "gang_code": "", "road_condition": "good", "bunches_per_day": 11.5, "centroid_lon": 119.25986, "centroid_lat": -2.190271}, "geometry": {"type": "Polygon", "coordinates": [[[119.259716, -2.190997], [119.259068, -2.190982], [119.258781, -2.19061], [119.260054, -2.189272], [119.260263, -2.189242], [119.260836, -2.190529], [119.259716, -2.190997]]]}}, {"type": "Feature", "properties": {"division_code": 1, "block_code": 3, "block_label": "1-3", "planted_ha": 1.7, "palms": 228, "planted_year": 2014, "abw_kg": 21.5, "rotation_target_days": 10, "gang_code": "", "road_condition": "good", "bunches_per_day": 8.5, "centroid_lon": 119.261104, "centroid_lat": -2.189639}, "geometry": {"type": "Polygon", "coordinates": [[[119.261094, -2.190559], [119.260872, -2.190523], [119.2603, -2.189236], [119.26203, -2.188973], [119.261094, -2.190559]]]}}, {"type": "Feature", "properties": {"division_code": 1, "block_code": 4, "block_label": "1-4", "planted_ha": 3.69, "palms": 502, "planted_year": 2013, "abw_kg": 21.5, "rotation_target_days": 10, "gang_code": "", "road_condition": "poor", "bunches_per_day": 17.7, "centroid_lon": 119.262217, "centroid_lat": -2.190149}, "geometry": {"type": "Polygon", "coordinates": [[[119.263214, -2.190314], [119.262243, -2.191299], [119.26187, -2.19126], [119.261126, -2.190575], [119.262073, -2.18897], [119.262714, -2.188963], [119.263214, -2.190314]]]}}, {"type": "Feature", "properties": {"division_code": 1, "block_code": 5, "block_label": "1-5", "planted_ha": 3.22, "palms": 445, "planted_year": 2013, "abw_kg": 22.5, "rotation_target_days": 10, "gang_code": "", "road_condition": "fair", "bunches_per_day": 16.5, "centroid_lon": 119.263815, "centroid_lat": -2.18946}, "geometry": {"type": "Polygon", "coordinates": [[[119.264045, -2.188621], [119.265053, -2.189291], [119.264045, -2.190397], [119.263248, -2.190302], [119.262748, -2.18895], [119.262871, -2.188832], [119.264045, -2.188621]]]}}, {"type": "Feature", "properties": {"division_code": 1, "block_code": 6, "block_label": "1-6", "planted_ha": 3.81, "palms": 512, "planted_year": 2012, "abw_kg": 21.9, "rotation_target_days": 10, "gang_code": "", "road_condition": "good", "bunches_per_day": 20.0, "centroid_lon": 119.26511, "centroid_lat": -2.190533}, "geometry": {"type": "Polygon", "coordinates": [[[119.266335, -2.190144], [119.265071, -2.191799], [119.264594, -2.191698], [119.264073, -2.190419], [119.26509, -2.189305], [119.266335, -2.190144]]]}}, {"type": "Feature", "properties": {"division_code": 1, "block_code": 7, "block_label": "1-7", "planted_ha": 3.36, "palms": 460, "planted_year": 2011, "abw_kg": 21.5, "rotation_target_days": 10, "gang_code": "", "road_condition": "fair", "bunches_per_day": 16.0, "centroid_lon": 119.267499, "centroid_lat": -2.190137}, "geometry": {"type": "Polygon", "coordinates": [[[119.268312, -2.189426], [119.268296, -2.190573], [119.267563, -2.191266], [119.267321, -2.191234], [119.26637, -2.190133], [119.267572, -2.189002], [119.268312, -2.189426]]]}}, {"type": "Feature", "properties": {"division_code": 1, "block_code": 8, "block_label": "1-8", "planted_ha": 1.91, "palms": 261, "planted_year": 2013, "abw_kg": 22.5, "rotation_target_days": 10, "gang_code": "", "road_condition": "good", "bunches_per_day": 9.9, "centroid_lon": 119.258191, "centroid_lat": -2.191818}, "geometry": {"type": "Polygon", "coordinates": [[[119.258161, -2.192702], [119.257637, -2.192748], [119.257307, -2.192261], [119.258656, -2.190741], [119.258756, -2.190636], [119.259038, -2.191001], [119.258161, -2.192702]]]}}, {"type": "Feature", "properties": {"division_code": 1, "block_code": 9, "block_label": "1-9", "planted_ha": 3.56, "palms": 486, "planted_year": 2014, "abw_kg": 22.3, "rotation_target_days": 10, "gang_code": "", "road_condition": "fair", "bunches_per_day": 17.1, "centroid_lon": 119.260755, "centroid_lat": -2.191593}, "geometry": {"type": "Polygon", "coordinates": [[[119.260979, -2.192733], [119.2603, -2.192704], [119.259742, -2.191025], [119.260862, -2.190558], [119.261095, -2.190595], [119.26184, -2.19128], [119.260979, -2.192733]]]}}, {"type": "Feature", "properties": {"division_code": 1, "block_code": 10, "block_label": "1-10", "planted_ha": 3.69, "palms": 485, "planted_year": 2013, "abw_kg": 21.6, "rotation_target_days": 10, "gang_code": "", "road_condition": "fair", "bunches_per_day": 17.2, "centroid_lon": 119.263467, "centroid_lat": -2.19137}, "geometry": {"type": "Polygon", "coordinates": [[[119.264559, -2.191707], [119.263496, -2.192462], [119.263222, -2.192435], [119.262275, -2.191319], [119.263241, -2.190337], [119.26404, -2.190432], [119.264559, -2.191707]]]}}, {"type": "Feature", "properties": {"division_code": 1, "block_code": 11, "block_label": "1-11", "planted_ha": 3.45, "palms": 456, "planted_year": 2012, "abw_kg": 22.2, "rotation_target_days": 10, "gang_code": "", "road_condition": "good", "bunches_per_day": 16.9, "centroid_lon": 119.266176, "centroid_lat": -2.191516}, "geometry": {"type": "Polygon", "coordinates": [[[119.266019, -2.192738], [119.265795, -2.192731], [119.265101, -2.191819], [119.266354, -2.190178], [119.267287, -2.191252], [119.266019, -2.192738]]]}}, {"type": "Feature", "properties": {"division_code": 1, "block_code": 12, "block_label": "1-12", "planted_ha": 1.36, "palms": 184, "planted_year": 2012, "abw_kg": 21.7, "rotation_target_days": 10, "gang_code": "", "road_condition": "fair", "bunches_per_day": 6.0, "centroid_lon": 119.256679, "centroid_lat": -2.193079}, "geometry": {"type": "Polygon", "coordinates": [[[119.25669, -2.193605], [119.256432, -2.193666], [119.2555, -2.193177], [119.25683, -2.192786], [119.25685, -2.192762], [119.256866, -2.192758], [119.257283, -2.192289], [119.257604, -2.192764], [119.25669, -2.193605]]]}}, {"type": "Feature", "properties": {"division_code": 1, "block_code": 13, "block_label": "1-13", "planted_ha": 3.76, "palms": 508, "planted_year": 2014, "abw_kg": 22.2, "rotation_target_days": 10, "gang_code": "", "road_condition": "good", "bunches_per_day": 17.4, "centroid_lon": 119.259264, "centroid_lat": -2.192256}, "geometry": {"type": "Polygon", "coordinates": [[[119.259706, -2.191033], [119.260265, -2.192714], [119.259071, -2.193456], [119.258195, -2.192714], [119.25907, -2.191018], [119.259706, -2.191033]]]}}, {"type": "Feature", "properties": {"division_code": 1, "block_code": 14, "block_label": "1-14", "planted_ha": 4.12, "palms": 561, "planted_year": 2014, "abw_kg": 21.8, "rotation_target_days": 10, "gang_code": "", "road_condition": "good", "bunches_per_day": 18.5, "centroid_lon": 119.262066, "centroid_lat": -2.19262}, "geometry": {"type": "Polygon", "coordinates": [[[119.262241, -2.191335], [119.263191, -2.192454], [119.262232, -2.193894], [119.261672, -2.193829], [119.26101, -2.192751], [119.261872, -2.191296], [119.262241, -2.191335]]]}}, {"type": "Feature", "properties": {"division_code": 1, "block_code": 15, "block_label": "1-15", "planted_ha": 3.48, "palms": 469, "planted_year": 2013, "abw_kg": 21.9, "rotation_target_days": 10, "gang_code": "", "road_condition": "fair", "bunches_per_day": 15.5, "centroid_lon": 119.264666, "centroid_lat": -2.19277}, "geometry": {"type": "Polygon", "coordinates": [[[119.265763, -2.192749], [119.264741, -2.19398], [119.264563, -2.193987], [119.264098, -2.193341], [119.263525, -2.192486], [119.264585, -2.191733], [119.265069, -2.191836], [119.265763, -2.192749]]]}}, {"type": "Feature", "properties": {"division_code": 1, "block_code": 16, "block_label": "1-16", "planted_ha": 3.49, "palms": 480, "planted_year": 2012, "abw_kg": 21.8, "rotation_target_days": 10, "gang_code": "", "road_condition": "good", "bunches_per_day": 17.6, "centroid_lon": 119.267248, "centroid_lat": -2.192447}, "geometry": {"type": "Polygon", "coordinates": [[[119.268221, -2.192058], [119.268185, -2.192598], [119.267169, -2.193622], [119.266053, -2.192754], [119.267319, -2.191271], [119.26756, -2.191302], [119.268221, -2.192058]]]}}, {"type": "Feature", "properties": {"division_code": 1, "block_code": 17, "block_label": "1-17", "planted_ha": 1.01, "palms": 135, "planted_year": 2012, "abw_kg": 21.6, "rotation_target_days": 10, "gang_code": "", "road_condition": "fair", "bunches_per_day": 4.7, "centroid_lon": 119.249679, "centroid_lat": -2.194224}, "geometry": {"type": "Polygon", "coordinates": [[[119.249532, -2.194736], [119.248777, -2.194104], [119.250092, -2.193845], [119.250599, -2.193798], [119.24972, -2.194743], [119.249532, -2.194736]]]}}, {"type": "Feature", "properties": {"division_code": 1, "block_code": 18, "block_label": "1-18", "planted_ha": 2.98, "palms": 409, "planted_year": 2011, "abw_kg": 21.6, "rotation_target_days": 10, "gang_code": "", "road_condition": "good", "bunches_per_day": 13.3, "centroid_lon": 119.252641, "centroid_lat": -2.194346}, "geometry": {"type": "Polygon", "coordinates": [[[119.253225, -2.194662], [119.252824, -2.195426], [119.252233, -2.195322], [119.251604, -2.193766], [119.251645, -2.193711], [119.253586, -2.193588], [119.253763, -2.193701], [119.253225, -2.194662]]]}}, {"type": "Feature", "properties": {"division_code": 1, "block_code": 19, "block_label": "1-19", "planted_ha": 3.52, "palms": 474, "planted_year": 2012, "abw_kg": 22.5, "rotation_target_days": 10, "gang_code": "", "road_condition": "fair", "bunches_per_day": 15.6, "centroid_lon": 119.255356, "centroid_lat": -2.194189}, "geometry": {"type": "Polygon", "coordinates": [[[119.25545, -2.193191], [119.256407, -2.193694], [119.255751, -2.19526], [119.254956, -2.195323], [119.254358, -2.19359], [119.254525, -2.193435], [119.25545, -2.193191]]]}}, {"type": "Feature", "properties": {"division_code": 1, "block_code": 20, "block_label": "1-20", "planted_ha": 4.48, "palms": 593, "planted_year": 2013, "abw_kg": 21.5, "rotation_target_days": 10, "gang_code": "", "road_condition": "fair", "bunches_per_day": 23.6, "centroid_lon": 119.258013, "centroid_lat": -2.193873}, "geometry": {"type": "Polygon", "coordinates": [[[119.259053, -2.193488], [119.259176, -2.194221], [119.258048, -2.195137], [119.257806, -2.195131], [119.256723, -2.193624], [119.257635, -2.192785], [119.258167, -2.192738], [119.259053, -2.193488]]]}}, {"type": "Feature", "properties": {"division_code": 1, "block_code": 21, "block_label": "1-21", "planted_ha": 4.51, "palms": 589, "planted_year": 2014, "abw_kg": 21.6, "rotation_target_days": 10, "gang_code": "", "road_condition": "fair", "bunches_per_day": 22.5, "centroid_lon": 119.260337, "centroid_lat": -2.193791}, "geometry": {"type": "Polygon", "coordinates": [[[119.261639, -2.193843], [119.260711, -2.194805], [119.259999, -2.194849], [119.259213, -2.194219], [119.259089, -2.193487], [119.260291, -2.19274], [119.260979, -2.192769], [119.261639, -2.193843]]]}}, {"type": "Feature", "properties": {"division_code": 1, "block_code": 22, "block_label": "1-22", "planted_ha": 3.66, "palms": 495, "planted_year": 2015, "abw_kg": 21.4, "rotation_target_days": 10, "gang_code": "", "road_condition": "fair", "bunches_per_day": 17.3, "centroid_lon": 119.263361, "centroid_lat": -2.193746}, "geometry": {"type": "Polygon", "coordinates": [[[119.26349, -2.192498], [119.264068, -2.193362], [119.26453, -2.194002], [119.263222, -2.194947], [119.262264, -2.193911], [119.263222, -2.192472], [119.26349, -2.192498]]]}}, {"type": "Feature", "properties": {"division_code": 1, "block_code": 23, "block_label": "1-23", "planted_ha": 3.86, "palms": 534, "planted_year": 2013, "abw_kg": 21.5, "rotation_target_days": 10, "gang_code": "", "road_condition": "good", "bunches_per_day": 18.2, "centroid_lon": 119.265967, "centroid_lat": -2.193913}, "geometry": {"type": "Polygon", "coordinates": [[[119.267162, -2.19376], [119.266226, -2.194953], [119.265719, -2.195048], [119.264774, -2.193997], [119.265795, -2.192768], [119.266021, -2.192775], [119.267153, -2.193656], [119.267162, -2.19376]]]}}, {"type": "Feature", "properties": {"division_code": 1, "block_code": 24, "block_label": "1-24", "planted_ha": 1.17, "palms": 161, "planted_year": 2012, "abw_kg": 21.5, "rotation_target_days": 10, "gang_code": "", "road_condition": "fair", "bunches_per_day": 5.4, "centroid_lon": 119.267812, "centroid_lat": -2.193642}, "geometry": {"type": "Polygon", "coordinates": [[[119.267189, -2.193653], [119.268182, -2.192652], [119.268136, -2.193712], [119.268125, -2.194571], [119.267198, -2.193756], [119.267189, -2.193653]]]}}, {"type": "Feature", "properties": {"division_code": 1, "block_code": 25, "block_label": "1-25", "planted_ha": 2.89, "palms": 378, "planted_year": 2011, "abw_kg": 21.7, "rotation_target_days": 10, "gang_code": "", "road_condition": "fair", "bunches_per_day": 15.3, "centroid_lon": 119.245787, "centroid_lat": -2.195349}, "geometry": {"type": "Polygon", "coordinates": [[[119.246863, -2.19528], [119.245791, -2.196177], [119.245305, -2.196255], [119.2446, -2.195232], [119.245514, -2.194748], [119.246546, -2.194545], [119.246884, -2.195011], [119.246863, -2.19528]]]}}, {"type": "Feature", "properties": {"division_code": 1, "block_code": 26, "block_label": "1-26", "planted_ha": 4.09, "palms": 558, "planted_year": 2012, "abw_kg": 22.2, "rotation_target_days": 10, "gang_code": "", "road_condition": "good", "bunches_per_day": 18.8, "centroid_lon": 119.248226, "centroid_lat": -2.195164}, "geometry": {"type": "Polygon", "coordinates": [[[119.249502, -2.194758], [119.248658, -2.196135], [119.247811, -2.196155], [119.246899, -2.195282], [119.24692, -2.195016], [119.248341, -2.19419], [119.24872, -2.194115], [119.249502, -2.194758]]]}}, {"type": "Feature", "properties": {"division_code": 1, "block_code": 27, "block_label": "1-27", "planted_ha": 4.12, "palms": 549, "planted_year": 2012, "abw_kg": 22.6, "rotation_target_days": 10, "gang_code": "", "road_condition": "good", "bunches_per_day": 22.0, "centroid_lon": 119.249802, "centroid_lat": -2.196106}, "geometry": {"type": "Polygon", "coordinates": [[[119.249958, -2.197373], [119.249649, -2.197383], [119.24869, -2.196152], [119.249535, -2.194772], [119.24972, -2.194779], [119.251014, -2.196072], [119.249958, -2.197373]]]}}, {"type": "Feature", "properties": {"division_code": 1, "block_code": 28, "block_label": "1-28", "planted_ha": 4.22, "palms": 566, "planted_year": 2011, "abw_kg": 21.4, "rotation_target_days": 10, "gang_code": "", "road_condition": "good", "bunches_per_day": 22.2, "centroid_lon": 119.251051, "centroid_lat": -2.194842}, "geometry": {"type": "Polygon", "coordinates": [[[119.252198, -2.195331], [119.251197, -2.196052], [119.251046, -2.196052], [119.249753, -2.19476], [119.250654, -2.193793], [119.250997, -2.193762], [119.251571, -2.193781], [119.252198, -2.195331]]]}}, {"type": "Feature", "properties": {"division_code": 1, "block_code": 29, "block_label": "1-29", "planted_ha": 3.89, "palms": 538, "planted_year": 2012, "abw_kg": 22.0, "rotation_target_days": 10, "gang_code": "", "road_condition": "fair", "bunches_per_day": 17.4, "centroid_lon": 119.253933, "centroid_lat": -2.194986}, "geometry": {"type": "Polygon", "coordinates": [[[119.254923, -2.195336], [119.253806, -2.196289], [119.252856, -2.195442], [119.253256, -2.194679], [119.253799, -2.193711], [119.254325, -2.193606], [119.254923, -2.195336]]]}}, {"type": "Feature", "properties": {"division_code": 1, "block_code": 30, "block_label": "1-30", "planted_ha": 3.13, "palms": 434, "planted_year": 2013, "abw_kg": 22.5, "rotation_target_days": 10, "gang_code": "", "road_condition": "good", "bunches_per_day": 15.9, "centroid_lon": 119.256704, "centroid_lat": -2.194907}, "geometry": {"type": "Polygon", "coordinates": [[[119.256691, -2.193642], [119.257772, -2.195145], [119.256558, -2.196036], [119.255784, -2.195273], [119.256443, -2.193701], [119.256691, -2.193642]]]}}, {"type": "Feature", "properties": {"division_code": 1, "block_code": 31, "block_label": "1-31", "planted_ha": 3.88, "palms": 512, "planted_year": 2014, "abw_kg": 21.5, "rotation_target_days": 10, "gang_code": "", "road_condition": "poor", "bunches_per_day": 20.4, "centroid_lon": 119.259135, "centroid_lat": -2.195538}, "geometry": {"type": "Polygon", "coordinates": [[[119.25979, -2.196622], [119.258806, -2.196737], [119.258076, -2.195161], [119.259196, -2.194252], [119.259974, -2.194875], [119.25979, -2.196622]]]}}, {"type": "Feature", "properties": {"division_code": 1, "block_code": 32, "block_label": "1-32", "planted_ha": 4.24, "palms": 564, "planted_year": 2014, "abw_kg": 22.2, "rotation_target_days": 10, "gang_code": "", "road_condition": "good", "bunches_per_day": 19.9, "centroid_lon": 119.260747, "centroid_lat": -2.196117}, "geometry": {"type": "Polygon", "coordinates": [[[119.261388, -2.195684], [119.262066, -2.196469], [119.260754, -2.197391], [119.259825, -2.196631], [119.260009, -2.194884], [119.260711, -2.194841], [119.261388, -2.195684]]]}}, {"type": "Feature", "properties": {"division_code": 1, "block_code": 33, "block_label": "1-33", "planted_ha": 4.58, "palms": 614, "planted_year": 2014, "abw_kg": 22.4, "rotation_target_days": 10, "gang_code": "", "road_condition": "good", "bunches_per_day": 24.4, "centroid_lon": 119.262051, "centroid_lat": -2.195066}, "geometry": {"type": "Polygon", "coordinates": [[[119.263201, -2.194978], [119.263172, -2.195541], [119.262101, -2.196454], [119.261415, -2.19566], [119.260743, -2.194823], [119.261668, -2.193865], [119.262232, -2.19393], [119.263201, -2.194978]]]}}, {"type": "Feature", "properties": {"division_code": 1, "block_code": 34, "block_label": "1-34", "planted_ha": 4.44, "palms": 612, "planted_year": 2015, "abw_kg": 22.6, "rotation_target_days": 10, "gang_code": "", "road_condition": "fair", "bunches_per_day": 21.6, "centroid_lon": 119.26447, "centroid_lat": -2.195224}, "geometry": {"type": "Polygon", "coordinates": [[[119.264905, -2.196498], [119.263208, -2.195539], [119.263237, -2.194981], [119.264561, -2.194023], [119.264742, -2.194016], [119.265691, -2.19507], [119.264905, -2.196498]]]}}, {"type": "Feature", "properties": {"division_code": 1, "block_code": 35, "block_label": "1-35", "planted_ha": 3.41, "palms": 468, "planted_year": 2014, "abw_kg": 22.3, "rotation_target_days": 10, "gang_code": "", "road_condition": "fair", "bunches_per_day": 16.9, "centroid_lon": 119.267331, "centroid_lat": -2.195053}, "geometry": {"type": "Polygon", "coordinates": [[[119.268125, -2.19462], [119.268139, -2.195523], [119.267543, -2.196396], [119.266259, -2.194969], [119.267183, -2.193791], [119.268125, -2.19462]]]}}, {"type": "Feature", "properties": {"division_code": 1, "block_code": 36, "block_label": "1-36", "planted_ha": 1.14, "palms": 153, "planted_year": 2010, "abw_kg": 22.1, "rotation_target_days": 10, "gang_code": "", "road_condition": "fair", "bunches_per_day": 5.2, "centroid_lon": 119.241852, "centroid_lat": -2.197211}, "geometry": {"type": "Polygon", "coordinates": [[[119.241698, -2.197941], [119.241555, -2.197928], [119.241076, -2.19735], [119.242525, -2.196424], [119.242677, -2.196564], [119.241698, -2.197941]]]}}, {"type": "Feature", "properties": {"division_code": 1, "block_code": 37, "block_label": "1-37", "planted_ha": 3.35, "palms": 464, "planted_year": 2011, "abw_kg": 22.5, "rotation_target_days": 10, "gang_code": "", "road_condition": "good", "bunches_per_day": 15.8, "centroid_lon": 119.244218, "centroid_lat": -2.196346}, "geometry": {"type": "Polygon", "coordinates": [[[119.24453, -2.197318], [119.244018, -2.197326], [119.243129, -2.196567], [119.24341, -2.195885], [119.244105, -2.195493], [119.244568, -2.195249], [119.245275, -2.196274], [119.24453, -2.197318]]]}}, {"type": "Feature", "properties": {"division_code": 1, "block_code": 38, "block_label": "1-38", "planted_ha": 4.02, "palms": 551, "planted_year": 2011, "abw_kg": 21.9, "rotation_target_days": 10, "gang_code": "", "road_condition": "fair", "bunches_per_day": 20.4, "centroid_lon": 119.24573, "centroid_lat": -2.197482}, "geometry": {"type": "Polygon", "coordinates": [[[119.246929, -2.197989], [119.246232, -2.198565], [119.245666, -2.198632], [119.244562, -2.197335], [119.245307, -2.196291], [119.24579, -2.196214], [119.246929, -2.197989]]]}}, {"type": "Feature", "properties": {"division_code": 1, "block_code": 39, "block_label": "1-39", "planted_ha": 3.43, "palms": 454, "planted_year": 2012, "abw_kg": 22.4, "rotation_target_days": 10, "gang_code": "", "road_condition": "good", "bunches_per_day": 15.5, "centroid_lon": 119.246877, "centroid_lat": -2.196548}, "geometry": {"type": "Polygon", "coordinates": [[[119.247783, -2.196178], [119.247187, -2.19792], [119.246961, -2.197973], [119.245822, -2.196198], [119.246879, -2.195314], [119.247783, -2.196178]]]}}, {"type": "Feature", "properties": {"division_code": 1, "block_code": 40, "block_label": "1-40", "planted_ha": 4.25, "palms": 580, "planted_year": 2013, "abw_kg": 21.6, "rotation_target_days": 10, "gang_code": "", "road_condition": "good", "bunches_per_day": 22.6, "centroid_lon": 119.248363, "centroid_lat": -2.197304}, "geometry": {"type": "Polygon", "coordinates": [[[119.249617, -2.1974], [119.248667, -2.198378], [119.248287, -2.198381], [119.247224, -2.197924], [119.247817, -2.196191], [119.248659, -2.196172], [119.249617, -2.1974]]]}}, {"type": "Feature", "properties": {"division_code": 1, "block_code": 41, "block_label": "1-41", "planted_ha": 3.98, "palms": 531, "planted_year": 2013, "abw_kg": 21.9, "rotation_target_days": 10, "gang_code": "", "road_condition": "fair", "bunches_per_day": 19.1, "centroid_lon": 119.251191, "centroid_lat": -2.197455}, "geometry": {"type": "Polygon", "coordinates": [[[119.252405, -2.197957], [119.252399, -2.198], [119.251214, -2.198673], [119.24999, -2.19739], [119.251047, -2.196089], [119.251193, -2.196088], [119.252405, -2.197957]]]}}, {"type": "Feature", "properties": {"division_code": 1, "block_code": 42, "block_label": "1-42", "planted_ha": 4.49, "palms": 615, "planted_year": 2013, "abw_kg": 21.8, "rotation_target_days": 10, "gang_code": "", "road_condition": "fair", "bunches_per_day": 20.5, "centroid_lon": 119.25253, "centroid_lat": -2.196476}, "geometry": {"type": "Polygon", "coordinates": [[[119.25379, -2.196322], [119.253827, -2.196534], [119.252427, -2.197925], [119.251227, -2.196075], [119.252224, -2.195357], [119.252826, -2.195463], [119.25379, -2.196322]]]}}, {"type": "Feature", "properties": {"division_code": 1, "block_code": 43, "block_label": "1-43", "planted_ha": 5.01, "palms": 689, "planted_year": 2013, "abw_kg": 22.5, "rotation_target_days": 10, "gang_code": "", "road_condition": "fair", "bunches_per_day": 23.1, "centroid_lon": 119.255242, "centroid_lat": -2.19641}, "geometry": {"type": "Polygon", "coordinates": [[[119.256538, -2.196067], [119.256522, -2.196494], [119.255303, -2.197692], [119.255067, -2.197704], [119.253864, -2.196532], [119.253826, -2.196319], [119.254951, -2.195359], [119.255756, -2.195296], [119.256538, -2.196067]]]}}, {"type": "Feature", "properties": {"division_code": 1, "block_code": 44, "block_label": "1-44", "planted_ha": 3.64, "palms": 476, "planted_year": 2014, "abw_kg": 22.2, "rotation_target_days": 10, "gang_code": "", "road_condition": "fair", "bunches_per_day": 16.3, "centroid_lon": 119.257713, "centroid_lat": -2.196324}, "geometry": {"type": "Polygon", "coordinates": [[[119.258773, -2.196754], [119.258111, -2.197493], [119.257249, -2.19692], [119.256558, -2.196492], [119.256574, -2.196069], [119.257802, -2.195167], [119.258043, -2.195173], [119.258773, -2.196754]]]}}, {"type": "Feature", "properties": {"division_code": 1, "block_code": 45, "block_label": "1-45", "planted_ha": 4.67, "palms": 626, "planted_year": 2015, "abw_kg": 22.2, "rotation_target_days": 10, "gang_code": "", "road_condition": "fair", "bunches_per_day": 24.3, "centroid_lon": 119.263524, "centroid_lat": -2.196769}, "geometry": {"type": "Polygon", "coordinates": [[[119.264896, -2.196535], [119.264976, -2.196811], [119.26356, -2.19802], [119.263194, -2.19791], [119.26215, -2.196474], [119.263191, -2.195572], [119.264896, -2.196535]]]}}, {"type": "Feature", "properties": {"division_code": 1, "block_code": 46, "block_label": "1-46", "planted_ha": 5.11, "palms": 671, "planted_year": 2015, "abw_kg": 22.5, "rotation_target_days": 10, "gang_code": "", "road_condition": "good", "bunches_per_day": 23.0, "centroid_lon": 119.266202, "centroid_lat": -2.196357}, "geometry": {"type": "Polygon", "coordinates": [[[119.266229, -2.19499], [119.267527, -2.196432], [119.267505, -2.196888], [119.266208, -2.197556], [119.266008, -2.197545], [119.265013, -2.196806], [119.264931, -2.196526], [119.265724, -2.195084], [119.266229, -2.19499]]]}}, {"type": "Feature", "properties": {"division_code": 1, "block_code": 47, "block_label": "1-47", "planted_ha": 0.84, "palms": 112, "planted_year": 2015, "abw_kg": 21.4, "rotation_target_days": 10, "gang_code": "", "road_condition": "fair", "bunches_per_day": 3.8, "centroid_lon": 119.267922, "centroid_lat": -2.196546}, "geometry": {"type": "Polygon", "coordinates": [[[119.267563, -2.196431], [119.26814, -2.195584], [119.268199, -2.197323], [119.267541, -2.19689], [119.267563, -2.196431]]]}}, {"type": "Feature", "properties": {"division_code": 1, "block_code": 48, "block_label": "1-48", "planted_ha": 1.47, "palms": 201, "planted_year": 2010, "abw_kg": 21.4, "rotation_target_days": 10, "gang_code": "", "road_condition": "fair", "bunches_per_day": 7.4, "centroid_lon": 119.240628, "centroid_lat": -2.198071}, "geometry": {"type": "Polygon", "coordinates": [[[119.240634, -2.198601], [119.239895, -2.198566], [119.239703, -2.198221], [119.240489, -2.197707], [119.241045, -2.197369], [119.24152, -2.197943], [119.240634, -2.198601]]]}}, {"type": "Feature", "properties": {"division_code": 1, "block_code": 49, "block_label": "1-49", "planted_ha": 4.06, "palms": 537, "planted_year": 2010, "abw_kg": 22.2, "rotation_target_days": 10, "gang_code": "", "road_condition": "fair", "bunches_per_day": 20.2, "centroid_lon": 119.242887, "centroid_lat": -2.197789}, "geometry": {"type": "Polygon", "coordinates": [[[119.243989, -2.197349], [119.243526, -2.198308], [119.243125, -2.199068], [119.242761, -2.199071], [119.24173, -2.197959], [119.24271, -2.196579], [119.243101, -2.19659], [119.243989, -2.197349]]]}}, {"type": "Feature", "properties": {"division_code": 1, "block_code": 50, "block_label": "1-50", "planted_ha": 4.62, "palms": 627, "planted_year": 2011, "abw_kg": 21.5, "rotation_target_days": 10, "gang_code": "", "road_condition": "good", "bunches_per_day": 20.8, "centroid_lon": 119.24438, "centroid_lat": -2.198668}, "geometry": {"type": "Polygon", "coordinates": [[[119.245635, -2.198652], [119.244706, -2.199849], [119.244241, -2.199896], [119.243159, -2.199081], [119.243558, -2.198324], [119.244023, -2.197362], [119.244531, -2.197354], [119.245635, -2.198652]]]}}, {"type": "Feature", "properties": {"division_code": 1, "block_code": 51, "block_label": "1-51", "planted_ha": 4.48, "palms": 603, "planted_year": 2014, "abw_kg": 21.8, "rotation_target_days": 10, "gang_code": "", "road_condition": "good", "bunches_per_day": 21.3, "centroid_lon": 119.249912, "centroid_lat": -2.198677}, "geometry": {"type": "Polygon", "coordinates": [[[119.251192, -2.198702], [119.251183, -2.198763], [119.249828, -2.20017], [119.248697, -2.198398], [119.249648, -2.197419], [119.249959, -2.197409], [119.251192, -2.198702]]]}}, {"type": "Feature", "properties": {"division_code": 1, "block_code": 52, "block_label": "1-52", "planted_ha": 4.41, "palms": 605, "planted_year": 2014, "abw_kg": 21.8, "rotation_target_days": 10, "gang_code": "", "road_condition": "good", "bunches_per_day": 22.2, "centroid_lon": 119.253769, "centroid_lat": -2.197896}, "geometry": {"type": "Polygon", "coordinates": [[[119.254324, -2.198825], [119.253458, -2.199035], [119.252435, -2.198005], [119.252441, -2.197961], [119.253847, -2.196566], [119.255037, -2.197725], [119.254324, -2.198825]]]}}, {"type": "Feature", "properties": {"division_code": 1, "block_code": 53, "block_label": "1-53", "planted_ha": 4.63, "palms": 626, "planted_year": 2014, "abw_kg": 21.8, "rotation_target_days": 10, "gang_code": "", "road_condition": "fair", "bunches_per_day": 22.8, "centroid_lon": 119.256749, "centroid_lat": -2.197757}, "geometry": {"type": "Polygon", "coordinates": [[[119.258097, -2.197846], [119.256719, -2.19907], [119.255337, -2.19771], [119.256542, -2.196525], [119.257229, -2.196951], [119.258096, -2.197526], [119.258097, -2.197846]]]}}, {"type": "Feature", "properties": {"division_code": 1, "block_code": 54, "block_label": "1-54", "planted_ha": 5.06, "palms": 667, "planted_year": 2014, "abw_kg": 21.5, "rotation_target_days": 10, "gang_code": "", "road_condition": "good", "bunches_per_day": 23.8, "centroid_lon": 119.259472, "centroid_lat": -2.197747}, "geometry": {"type": "Polygon", "coordinates": [[[119.260735, -2.197422], [119.26075, -2.198056], [119.259519, -2.199048], [119.25943, -2.199053], [119.258132, -2.197847], [119.258132, -2.197524], [119.258804, -2.196774], [119.2598, -2.196657], [119.260735, -2.197422]]]}}, {"type": "Feature", "properties": {"division_code": 1, "block_code": 55, "block_label": "1-55", "planted_ha": 4.16, "palms": 572, "planted_year": 2015, "abw_kg": 22.3, "rotation_target_days": 10, "gang_code": "", "road_condition": "fair", "bunches_per_day": 19.0, "centroid_lon": 119.261894, "centroid_lat": -2.197759}, "geometry": {"type": "Polygon", "coordinates": [[[119.263159, -2.197923], [119.261906, -2.19899], [119.260786, -2.198056], [119.260771, -2.197422], [119.262117, -2.19649], [119.263159, -2.197923]]]}}, {"type": "Feature", "properties": {"division_code": 1, "block_code": 56, "block_label": "1-56", "planted_ha": 4.44, "palms": 587, "planted_year": 2015, "abw_kg": 21.5, "rotation_target_days": 10, "gang_code": "", "road_condition": "good", "bunches_per_day": 22.4, "centroid_lon": 119.264774, "centroid_lat": -2.19817}, "geometry": {"type": "Polygon", "coordinates": [[[119.264977, -2.199468], [119.264226, -2.199373], [119.263587, -2.198044], [119.264998, -2.19684], [119.265979, -2.197568], [119.264977, -2.199468]]]}}, {"type": "Feature", "properties": {"division_code": 1, "block_code": 57, "block_label": "1-57", "planted_ha": 3.76, "palms": 513, "planted_year": 2016, "abw_kg": 20.1, "rotation_target_days": 10, "gang_code": "", "road_condition": "fair", "bunches_per_day": 19.5, "centroid_lon": 119.267368, "centroid_lat": -2.198048}, "geometry": {"type": "Polygon", "coordinates": [[[119.268201, -2.197367], [119.268204, -2.197527], [119.268189, -2.198638], [119.267672, -2.199187], [119.266999, -2.199109], [119.266236, -2.197582], [119.267521, -2.19692], [119.268201, -2.197367]]]}}, {"type": "Feature", "properties": {"division_code": 1, "block_code": 58, "block_label": "1-58", "planted_ha": 1.51, "palms": 199, "planted_year": 2011, "abw_kg": 22.4, "rotation_target_days": 10, "gang_code": "", "road_condition": "good", "bunches_per_day": 7.3, "centroid_lon": 119.239104, "centroid_lat": -2.19909}, "geometry": {"type": "Polygon", "coordinates": [[[119.239042, -2.199983], [119.238235, -2.199181], [119.239673, -2.19824], [119.239863, -2.198584], [119.239042, -2.199983]]]}}, {"type": "Feature", "properties": {"division_code": 1, "block_code": 59, "block_label": "1-59", "planted_ha": 3.67, "palms": 484, "planted_year": 2011, "abw_kg": 22.5, "rotation_target_days": 10, "gang_code": "", "road_condition": "good", "bunches_per_day": 17.3, "centroid_lon": 119.240185, "centroid_lat": -2.199713}, "geometry": {"type": "Polygon", "coordinates": [[[119.241231, -2.200068], [119.240307, -2.200851], [119.239079, -2.200093], [119.239065, -2.200016], [119.239894, -2.198602], [119.240628, -2.198637], [119.241231, -2.200068]]]}}, {"type": "Feature", "properties": {"division_code": 1, "block_code": 60, "block_label": "1-60", "planted_ha": 3.21, "palms": 430, "planted_year": 2011, "abw_kg": 21.7, "rotation_target_days": 10, "gang_code": "", "road_condition": "good", "bunches_per_day": 14.3, "centroid_lon": 119.241647, "centroid_lat": -2.199049}, "geometry": {"type": "Polygon", "coordinates": [[[119.242729, -2.19909], [119.241937, -2.200034], [119.241265, -2.200055], [119.240662, -2.198626], [119.241551, -2.197964], [119.241698, -2.197978], [119.242729, -2.19909]]]}}, {"type": "Feature", "properties": {"division_code": 1, "block_code": 61, "block_label": "1-61", "planted_ha": 3.8, "palms": 519, "planted_year": 2013, "abw_kg": 21.4, "rotation_target_days": 10, "gang_code": "", "road_condition": "good", "bunches_per_day": 16.8, "centroid_lon": 119.247294, "centroid_lat": -2.199115}, "geometry": {"type": "Polygon", "coordinates": [[[119.247552, -2.20065], [119.247189, -2.200587], [119.246731, -2.199561], [119.246262, -2.198587], [119.246961, -2.19801], [119.2472, -2.197954], [119.248261, -2.198409], [119.247552, -2.20065]]]}}, {"type": "Feature", "properties": {"division_code": 1, "block_code": 62, "block_label": "1-62", "planted_ha": 3.33, "palms": 437, "planted_year": 2015, "abw_kg": 21.7, "rotation_target_days": 10, "gang_code": "", "road_condition": "fair", "bunches_per_day": 16.0, "centroid_lon": 119.252386, "centroid_lat": -2.199104}, "geometry": {"type": "Polygon", "coordinates": [[[119.253431, -2.199059], [119.253054, -2.199959], [119.252255, -2.200135], [119.251218, -2.198767], [119.251227, -2.198707], [119.252413, -2.198034], [119.253431, -2.199059]]]}}, {"type": "Feature", "properties": {"division_code": 1, "block_code": 63, "block_label": "1-63", "planted_ha": 4.36, "palms": 579, "planted_year": 2014, "abw_kg": 22.4, "rotation_target_days": 10, "gang_code": "", "road_condition": "fair", "bunches_per_day": 23.1, "centroid_lon": 119.255486, "centroid_lat": -2.199058}, "geometry": {"type": "Polygon", "coordinates": [[[119.2567, -2.199103], [119.256713, -2.199467], [119.255404, -2.20032], [119.255181, -2.200291], [119.254356, -2.198841], [119.25507, -2.19774], [119.255304, -2.197729], [119.2567, -2.199103]]]}}, {"type": "Feature", "properties": {"division_code": 1, "block_code": 64, "block_label": "1-64", "planted_ha": 4.84, "palms": 671, "planted_year": 2014, "abw_kg": 21.8, "rotation_target_days": 10, "gang_code": "", "road_condition": "fair", "bunches_per_day": 25.4, "centroid_lon": 119.258001, "centroid_lat": -2.199242}, "geometry": {"type": "Polygon", "coordinates": [[[119.258073, -2.200539], [119.257786, -2.200546], [119.256749, -2.199469], [119.256736, -2.199103], [119.258114, -2.197879], [119.259398, -2.199072], [119.258073, -2.200539]]]}}, {"type": "Feature", "properties": {"division_code": 1, "block_code": 65, "block_label": "1-65", "planted_ha": 3.64, "palms": 481, "planted_year": 2015, "abw_kg": 21.6, "rotation_target_days": 10, "gang_code": "", "road_condition": "poor", "bunches_per_day": 18.7, "centroid_lon": 119.260749, "centroid_lat": -2.199229}, "geometry": {"type": "Polygon", "coordinates": [[[119.261934, -2.199199], [119.260648, -2.2005], [119.259551, -2.199069], [119.260768, -2.198088], [119.26189, -2.199024], [119.261934, -2.199199]]]}}, {"type": "Feature", "properties": {"division_code": 1, "block_code": 66, "block_label": "1-66", "planted_ha": 3.87, "palms": 520, "planted_year": 2015, "abw_kg": 22.2, "rotation_target_days": 10, "gang_code": "", "road_condition": "good", "bunches_per_day": 20.7, "centroid_lon": 119.263116, "centroid_lat": -2.199159}, "geometry": {"type": "Polygon", "coordinates": [[[119.263552, -2.198055], [119.264193, -2.199387], [119.263231, -2.200398], [119.263082, -2.200389], [119.26197, -2.199195], [119.261926, -2.199021], [119.263187, -2.197946], [119.263552, -2.198055]]]}}, {"type": "Feature", "properties": {"division_code": 1, "block_code": 67, "block_label": "1-67", "planted_ha": 3.16, "palms": 424, "planted_year": 2016, "abw_kg": 21.0, "rotation_target_days": 10, "gang_code": "", "road_condition": "good", "bunches_per_day": 14.8, "centroid_lon": 119.266005, "centroid_lat": -2.198932}, "geometry": {"type": "Polygon", "coordinates": [[[119.266965, -2.199122], [119.266232, -2.199859], [119.265375, -2.199861], [119.26501, -2.199484], [119.266012, -2.197582], [119.2662, -2.197592], [119.266965, -2.199122]]]}}, {"type": "Feature", "properties": {"division_code": 1, "block_code": 68, "block_label": "1-68", "planted_ha": 0.89, "palms": 119, "planted_year": 2016, "abw_kg": 20.9, "rotation_target_days": 10, "gang_code": "", "road_condition": "good", "bunches_per_day": 4.2, "centroid_lon": 119.26716, "centroid_lat": -2.199545}, "geometry": {"type": "Polygon", "coordinates": [[[119.267877, -2.199772], [119.266571, -2.199859], [119.266283, -2.199859], [119.266994, -2.199145], [119.267666, -2.199223], [119.267877, -2.199772]]]}}, {"type": "Feature", "properties": {"division_code": 2, "block_code": 1, "block_label": "2-1", "planted_ha": 1.74, "palms": 235, "planted_year": 2013, "abw_kg": 21.5, "rotation_target_days": 10, "gang_code": "", "road_condition": "fair", "bunches_per_day": 7.7, "centroid_lon": 119.238281, "centroid_lat": -2.200112}, "geometry": {"type": "Polygon", "coordinates": [[[119.239044, -2.200099], [119.238167, -2.20104], [119.237891, -2.201037], [119.237776, -2.199481], [119.238204, -2.199201], [119.239029, -2.200021], [119.239044, -2.200099]]]}}, {"type": "Feature", "properties": {"division_code": 2, "block_code": 2, "block_label": "2-2", "planted_ha": 4.58, "palms": 615, "planted_year": 2012, "abw_kg": 22.2, "rotation_target_days": 10, "gang_code": "", "road_condition": "fair", "bunches_per_day": 23.6, "centroid_lon": 119.245958, "centroid_lat": -2.199958}, "geometry": {"type": "Polygon", "coordinates": [[[119.246699, -2.199576], [119.247153, -2.200595], [119.245884, -2.201285], [119.245809, -2.20128], [119.245337, -2.200632], [119.244739, -2.199866], [119.245668, -2.198668], [119.246229, -2.198602], [119.246699, -2.199576]]]}}, {"type": "Feature", "properties": {"division_code": 2, "block_code": 3, "block_label": "2-3", "planted_ha": 4.46, "palms": 595, "planted_year": 2014, "abw_kg": 22.1, "rotation_target_days": 10, "gang_code": "", "road_condition": "good", "bunches_per_day": 21.3, "centroid_lon": 119.248618, "centroid_lat": -2.19995}, "geometry": {"type": "Polygon", "coordinates": [[[119.249807, -2.200204], [119.248544, -2.20133], [119.247585, -2.200664], [119.248296, -2.198417], [119.248664, -2.198414], [119.249807, -2.200204]]]}}, {"type": "Feature", "properties": {"division_code": 2, "block_code": 4, "block_label": "2-4", "planted_ha": 3.58, "palms": 473, "planted_year": 2014, "abw_kg": 22.2, "rotation_target_days": 10, "gang_code": "", "road_condition": "good", "bunches_per_day": 18.0, "centroid_lon": 119.251117, "centroid_lat": -2.200075}, "geometry": {"type": "Polygon", "coordinates": [[[119.252226, -2.200156], [119.25147, -2.201146], [119.251267, -2.201157], [119.249843, -2.200215], [119.251198, -2.198799], [119.252226, -2.200156]]]}}, {"type": "Feature", "properties": {"division_code": 2, "block_code": 5, "block_label": "2-5", "planted_ha": 3.47, "palms": 479, "planted_year": 2015, "abw_kg": 22.1, "rotation_target_days": 10, "gang_code": "", "road_condition": "good", "bunches_per_day": 17.2, "centroid_lon": 119.254074, "centroid_lat": -2.199974}, "geometry": {"type": "Polygon", "coordinates": [[[119.255147, -2.200303], [119.253999, -2.201212], [119.253088, -2.199972], [119.253465, -2.19907], [119.254326, -2.198861], [119.255147, -2.200303]]]}}, {"type": "Feature", "properties": {"division_code": 2, "block_code": 6, "block_label": "2-6", "planted_ha": 4.79, "palms": 643, "planted_year": 2013, "abw_kg": 21.9, "rotation_target_days": 10, "gang_code": "", "road_condition": "good", "bunches_per_day": 22.1, "centroid_lon": 119.239263, "centroid_lat": -2.201516}, "geometry": {"type": "Polygon", "coordinates": [[[119.240464, -2.201377], [119.239851, -2.202207], [119.2392, -2.203037], [119.238806, -2.202985], [119.238195, -2.201063], [119.239066, -2.200128], [119.240294, -2.200885], [119.240464, -2.201377]]]}}, {"type": "Feature", "properties": {"division_code": 2, "block_code": 7, "block_label": "2-7", "planted_ha": 4.1, "palms": 545, "planted_year": 2012, "abw_kg": 22.2, "rotation_target_days": 10, "gang_code": "", "road_condition": "fair", "bunches_per_day": 20.1, "centroid_lon": 119.241569, "centroid_lat": -2.201162}, "geometry": {"type": "Polygon", "coordinates": [[[119.242759, -2.20167], [119.241864, -2.202375], [119.240499, -2.201369], [119.24033, -2.200879], [119.24126, -2.200092], [119.241935, -2.200071], [119.242759, -2.20167]]]}}, {"type": "Feature", "properties": {"division_code": 2, "block_code": 8, "block_label": "2-8", "planted_ha": 3.99, "palms": 534, "planted_year": 2011, "abw_kg": 22.4, "rotation_target_days": 10, "gang_code": "", "road_condition": "good", "bunches_per_day": 20.7, "centroid_lon": 119.243031, "centroid_lat": -2.200261}, "geometry": {"type": "Polygon", "coordinates": [[[119.244212, -2.199919], [119.243089, -2.201614], [119.242792, -2.201656], [119.241967, -2.200055], [119.242761, -2.199107], [119.24313, -2.199104], [119.244212, -2.199919]]]}}, {"type": "Feature", "properties": {"division_code": 2, "block_code": 9, "block_label": "2-9", "planted_ha": 4.66, "palms": 622, "planted_year": 2011, "abw_kg": 22.2, "rotation_target_days": 10, "gang_code": "", "road_condition": "poor", "bunches_per_day": 24.8, "centroid_lon": 119.244458, "centroid_lat": -2.201202}, "geometry": {"type": "Polygon", "coordinates": [[[119.245308, -2.200653], [119.245776, -2.201294], [119.244565, -2.202395], [119.244259, -2.20238], [119.243125, -2.201626], [119.244247, -2.199932], [119.244708, -2.199885], [119.245308, -2.200653]]]}}, {"type": "Feature", "properties": {"division_code": 2, "block_code": 10, "block_label": "2-10", "planted_ha": 5.08, "palms": 679, "planted_year": 2015, "abw_kg": 22.4, "rotation_target_days": 10, "gang_code": "", "road_condition": "good", "bunches_per_day": 24.0, "centroid_lon": 119.24987, "centroid_lat": -2.201578}, "geometry": {"type": "Polygon", "coordinates": [[[119.250246, -2.202852], [119.24957, -2.202832], [119.248597, -2.201659], [119.248564, -2.20136], [119.249825, -2.200247], [119.251237, -2.201181], [119.250246, -2.202852]]]}}, {"type": "Feature", "properties": {"division_code": 2, "block_code": 11, "block_label": "2-11", "planted_ha": 3.9, "palms": 510, "planted_year": 2015, "abw_kg": 21.5, "rotation_target_days": 10, "gang_code": "", "road_condition": "good", "bunches_per_day": 18.0, "centroid_lon": 119.252739, "centroid_lat": -2.201081}, "geometry": {"type": "Polygon", "coordinates": [[[119.253977, -2.201242], [119.253968, -2.201291], [119.252667, -2.20226], [119.251504, -2.201162], [119.252258, -2.200172], [119.25306, -2.199995], [119.253977, -2.201242]]]}}, {"type": "Feature", "properties": {"division_code": 2, "block_code": 12, "block_label": "2-12", "planted_ha": 3.32, "palms": 442, "planted_year": 2016, "abw_kg": 20.6, "rotation_target_days": 10, "gang_code": "", "road_condition": "poor", "bunches_per_day": 17.9, "centroid_lon": 119.255115, "centroid_lat": -2.201486}, "geometry": {"type": "Polygon", "coordinates": [[[119.256058, -2.201674], [119.255307, -2.202805], [119.254664, -2.202083], [119.254004, -2.201296], [119.254012, -2.201248], [119.255176, -2.200326], [119.255397, -2.200355], [119.256058, -2.201674]]]}}, {"type": "Feature", "properties": {"division_code": 2, "block_code": 13, "block_label": "2-13", "planted_ha": 3.62, "palms": 487, "planted_year": 2016, "abw_kg": 20.4, "rotation_target_days": 10, "gang_code": "", "road_condition": "fair", "bunches_per_day": 17.6, "centroid_lon": 119.25658, "centroid_lat": -2.200625}, "geometry": {"type": "Polygon", "coordinates": [[[119.257164, -2.201398], [119.256089, -2.201654], [119.255432, -2.200345], [119.256729, -2.1995], [119.257756, -2.200567], [119.257164, -2.201398]]]}}, {"type": "Feature", "properties": {"division_code": 2, "block_code": 14, "block_label": "2-14", "planted_ha": 4.06, "palms": 533, "planted_year": 2016, "abw_kg": 20.3, "rotation_target_days": 10, "gang_code": "", "road_condition": "good", "bunches_per_day": 20.4, "centroid_lon": 119.259408, "centroid_lat": -2.200393}, "geometry": {"type": "Polygon", "coordinates": [[[119.260138, -2.199871], [119.260628, -2.200533], [119.260632, -2.200751], [119.259354, -2.201452], [119.259039, -2.2014], [119.258107, -2.200555], [119.259432, -2.199089], [119.259517, -2.199085], [119.260138, -2.199871]]]}}, {"type": "Feature", "properties": {"division_code": 2, "block_code": 15, "block_label": "2-15", "planted_ha": 3.69, "palms": 483, "planted_year": 2015, "abw_kg": 21.9, "rotation_target_days": 10, "gang_code": "", "road_condition": "good", "bunches_per_day": 19.4, "centroid_lon": 119.261828, "centroid_lat": -2.200467}, "geometry": {"type": "Polygon", "coordinates": [[[119.262042, -2.201444], [119.261432, -2.201439], [119.260668, -2.200753], [119.260664, -2.200535], [119.261954, -2.19923], [119.26305, -2.200406], [119.262042, -2.201444]]]}}, {"type": "Feature", "properties": {"division_code": 2, "block_code": 16, "block_label": "2-16", "planted_ha": 2.4, "palms": 325, "planted_year": 2015, "abw_kg": 21.6, "rotation_target_days": 10, "gang_code": "", "road_condition": "fair", "bunches_per_day": 12.5, "centroid_lon": 119.26293, "centroid_lat": -2.201511}, "geometry": {"type": "Polygon", "coordinates": [[[119.263936, -2.201321], [119.263237, -2.201359], [119.263206, -2.202715], [119.2629, -2.202766], [119.262072, -2.201465], [119.263082, -2.200425], [119.263229, -2.200434], [119.263936, -2.201321]]]}}, {"type": "Feature", "properties": {"division_code": 2, "block_code": 17, "block_label": "2-17", "planted_ha": 2.02, "palms": 271, "planted_year": 2015, "abw_kg": 21.9, "rotation_target_days": 10, "gang_code": "", "road_condition": "fair", "bunches_per_day": 9.0, "centroid_lon": 119.264131, "centroid_lat": -2.200288}, "geometry": {"type": "Polygon", "coordinates": [[[119.265324, -2.199861], [119.264427, -2.199862], [119.264366, -2.201298], [119.263981, -2.201319], [119.263262, -2.200417], [119.264221, -2.199409], [119.264979, -2.199504], [119.265324, -2.199861]]]}}, {"type": "Feature", "properties": {"division_code": 2, "block_code": 18, "block_label": "2-18", "planted_ha": 1.2, "palms": 161, "planted_year": 2014, "abw_kg": 22.3, "rotation_target_days": 10, "gang_code": "", "road_condition": "good", "bunches_per_day": 6.2, "centroid_lon": 119.238274, "centroid_lat": -2.202224}, "geometry": {"type": "Polygon", "coordinates": [[[119.238771, -2.202994], [119.238275, -2.203326], [119.237915, -2.201725], [119.237892, -2.201073], [119.238162, -2.201076], [119.238771, -2.202994]]]}}, {"type": "Feature", "properties": {"division_code": 2, "block_code": 19, "block_label": "2-19", "planted_ha": 4.39, "palms": 579, "planted_year": 2013, "abw_kg": 21.8, "rotation_target_days": 10, "gang_code": "", "road_condition": "fair", "bunches_per_day": 21.6, "centroid_lon": 119.240573, "centroid_lat": -2.202724}, "geometry": {"type": "Polygon", "coordinates": [[[119.24179, -2.202834], [119.240402, -2.203971], [119.239233, -2.203053], [119.23988, -2.202229], [119.240487, -2.201406], [119.241846, -2.202406], [119.24179, -2.202834]]]}}, {"type": "Feature", "properties": {"division_code": 2, "block_code": 20, "block_label": "2-20", "planted_ha": 4.28, "palms": 561, "planted_year": 2012, "abw_kg": 21.5, "rotation_target_days": 10, "gang_code": "", "road_condition": "fair", "bunches_per_day": 22.9, "centroid_lon": 119.242978, "centroid_lat": -2.202788}, "geometry": {"type": "Polygon", "coordinates": [[[119.244228, -2.202403], [119.24311, -2.204208], [119.24299, -2.204188], [119.241825, -2.202837], [119.241882, -2.202408], [119.242789, -2.201692], [119.243095, -2.20165], [119.244228, -2.202403]]]}}, {"type": "Feature", "properties": {"division_code": 2, "block_code": 21, "block_label": "2-21", "planted_ha": 3.66, "palms": 486, "planted_year": 2012, "abw_kg": 22.0, "rotation_target_days": 10, "gang_code": "", "road_condition": "fair", "bunches_per_day": 17.3, "centroid_lon": 119.245673, "centroid_lat": -2.202626}, "geometry": {"type": "Polygon", "coordinates": [[[119.245876, -2.201321], [119.246747, -2.202932], [119.245841, -2.203723], [119.245263, -2.203655], [119.244594, -2.202417], [119.245806, -2.201316], [119.245876, -2.201321]]]}}, {"type": "Feature", "properties": {"division_code": 2, "block_code": 22, "block_label": "2-22", "planted_ha": 4.54, "palms": 606, "planted_year": 2013, "abw_kg": 21.7, "rotation_target_days": 10, "gang_code": "", "road_condition": "poor", "bunches_per_day": 22.9, "centroid_lon": 119.247229, "centroid_lat": -2.201705}, "geometry": {"type": "Polygon", "coordinates": [[[119.248528, -2.201363], [119.248561, -2.20166], [119.247234, -2.202927], [119.24678, -2.202919], [119.245912, -2.201311], [119.247179, -2.200622], [119.247557, -2.200688], [119.248528, -2.201363]]]}}, {"type": "Feature", "properties": {"division_code": 2, "block_code": 23, "block_label": "2-23", "planted_ha": 4.24, "palms": 574, "planted_year": 2015, "abw_kg": 21.8, "rotation_target_days": 10, "gang_code": "", "road_condition": "fair", "bunches_per_day": 20.2, "centroid_lon": 119.251487, "centroid_lat": -2.202495}, "geometry": {"type": "Polygon", "coordinates": [[[119.252646, -2.202291], [119.25262, -2.2028], [119.251293, -2.203702], [119.2512, -2.203673], [119.250279, -2.202867], [119.251272, -2.201193], [119.251473, -2.201182], [119.252646, -2.202291]]]}}, {"type": "Feature", "properties": {"division_code": 2, "block_code": 24, "block_label": "2-24", "planted_ha": 4.75, "palms": 624, "planted_year": 2016, "abw_kg": 20.6, "rotation_target_days": 10, "gang_code": "", "road_condition": "good", "bunches_per_day": 25.2, "centroid_lon": 119.253908, "centroid_lat": -2.20267}, "geometry": {"type": "Polygon", "coordinates": [[[119.255292, -2.202967], [119.253895, -2.203948], [119.253277, -2.203397], [119.252656, -2.202802], [119.252682, -2.202293], [119.253982, -2.201326], [119.254637, -2.202106], [119.255291, -2.202841], [119.255292, -2.202967]]]}}, {"type": "Feature", "properties": {"division_code": 2, "block_code": 25, "block_label": "2-25", "planted_ha": 3.72, "palms": 507, "planted_year": 2017, "abw_kg": 18.7, "rotation_target_days": 10, "gang_code": "", "road_condition": "good", "bunches_per_day": 17.7, "centroid_lon": 119.256499, "centroid_lat": -2.20255}, "geometry": {"type": "Polygon", "coordinates": [[[119.257161, -2.201436], [119.257247, -2.201805], [119.257499, -2.202967], [119.256528, -2.203591], [119.256385, -2.203597], [119.255328, -2.202966], [119.255327, -2.20284], [119.25609, -2.201691], [119.257161, -2.201436]]]}}, {"type": "Feature", "properties": {"division_code": 2, "block_code": 26, "block_label": "2-26", "planted_ha": 3.45, "palms": 456, "planted_year": 2016, "abw_kg": 20.5, "rotation_target_days": 10, "gang_code": "", "road_condition": "poor", "bunches_per_day": 17.1, "centroid_lon": 119.258011, "centroid_lat": -2.201771}, "geometry": {"type": "Polygon", "coordinates": [[[119.258149, -2.20303], [119.257534, -2.202959], [119.257194, -2.201418], [119.257788, -2.200583], [119.258075, -2.200575], [119.259008, -2.20142], [119.258149, -2.20303]]]}}, {"type": "Feature", "properties": {"division_code": 2, "block_code": 27, "block_label": "2-27", "planted_ha": 3.16, "palms": 432, "planted_year": 2017, "abw_kg": 18.9, "rotation_target_days": 10, "gang_code": "", "road_condition": "fair", "bunches_per_day": 16.7, "centroid_lon": 119.259165, "centroid_lat": -2.2027}, "geometry": {"type": "Polygon", "coordinates": [[[119.259668, -2.203497], [119.258999, -2.203503], [119.258991, -2.203593], [119.258987, -2.203593], [119.258971, -2.203765], [119.258879, -2.203774], [119.258181, -2.203046], [119.25904, -2.201437], [119.259346, -2.201487], [119.260186, -2.203159], [119.259668, -2.203497]]]}}, {"type": "Feature", "properties": {"division_code": 2, "block_code": 28, "block_label": "2-28", "planted_ha": 3.49, "palms": 469, "planted_year": 2016, "abw_kg": 20.5, "rotation_target_days": 10, "gang_code": "", "road_condition": "fair", "bunches_per_day": 15.4, "centroid_lon": 119.260441, "centroid_lat": -2.201929}, "geometry": {"type": "Polygon", "coordinates": [[[119.260725, -2.203195], [119.260221, -2.203149], [119.259382, -2.201478], [119.260648, -2.200783], [119.261403, -2.201462], [119.260725, -2.203195]]]}}, {"type": "Feature", "properties": {"division_code": 2, "block_code": 29, "block_label": "2-29", "planted_ha": 3.49, "palms": 466, "planted_year": 2015, "abw_kg": 22.1, "rotation_target_days": 10, "gang_code": "", "road_condition": "fair", "bunches_per_day": 15.8, "centroid_lon": 119.261788, "centroid_lat": -2.202601}, "geometry": {"type": "Polygon", "coordinates": [[[119.26287, -2.202785], [119.262341, -2.203433], [119.261139, -2.20349], [119.261081, -2.203491], [119.260759, -2.203209], [119.261437, -2.201476], [119.262039, -2.20148], [119.26287, -2.202785]]]}}, {"type": "Feature", "properties": {"division_code": 2, "block_code": 30, "block_label": "2-30", "planted_ha": 3.72, "palms": 505, "planted_year": 2014, "abw_kg": 21.7, "rotation_target_days": 10, "gang_code": "", "road_condition": "poor", "bunches_per_day": 17.6, "centroid_lon": 119.239121, "centroid_lat": -2.204076}, "geometry": {"type": "Polygon", "coordinates": [[[119.240384, -2.204003], [119.240387, -2.204094], [119.239009, -2.205278], [119.238319, -2.20465], [119.238168, -2.204167], [119.238175, -2.204124], [119.238318, -2.203522], [119.238283, -2.203364], [119.238796, -2.20302], [119.2392, -2.203073], [119.240384, -2.204003]]]}}, {"type": "Feature", "properties": {"division_code": 2, "block_code": 31, "block_label": "2-31", "planted_ha": 4.16, "palms": 557, "planted_year": 2013, "abw_kg": 22.1, "rotation_target_days": 10, "gang_code": "", "road_condition": "good", "bunches_per_day": 18.5, "centroid_lon": 119.241655, "centroid_lat": -2.204143}, "geometry": {"type": "Polygon", "coordinates": [[[119.241882, -2.20519], [119.241122, -2.205142], [119.240423, -2.204096], [119.24042, -2.204003], [119.241805, -2.202868], [119.242956, -2.204203], [119.241882, -2.20519]]]}}, {"type": "Feature", "properties": {"division_code": 2, "block_code": 32, "block_label": "2-32", "planted_ha": 3.45, "palms": 465, "planted_year": 2012, "abw_kg": 22.0, "rotation_target_days": 10, "gang_code": "", "road_condition": "good", "bunches_per_day": 16.7, "centroid_lon": 119.244216, "centroid_lat": -2.20372}, "geometry": {"type": "Polygon", "coordinates": [[[119.24523, -2.203669], [119.244056, -2.20499], [119.243143, -2.204224], [119.244262, -2.202417], [119.24456, -2.202431], [119.24523, -2.203669]]]}}, {"type": "Feature", "properties": {"division_code": 2, "block_code": 33, "block_label": "2-33", "planted_ha": 3.29, "palms": 452, "planted_year": 2013, "abw_kg": 22.4, "rotation_target_days": 10, "gang_code": "", "road_condition": "poor", "bunches_per_day": 15.3, "centroid_lon": 119.246875, "centroid_lat": -2.204006}, "geometry": {"type": "Polygon", "coordinates": [[[119.24783, -2.204065], [119.247287, -2.204985], [119.246466, -2.205], [119.245869, -2.203746], [119.246776, -2.202955], [119.24723, -2.202963], [119.24783, -2.204065]]]}}, {"type": "Feature", "properties": {"division_code": 2, "block_code": 34, "block_label": "2-34", "planted_ha": 3.83, "palms": 531, "planted_year": 2013, "abw_kg": 22.4, "rotation_target_days": 10, "gang_code": "", "road_condition": "good", "bunches_per_day": 18.4, "centroid_lon": 119.248417, "centroid_lat": -2.20298}, "geometry": {"type": "Polygon", "coordinates": [[[119.249058, -2.20376], [119.24786, -2.204044], [119.247263, -2.202949], [119.248579, -2.201693], [119.24954, -2.202852], [119.249058, -2.20376]]]}}, {"type": "Feature", "properties": {"division_code": 2, "block_code": 35, "block_label": "2-35", "planted_ha": 3.47, "palms": 454, "planted_year": 2014, "abw_kg": 22.0, "rotation_target_days": 10, "gang_code": "", "road_condition": "poor", "bunches_per_day": 16.4, "centroid_lon": 119.250001, "centroid_lat": -2.20389}, "geometry": {"type": "Polygon", "coordinates": [[[119.251165, -2.20369], [119.249821, -2.205191], [119.249583, -2.20511], [119.24909, -2.203778], [119.249572, -2.202868], [119.250249, -2.202888], [119.251165, -2.20369]]]}}, {"type": "Feature", "properties": {"division_code": 2, "block_code": 36, "block_label": "2-36", "planted_ha": 4.5, "palms": 618, "planted_year": 2015, "abw_kg": 22.1, "rotation_target_days": 10, "gang_code": "", "road_condition": "fair", "bunches_per_day": 20.0, "centroid_lon": 119.252531, "centroid_lat": -2.204116}, "geometry": {"type": "Polygon", "coordinates": [[[119.253253, -2.203423], [119.253865, -2.203969], [119.252615, -2.205379], [119.252109, -2.205393], [119.251318, -2.203728], [119.252636, -2.202833], [119.253253, -2.203423]]]}}, {"type": "Feature", "properties": {"division_code": 2, "block_code": 37, "block_label": "2-37", "planted_ha": 3.94, "palms": 525, "planted_year": 2017, "abw_kg": 19.1, "rotation_target_days": 10, "gang_code": "", "road_condition": "good", "bunches_per_day": 20.1, "centroid_lon": 119.255181, "centroid_lat": -2.204128}, "geometry": {"type": "Polygon", "coordinates": [[[119.255551, -2.205227], [119.254803, -2.205199], [119.253924, -2.203972], [119.255311, -2.202998], [119.256357, -2.203623], [119.255551, -2.205227]]]}}, {"type": "Feature", "properties": {"division_code": 2, "block_code": 38, "block_label": "2-38", "planted_ha": 4.0, "palms": 534, "planted_year": 2017, "abw_kg": 18.6, "rotation_target_days": 10, "gang_code": "", "road_condition": "poor", "bunches_per_day": 21.3, "centroid_lon": 119.257772, "centroid_lat": -2.204068}, "geometry": {"type": "Polygon", "coordinates": [[[119.258851, -2.203797], [119.258132, -2.205362], [119.25771, -2.205395], [119.256559, -2.203614], [119.257524, -2.202994], [119.258151, -2.203067], [119.258851, -2.203797]]]}}, {"type": "Feature", "properties": {"division_code": 2, "block_code": 39, "block_label": "2-39", "planted_ha": 3.47, "palms": 472, "planted_year": 2014, "abw_kg": 22.2, "rotation_target_days": 10, "gang_code": "", "road_condition": "good", "bunches_per_day": 17.2, "centroid_lon": 119.240161, "centroid_lat": -2.205416}, "geometry": {"type": "Polygon", "coordinates": [[[119.240485, -2.206582], [119.239994, -2.206595], [119.239405, -2.205805], [119.239433, -2.205691], [119.239383, -2.205644], [119.239388, -2.205628], [119.239036, -2.205302], [119.240402, -2.204129], [119.241092, -2.205162], [119.240485, -2.206582]]]}}, {"type": "Feature", "properties": {"division_code": 2, "block_code": 40, "block_label": "2-40", "planted_ha": 3.5, "palms": 478, "planted_year": 2014, "abw_kg": 21.5, "rotation_target_days": 10, "gang_code": "", "road_condition": "fair", "bunches_per_day": 17.5, "centroid_lon": 119.243003, "centroid_lat": -2.205354}, "geometry": {"type": "Polygon", "coordinates": [[[119.244081, -2.20518], [119.243204, -2.206433], [119.242707, -2.206491], [119.241912, -2.205212], [119.242987, -2.204224], [119.243111, -2.204245], [119.244043, -2.205025], [119.244081, -2.20518]]]}}, {"type": "Feature", "properties": {"division_code": 2, "block_code": 41, "block_label": "2-41", "planted_ha": 3.8, "palms": 520, "planted_year": 2012, "abw_kg": 21.5, "rotation_target_days": 10, "gang_code": "", "road_condition": "poor", "bunches_per_day": 18.0, "centroid_lon": 119.245322, "centroid_lat": -2.204819}, "geometry": {"type": "Polygon", "coordinates": [[[119.245835, -2.203759], [119.246433, -2.205014], [119.24543, -2.205951], [119.244116, -2.205173], [119.244078, -2.20502], [119.245259, -2.203691], [119.245835, -2.203759]]]}}, {"type": "Feature", "properties": {"division_code": 2, "block_code": 42, "block_label": "2-42", "planted_ha": 3.69, "palms": 487, "planted_year": 2013, "abw_kg": 22.5, "rotation_target_days": 10, "gang_code": "", "road_condition": "fair", "bunches_per_day": 17.3, "centroid_lon": 119.248434, "centroid_lat": -2.204851}, "geometry": {"type": "Polygon", "coordinates": [[[119.249547, -2.205116], [119.248073, -2.206015], [119.247319, -2.205001], [119.247862, -2.204081], [119.249059, -2.203797], [119.249547, -2.205116]]]}}, {"type": "Feature", "properties": {"division_code": 2, "block_code": 43, "block_label": "2-43", "planted_ha": 3.87, "palms": 534, "planted_year": 2014, "abw_kg": 22.1, "rotation_target_days": 10, "gang_code": "", "road_condition": "fair", "bunches_per_day": 17.1, "centroid_lon": 119.251026, "centroid_lat": -2.205142}, "geometry": {"type": "Polygon", "coordinates": [[[119.252076, -2.205408], [119.25102, -2.20647], [119.24985, -2.205212], [119.251196, -2.203709], [119.251283, -2.203737], [119.252076, -2.205408]]]}}, {"type": "Feature", "properties": {"division_code": 2, "block_code": 44, "block_label": "2-44", "planted_ha": 3.35, "palms": 440, "planted_year": 2017, "abw_kg": 19.3, "rotation_target_days": 10, "gang_code": "", "road_condition": "poor", "bunches_per_day": 17.0, "centroid_lon": 119.253758, "centroid_lat": -2.20529}, "geometry": {"type": "Polygon", "coordinates": [[[119.254772, -2.205216], [119.253811, -2.206562], [119.252648, -2.205396], [119.253893, -2.203991], [119.254772, -2.205216]]]}}, {"type": "Feature", "properties": {"division_code": 2, "block_code": 45, "block_label": "2-45", "planted_ha": 3.66, "palms": 487, "planted_year": 2018, "abw_kg": 18.1, "rotation_target_days": 10, "gang_code": "", "road_condition": "good", "bunches_per_day": 17.3, "centroid_lon": 119.256564, "centroid_lat": -2.205074}, "geometry": {"type": "Polygon", "coordinates": [[[119.257677, -2.205409], [119.256617, -2.206211], [119.256279, -2.206231], [119.255582, -2.205244], [119.256391, -2.203633], [119.256524, -2.203628], [119.257677, -2.205409]]]}}, {"type": "Feature", "properties": {"division_code": 2, "block_code": 46, "block_label": "2-46", "planted_ha": 0.9, "palms": 121, "planted_year": 2017, "abw_kg": 18.7, "rotation_target_days": 10, "gang_code": "", "road_condition": "good", "bunches_per_day": 4.5, "centroid_lon": 119.258633, "centroid_lat": -2.204956}, "geometry": {"type": "Polygon", "coordinates": [[[119.258863, -2.204857], [119.258742, -2.20588], [119.258166, -2.205374], [119.258884, -2.20381], [119.258968, -2.203802], [119.258941, -2.204098], [119.258863, -2.204857]]]}}, {"type": "Feature", "properties": {"division_code": 2, "block_code": 47, "block_label": "2-47", "planted_ha": 3.83, "palms": 528, "planted_year": 2014, "abw_kg": 22.5, "rotation_target_days": 10, "gang_code": "", "road_condition": "fair", "bunches_per_day": 18.8, "centroid_lon": 119.241559, "centroid_lat": -2.206324}, "geometry": {"type": "Polygon", "coordinates": [[[119.242675, -2.206508], [119.241548, -2.207614], [119.240518, -2.206596], [119.241124, -2.205179], [119.241878, -2.205226], [119.242675, -2.206508]]]}}, {"type": "Feature", "properties": {"division_code": 2, "block_code": 48, "block_label": "2-48", "planted_ha": 4.05, "palms": 546, "planted_year": 2013, "abw_kg": 22.4, "rotation_target_days": 10, "gang_code": "", "road_condition": "poor", "bunches_per_day": 20.7, "centroid_lon": 119.244415, "centroid_lat": -2.206433}, "geometry": {"type": "Polygon", "coordinates": [[[119.245504, -2.206816], [119.244701, -2.207438], [119.244056, -2.207495], [119.243236, -2.20645], [119.244105, -2.205209], [119.245415, -2.205985], [119.245504, -2.206816]]]}}, {"type": "Feature", "properties": {"division_code": 2, "block_code": 49, "block_label": "2-49", "planted_ha": 5.25, "palms": 728, "planted_year": 2012, "abw_kg": 21.7, "rotation_target_days": 10, "gang_code": "", "road_condition": "good", "bunches_per_day": 28.2, "centroid_lon": 119.2467, "centroid_lat": -2.206196}, "geometry": {"type": "Polygon", "coordinates": [[[119.24805, -2.206045], [119.248043, -2.20615], [119.247456, -2.206817], [119.246904, -2.20749], [119.246679, -2.207501], [119.24554, -2.206813], [119.245451, -2.205981], [119.246462, -2.205037], [119.247288, -2.205021], [119.24805, -2.206045]]]}}, {"type": "Feature", "properties": {"division_code": 2, "block_code": 50, "block_label": "2-50", "planted_ha": 4.58, "palms": 609, "planted_year": 2013, "abw_kg": 21.7, "rotation_target_days": 10, "gang_code": "", "road_condition": "good", "bunches_per_day": 22.2, "centroid_lon": 119.249572, "centroid_lat": -2.206311}, "geometry": {"type": "Polygon", "coordinates": [[[119.251001, -2.206502], [119.250987, -2.206605], [119.249613, -2.207534], [119.248079, -2.20615], [119.248085, -2.20605], [119.249571, -2.205144], [119.249816, -2.205227], [119.251001, -2.206502]]]}}, {"type": "Feature", "properties": {"division_code": 2, "block_code": 51, "block_label": "2-51", "planted_ha": 5.19, "palms": 704, "planted_year": 2015, "abw_kg": 21.9, "rotation_target_days": 10, "gang_code": "", "road_condition": "fair", "bunches_per_day": 23.1, "centroid_lon": 119.252448, "centroid_lat": -2.206633}, "geometry": {"type": "Polygon", "coordinates": [[[119.252617, -2.205415], [119.253797, -2.206599], [119.25388, -2.206964], [119.252782, -2.20774], [119.251982, -2.207705], [119.251023, -2.206609], [119.251037, -2.206504], [119.252105, -2.205429], [119.252617, -2.205415]]]}}, {"type": "Feature", "properties": {"division_code": 2, "block_code": 52, "block_label": "2-52", "planted_ha": 4.19, "palms": 550, "planted_year": 2017, "abw_kg": 19.2, "rotation_target_days": 10, "gang_code": "", "road_condition": "good", "bunches_per_day": 22.2, "centroid_lon": 119.255016, "centroid_lat": -2.206349}, "geometry": {"type": "Polygon", "coordinates": [[[119.256247, -2.206248], [119.255196, -2.207433], [119.254676, -2.207416], [119.253916, -2.20696], [119.253833, -2.206594], [119.254803, -2.205235], [119.255552, -2.205263], [119.256247, -2.206248]]]}}, {"type": "Feature", "properties": {"division_code": 2, "block_code": 53, "block_label": "2-53", "planted_ha": 4.0, "palms": 523, "planted_year": 2018, "abw_kg": 17.2, "rotation_target_days": 10, "gang_code": "", "road_condition": "fair", "bunches_per_day": 20.9, "centroid_lon": 119.257822, "centroid_lat": -2.206536}, "geometry": {"type": "Polygon", "coordinates": [[[119.258137, -2.205397], [119.258736, -2.205923], [119.258548, -2.20736], [119.257716, -2.207889], [119.257176, -2.207082], [119.256647, -2.206233], [119.257707, -2.205431], [119.258137, -2.205397]]]}}, {"type": "Feature", "properties": {"division_code": 2, "block_code": 54, "block_label": "2-54", "planted_ha": 4.45, "palms": 601, "planted_year": 2014, "abw_kg": 22.2, "rotation_target_days": 10, "gang_code": "", "road_condition": "fair", "bunches_per_day": 22.3, "centroid_lon": 119.240329, "centroid_lat": -2.207728}, "geometry": {"type": "Polygon", "coordinates": [[[119.241585, -2.208066], [119.240754, -2.208728], [119.239902, -2.208805], [119.239029, -2.207421], [119.239992, -2.206631], [119.24049, -2.206618], [119.241531, -2.207648], [119.241585, -2.208066]]]}}, {"type": "Feature", "properties": {"division_code": 2, "block_code": 55, "block_label": "2-55", "planted_ha": 4.16, "palms": 565, "planted_year": 2014, "abw_kg": 21.8, "rotation_target_days": 10, "gang_code": "", "road_condition": "fair", "bunches_per_day": 18.7, "centroid_lon": 119.242784, "centroid_lat": -2.207614}, "geometry": {"type": "Polygon", "coordinates": [[[119.244025, -2.207513], [119.243063, -2.20866], [119.242488, -2.208651], [119.241621, -2.208064], [119.241567, -2.207646], [119.242706, -2.206527], [119.243206, -2.206469], [119.244025, -2.207513]]]}}, {"type": "Feature", "properties": {"division_code": 2, "block_code": 56, "block_label": "2-56", "planted_ha": 3.4, "palms": 468, "planted_year": 2013, "abw_kg": 22.3, "rotation_target_days": 10, "gang_code": "", "road_condition": "fair", "bunches_per_day": 17.3, "centroid_lon": 119.245612, "centroid_lat": -2.207966}, "geometry": {"type": "Polygon", "coordinates": [[[119.245966, -2.208979], [119.245093, -2.209081], [119.244728, -2.207463], [119.245525, -2.206846], [119.246651, -2.207526], [119.245966, -2.208979]]]}}, {"type": "Feature", "properties": {"division_code": 2, "block_code": 57, "block_label": "2-57", "planted_ha": 4.98, "palms": 684, "planted_year": 2013, "abw_kg": 22.6, "rotation_target_days": 10, "gang_code": "", "road_condition": "poor", "bunches_per_day": 22.1, "centroid_lon": 119.248301, "centroid_lat": -2.207621}, "geometry": {"type": "Polygon", "coordinates": [[[119.249591, -2.207563], [119.24944, -2.208178], [119.248493, -2.20891], [119.248189, -2.208879], [119.246937, -2.207508], [119.247483, -2.20684], [119.248061, -2.206183], [119.249591, -2.207563]]]}}, {"type": "Feature", "properties": {"division_code": 2, "block_code": 58, "block_label": "2-58", "planted_ha": 4.79, "palms": 648, "planted_year": 2014, "abw_kg": 22.4, "rotation_target_days": 10, "gang_code": "", "road_condition": "good", "bunches_per_day": 25.2, "centroid_lon": 119.250776, "centroid_lat": -2.20799}, "geometry": {"type": "Polygon", "coordinates": [[[119.251001, -2.206639], [119.251952, -2.207726], [119.251238, -2.209411], [119.251143, -2.209414], [119.249476, -2.208181], [119.249627, -2.207568], [119.251001, -2.206639]]]}}, {"type": "Feature", "properties": {"division_code": 2, "block_code": 59, "block_label": "2-59", "planted_ha": 3.37, "palms": 443, "planted_year": 2014, "abw_kg": 22.4, "rotation_target_days": 10, "gang_code": "", "road_condition": "good", "bunches_per_day": 15.3, "centroid_lon": 119.253761, "centroid_lat": -2.208156}, "geometry": {"type": "Polygon", "coordinates": [[[119.254115, -2.209327], [119.253419, -2.20935], [119.252809, -2.207766], [119.253901, -2.206994], [119.25465, -2.207443], [119.254115, -2.209327]]]}}, {"type": "Feature", "properties": {"division_code": 2, "block_code": 60, "block_label": "2-60", "planted_ha": 4.4, "palms": 608, "planted_year": 2017, "abw_kg": 19.3, "rotation_target_days": 10, "gang_code": "", "road_condition": "good", "bunches_per_day": 22.6, "centroid_lon": 119.256453, "centroid_lat": -2.207572}, "geometry": {"type": "Polygon", "coordinates": [[[119.257146, -2.207102], [119.257691, -2.207916], [119.25761, -2.208114], [119.256279, -2.208856], [119.255749, -2.208173], [119.255226, -2.207452], [119.256278, -2.206267], [119.256614, -2.206247], [119.257146, -2.207102]]]}}, {"type": "Feature", "properties": {"division_code": 2, "block_code": 61, "block_label": "2-61", "planted_ha": 1.02, "palms": 139, "planted_year": 2017, "abw_kg": 19.4, "rotation_target_days": 10, "gang_code": "", "road_condition": "fair", "bunches_per_day": 5.0, "centroid_lon": 119.2582, "centroid_lat": -2.208212}, "geometry": {"type": "Polygon", "coordinates": [[[119.258505, -2.207985], [119.258485, -2.209196], [119.257645, -2.208124], [119.257725, -2.207926], [119.258542, -2.207406], [119.258505, -2.207985]]]}}, {"type": "Feature", "properties": {"division_code": 2, "block_code": 62, "block_label": "2-62", "planted_ha": 2.12, "palms": 289, "planted_year": 2013, "abw_kg": 21.5, "rotation_target_days": 10, "gang_code": "", "road_condition": "fair", "bunches_per_day": 10.2, "centroid_lon": 119.239155, "centroid_lat": -2.208812}, "geometry": {"type": "Polygon", "coordinates": [[[119.239872, -2.208824], [119.239247, -2.209818], [119.238726, -2.209818], [119.238682, -2.209341], [119.238655, -2.208781], [119.238994, -2.207435], [119.238995, -2.207435], [119.239872, -2.208824]]]}}, {"type": "Feature", "properties": {"division_code": 2, "block_code": 63, "block_label": "2-63", "planted_ha": 3.32, "palms": 437, "planted_year": 2013, "abw_kg": 22.3, "rotation_target_days": 10, "gang_code": "", "road_condition": "poor", "bunches_per_day": 15.6, "centroid_lon": 119.241607, "centroid_lat": -2.209308}, "geometry": {"type": "Polygon", "coordinates": [[[119.242461, -2.208676], [119.242174, -2.209688], [119.241973, -2.210498], [119.241212, -2.210524], [119.240781, -2.208753], [119.241605, -2.208097], [119.242461, -2.208676]]]}}, {"type": "Feature", "properties": {"division_code": 2, "block_code": 64, "block_label": "2-64", "planted_ha": 3.41, "palms": 468, "planted_year": 2013, "abw_kg": 21.6, "rotation_target_days": 10, "gang_code": "", "road_condition": "fair", "bunches_per_day": 16.0, "centroid_lon": 119.244197, "centroid_lat": -2.208617}, "geometry": {"type": "Polygon", "coordinates": [[[119.245059, -2.209095], [119.244283, -2.209869], [119.243096, -2.208677], [119.244058, -2.207531], [119.244694, -2.207475], [119.245059, -2.209095]]]}}, {"type": "Feature", "properties": {"division_code": 2, "block_code": 65, "block_label": "2-65", "planted_ha": 3.7, "palms": 484, "planted_year": 2013, "abw_kg": 21.5, "rotation_target_days": 10, "gang_code": "", "road_condition": "good", "bunches_per_day": 17.3, "centroid_lon": 119.246994, "centroid_lat": -2.208833}, "geometry": {"type": "Polygon", "coordinates": [[[119.248155, -2.208896], [119.246984, -2.210095], [119.246832, -2.210087], [119.245998, -2.208994], [119.246685, -2.207537], [119.246905, -2.207527], [119.248155, -2.208896]]]}}, {"type": "Feature", "properties": {"division_code": 2, "block_code": 66, "block_label": "2-66", "planted_ha": 4.12, "palms": 539, "planted_year": 2014, "abw_kg": 21.8, "rotation_target_days": 10, "gang_code": "", "road_condition": "fair", "bunches_per_day": 20.9, "centroid_lon": 119.252345, "centroid_lat": -2.208991}, "geometry": {"type": "Polygon", "coordinates": [[[119.252387, -2.210312], [119.251272, -2.209423], [119.251985, -2.207741], [119.252774, -2.207776], [119.253386, -2.209364], [119.252387, -2.210312]]]}}, {"type": "Feature", "properties": {"division_code": 2, "block_code": 67, "block_label": "2-67", "planted_ha": 3.93, "palms": 544, "planted_year": 2015, "abw_kg": 22.2, "rotation_target_days": 10, "gang_code": "", "road_condition": "poor", "bunches_per_day": 17.3, "centroid_lon": 119.255116, "centroid_lat": -2.208758}, "geometry": {"type": "Polygon", "coordinates": [[[119.25572, -2.208194], [119.256255, -2.208884], [119.25624, -2.208952], [119.255107, -2.210044], [119.25415, -2.209338], [119.254685, -2.207453], [119.255194, -2.207469], [119.25572, -2.208194]]]}}, {"type": "Feature", "properties": {"division_code": 3, "block_code": 1, "block_label": "3-1", "planted_ha": 4.13, "palms": 570, "planted_year": 2013, "abw_kg": 22.4, "rotation_target_days": 10, "gang_code": "", "road_condition": "good", "bunches_per_day": 19.6, "centroid_lon": 119.249714, "centroid_lat": -2.209413}, "geometry": {"type": "Polygon", "coordinates": [[[119.251109, -2.209434], [119.249942, -2.210521], [119.249317, -2.21051], [119.248521, -2.208933], [119.249456, -2.208211], [119.251109, -2.209434]]]}}, {"type": "Feature", "properties": {"division_code": 3, "block_code": 2, "block_label": "3-2", "planted_ha": 3.89, "palms": 536, "planted_year": 2016, "abw_kg": 20.1, "rotation_target_days": 10, "gang_code": "", "road_condition": "fair", "bunches_per_day": 18.0, "centroid_lon": 119.257509, "centroid_lat": -2.209383}, "geometry": {"type": "Polygon", "coordinates": [[[119.258485, -2.209256], [119.258102, -2.210616], [119.25756, -2.210641], [119.256276, -2.208957], [119.25629, -2.208891], [119.25762, -2.20815], [119.258485, -2.209256]]]}}, {"type": "Feature", "properties": {"division_code": 3, "block_code": 3, "block_label": "3-3", "planted_ha": 3.18, "palms": 416, "planted_year": 2011, "abw_kg": 21.8, "rotation_target_days": 10, "gang_code": "", "road_condition": "good", "bunches_per_day": 15.5, "centroid_lon": 119.239421, "centroid_lat": -2.21105}, "geometry": {"type": "Polygon", "coordinates": [[[119.240402, -2.211292], [119.239171, -2.212353], [119.23891, -2.212143], [119.238729, -2.209855], [119.239249, -2.209854], [119.240433, -2.211051], [119.240402, -2.211292]]]}}, {"type": "Feature", "properties": {"division_code": 3, "block_code": 4, "block_label": "3-4", "planted_ha": 3.24, "palms": 442, "planted_year": 2012, "abw_kg": 22.6, "rotation_target_days": 10, "gang_code": "", "road_condition": "good", "bunches_per_day": 16.3, "centroid_lon": 119.240311, "centroid_lat": -2.20983}, "geometry": {"type": "Polygon", "coordinates": [[[119.241177, -2.210534], [119.240455, -2.211021], [119.239279, -2.209834], [119.239903, -2.208842], [119.240747, -2.208765], [119.241177, -2.210534]]]}}, {"type": "Feature", "properties": {"division_code": 3, "block_code": 5, "block_label": "3-5", "planted_ha": 4.6, "palms": 602, "planted_year": 2013, "abw_kg": 22.0, "rotation_target_days": 10, "gang_code": "", "road_condition": "fair", "bunches_per_day": 21.1, "centroid_lon": 119.243076, "centroid_lat": -2.209987}, "geometry": {"type": "Polygon", "coordinates": [[[119.244264, -2.209901], [119.24426, -2.2103], [119.243089, -2.211323], [119.242007, -2.210508], [119.242208, -2.209697], [119.242495, -2.208687], [119.243064, -2.208696], [119.244264, -2.209901]]]}}, {"type": "Feature", "properties": {"division_code": 3, "block_code": 6, "block_label": "3-6", "planted_ha": 3.93, "palms": 539, "planted_year": 2013, "abw_kg": 21.7, "rotation_target_days": 10, "gang_code": "", "road_condition": "poor", "bunches_per_day": 18.1, "centroid_lon": 119.245498, "centroid_lat": -2.209997}, "geometry": {"type": "Polygon", "coordinates": [[[119.246798, -2.210101], [119.245543, -2.211094], [119.244296, -2.210298], [119.2443, -2.209902], [119.245087, -2.209118], [119.245969, -2.209015], [119.246798, -2.210101]]]}}, {"type": "Feature", "properties": {"division_code": 3, "block_code": 7, "block_label": "3-7", "planted_ha": 3.93, "palms": 532, "planted_year": 2013, "abw_kg": 22.1, "rotation_target_days": 10, "gang_code": "", "road_condition": "fair", "bunches_per_day": 19.0, "centroid_lon": 119.248205, "centroid_lat": -2.210185}, "geometry": {"type": "Polygon", "coordinates": [[[119.249285, -2.210526], [119.248806, -2.211173], [119.247856, -2.211211], [119.247015, -2.210115], [119.248187, -2.208915], [119.248487, -2.208945], [119.249285, -2.210526]]]}}, {"type": "Feature", "properties": {"division_code": 3, "block_code": 8, "block_label": "3-8", "planted_ha": 4.18, "palms": 568, "planted_year": 2013, "abw_kg": 22.5, "rotation_target_days": 10, "gang_code": "", "road_condition": "poor", "bunches_per_day": 18.8, "centroid_lon": 119.251235, "centroid_lat": -2.210647}, "geometry": {"type": "Polygon", "coordinates": [[[119.252372, -2.210346], [119.252443, -2.210677], [119.25148, -2.211753], [119.250891, -2.211756], [119.249973, -2.210541], [119.251145, -2.20945], [119.251244, -2.209447], [119.252372, -2.210346]]]}}, {"type": "Feature", "properties": {"division_code": 3, "block_code": 9, "block_label": "3-9", "planted_ha": 4.14, "palms": 543, "planted_year": 2014, "abw_kg": 21.5, "rotation_target_days": 10, "gang_code": "", "road_condition": "fair", "bunches_per_day": 18.9, "centroid_lon": 119.253685, "centroid_lat": -2.210336}, "geometry": {"type": "Polygon", "coordinates": [[[119.255091, -2.210077], [119.25509, -2.2101], [119.25369, -2.211478], [119.253493, -2.211463], [119.252479, -2.210672], [119.252408, -2.210342], [119.253415, -2.209387], [119.254123, -2.209363], [119.255091, -2.210077]]]}}, {"type": "Feature", "properties": {"division_code": 3, "block_code": 10, "block_label": "3-10", "planted_ha": 3.96, "palms": 547, "planted_year": 2015, "abw_kg": 21.4, "rotation_target_days": 10, "gang_code": "", "road_condition": "good", "bunches_per_day": 17.8, "centroid_lon": 119.256311, "centroid_lat": -2.210343}, "geometry": {"type": "Polygon", "coordinates": [[[119.257527, -2.210657], [119.256577, -2.211493], [119.256174, -2.211501], [119.255126, -2.210101], [119.255127, -2.210075], [119.256255, -2.208988], [119.257527, -2.210657]]]}}, {"type": "Feature", "properties": {"division_code": 3, "block_code": 11, "block_label": "3-11", "planted_ha": 3.81, "palms": 499, "planted_year": 2012, "abw_kg": 21.9, "rotation_target_days": 10, "gang_code": "", "road_condition": "good", "bunches_per_day": 17.6, "centroid_lon": 119.241677, "centroid_lat": -2.211415}, "geometry": {"type": "Polygon", "coordinates": [[[119.241981, -2.210534], [119.243065, -2.21135], [119.241617, -2.212615], [119.240438, -2.211294], [119.240469, -2.211055], [119.241204, -2.21056], [119.241981, -2.210534]]]}}, {"type": "Feature", "properties": {"division_code": 3, "block_code": 12, "block_label": "3-12", "planted_ha": 5.18, "palms": 713, "planted_year": 2012, "abw_kg": 21.8, "rotation_target_days": 10, "gang_code": "", "road_condition": "fair", "bunches_per_day": 23.2, "centroid_lon": 119.244432, "centroid_lat": -2.211664}, "geometry": {"type": "Polygon", "coordinates": [[[119.245736, -2.212083], [119.244008, -2.21307], [119.24311, -2.211352], [119.244279, -2.210331], [119.245528, -2.211127], [119.245736, -2.212083]]]}}, {"type": "Feature", "properties": {"division_code": 3, "block_code": 13, "block_label": "3-13", "planted_ha": 4.18, "palms": 578, "planted_year": 2013, "abw_kg": 21.8, "rotation_target_days": 10, "gang_code": "", "road_condition": "good", "bunches_per_day": 20.1, "centroid_lon": 119.246656, "centroid_lat": -2.211385}, "geometry": {"type": "Polygon", "coordinates": [[[119.246982, -2.210131], [119.247826, -2.21123], [119.246782, -2.212683], [119.245772, -2.21208], [119.245564, -2.211123], [119.246829, -2.210123], [119.246982, -2.210131]]]}}, {"type": "Feature", "properties": {"division_code": 3, "block_code": 14, "block_label": "3-14", "planted_ha": 3.94, "palms": 526, "planted_year": 2012, "abw_kg": 22.5, "rotation_target_days": 10, "gang_code": "", "road_condition": "good", "bunches_per_day": 21.2, "centroid_lon": 119.249794, "centroid_lat": -2.21175}, "geometry": {"type": "Polygon", "coordinates": [[[119.25086, -2.211775], [119.249919, -2.213172], [119.249539, -2.213111], [119.248835, -2.211193], [119.249315, -2.210546], [119.24994, -2.210557], [119.25086, -2.211775]]]}}, {"type": "Feature", "properties": {"division_code": 3, "block_code": 15, "block_label": "3-15", "planted_ha": 3.25, "palms": 436, "planted_year": 2013, "abw_kg": 21.7, "rotation_target_days": 10, "gang_code": "", "road_condition": "good", "bunches_per_day": 16.8, "centroid_lon": 119.252487, "centroid_lat": -2.211895}, "geometry": {"type": "Polygon", "coordinates": [[[119.252751, -2.213026], [119.252165, -2.21298], [119.25151, -2.211773], [119.252464, -2.210707], [119.253464, -2.211487], [119.252751, -2.213026]]]}}, {"type": "Feature", "properties": {"division_code": 3, "block_code": 16, "block_label": "3-16", "planted_ha": 3.66, "palms": 508, "planted_year": 2013, "abw_kg": 21.9, "rotation_target_days": 10, "gang_code": "", "road_condition": "good", "bunches_per_day": 16.2, "centroid_lon": 119.254975, "centroid_lat": -2.211412}, "geometry": {"type": "Polygon", "coordinates": [[[119.256141, -2.211517], [119.255001, -2.212594], [119.253723, -2.211496], [119.255107, -2.210135], [119.256141, -2.211517]]]}}, {"type": "Feature", "properties": {"division_code": 3, "block_code": 17, "block_label": "3-17", "planted_ha": 3.97, "palms": 519, "planted_year": 2015, "abw_kg": 22.0, "rotation_target_days": 10, "gang_code": "", "road_condition": "fair", "bunches_per_day": 18.7, "centroid_lon": 119.257726, "centroid_lat": -2.211778}, "geometry": {"type": "Polygon", "coordinates": [[[119.258551, -2.211545], [119.258537, -2.212411], [119.258049, -2.212937], [119.257356, -2.212908], [119.256607, -2.211515], [119.257558, -2.210677], [119.25811, -2.210652], [119.258529, -2.211003], [119.258551, -2.211545]]]}}, {"type": "Feature", "properties": {"division_code": 3, "block_code": 18, "block_label": "3-18", "planted_ha": 4.8, "palms": 636, "planted_year": 2011, "abw_kg": 21.9, "rotation_target_days": 10, "gang_code": "", "road_condition": "good", "bunches_per_day": 22.4, "centroid_lon": 119.24044, "centroid_lat": -2.212732}, "geometry": {"type": "Polygon", "coordinates": [[[119.241598, -2.212648], [119.241599, -2.212857], [119.241597, -2.21328], [119.24043, -2.214101], [119.239748, -2.213317], [119.239193, -2.212722], [119.23919, -2.212385], [119.240418, -2.211326], [119.241598, -2.212648]]]}}, {"type": "Feature", "properties": {"division_code": 3, "block_code": 19, "block_label": "3-19", "planted_ha": 4.36, "palms": 598, "planted_year": 2011, "abw_kg": 22.6, "rotation_target_days": 10, "gang_code": "", "road_condition": "good", "bunches_per_day": 23.5, "centroid_lon": 119.242802, "centroid_lat": -2.212808}, "geometry": {"type": "Polygon", "coordinates": [[[119.243982, -2.213098], [119.243967, -2.213176], [119.243132, -2.213916], [119.24292, -2.213929], [119.241633, -2.213278], [119.241634, -2.212649], [119.243084, -2.211381], [119.243982, -2.213098]]]}}, {"type": "Feature", "properties": {"division_code": 3, "block_code": 20, "block_label": "3-20", "planted_ha": 3.96, "palms": 548, "planted_year": 2012, "abw_kg": 22.0, "rotation_target_days": 10, "gang_code": "", "road_condition": "fair", "bunches_per_day": 20.8, "centroid_lon": 119.245444, "centroid_lat": -2.213147}, "geometry": {"type": "Polygon", "coordinates": [[[119.246799, -2.212795], [119.245959, -2.2139], [119.245026, -2.214165], [119.244003, -2.213179], [119.244017, -2.213107], [119.245756, -2.212113], [119.246772, -2.212719], [119.246799, -2.212795]]]}}, {"type": "Feature", "properties": {"division_code": 3, "block_code": 21, "block_label": "3-21", "planted_ha": 5.1, "palms": 693, "planted_year": 2012, "abw_kg": 21.5, "rotation_target_days": 10, "gang_code": "", "road_condition": "good", "bunches_per_day": 23.1, "centroid_lon": 119.24823, "centroid_lat": -2.212447}, "geometry": {"type": "Polygon", "coordinates": [[[119.249504, -2.213119], [119.2488, -2.213524], [119.247831, -2.213455], [119.246834, -2.212786], [119.246807, -2.21271], [119.247858, -2.211247], [119.248803, -2.211209], [119.249504, -2.213119]]]}}, {"type": "Feature", "properties": {"division_code": 3, "block_code": 22, "block_label": "3-22", "planted_ha": 3.51, "palms": 462, "planted_year": 2012, "abw_kg": 21.5, "rotation_target_days": 10, "gang_code": "", "road_condition": "fair", "bunches_per_day": 17.6, "centroid_lon": 119.251069, "centroid_lat": -2.212883}, "geometry": {"type": "Polygon", "coordinates": [[[119.252131, -2.212994], [119.251178, -2.213937], [119.250785, -2.213917], [119.249951, -2.213189], [119.250892, -2.211793], [119.251477, -2.211789], [119.252131, -2.212994]]]}}, {"type": "Feature", "properties": {"division_code": 3, "block_code": 23, "block_label": "3-23", "planted_ha": 3.36, "palms": 461, "planted_year": 2012, "abw_kg": 21.7, "rotation_target_days": 10, "gang_code": "", "road_condition": "poor", "bunches_per_day": 16.7, "centroid_lon": 119.253776, "centroid_lat": -2.212687}, "geometry": {"type": "Polygon", "coordinates": [[[119.254973, -2.212617], [119.253603, -2.213884], [119.252784, -2.213041], [119.253497, -2.2115], [119.253689, -2.211514], [119.254973, -2.212617]]]}}, {"type": "Feature", "properties": {"division_code": 3, "block_code": 24, "block_label": "3-24", "planted_ha": 4.13, "palms": 544, "planted_year": 2013, "abw_kg": 21.7, "rotation_target_days": 10, "gang_code": "", "road_condition": "fair", "bunches_per_day": 18.4, "centroid_lon": 119.256235, "centroid_lat": -2.212773}, "geometry": {"type": "Polygon", "coordinates": [[[119.257324, -2.212923], [119.256277, -2.214231], [119.255028, -2.212619], [119.256172, -2.211537], [119.256574, -2.211529], [119.257324, -2.212923]]]}}, {"type": "Feature", "properties": {"division_code": 3, "block_code": 25, "block_label": "3-25", "planted_ha": 1.8, "palms": 236, "planted_year": 2009, "abw_kg": 21.5, "rotation_target_days": 10, "gang_code": "", "road_condition": "fair", "bunches_per_day": 8.7, "centroid_lon": 119.239596, "centroid_lat": -2.213896}, "geometry": {"type": "Polygon", "coordinates": [[[119.240394, -2.214234], [119.239316, -2.214912], [119.239027, -2.212854], [119.239173, -2.212753], [119.239722, -2.213341], [119.240407, -2.214131], [119.240394, -2.214234]]]}}, {"type": "Feature", "properties": {"division_code": 3, "block_code": 26, "block_label": "3-26", "planted_ha": 4.14, "palms": 570, "planted_year": 2010, "abw_kg": 22.3, "rotation_target_days": 10, "gang_code": "", "road_condition": "fair", "bunches_per_day": 19.0, "centroid_lon": 119.241618, "centroid_lat": -2.214444}, "geometry": {"type": "Polygon", "coordinates": [[[119.242891, -2.213955], [119.242352, -2.21483], [119.241761, -2.215703], [119.24126, -2.215632], [119.240429, -2.214241], [119.240443, -2.214136], [119.241617, -2.21331], [119.242891, -2.213955]]]}}, {"type": "Feature", "properties": {"division_code": 3, "block_code": 27, "block_label": "3-27", "planted_ha": 3.17, "palms": 435, "planted_year": 2011, "abw_kg": 21.7, "rotation_target_days": 10, "gang_code": "", "road_condition": "good", "bunches_per_day": 15.1, "centroid_lon": 119.244102, "centroid_lat": -2.214382}, "geometry": {"type": "Polygon", "coordinates": [[[119.245002, -2.214192], [119.244801, -2.215195], [119.243759, -2.215441], [119.243161, -2.213939], [119.243983, -2.21321], [119.245002, -2.214192]]]}}, {"type": "Feature", "properties": {"division_code": 3, "block_code": 28, "block_label": "3-28", "planted_ha": 3.04, "palms": 407, "planted_year": 2010, "abw_kg": 21.5, "rotation_target_days": 10, "gang_code": "", "road_condition": "fair", "bunches_per_day": 15.9, "centroid_lon": 119.245703, "centroid_lat": -2.215037}, "geometry": {"type": "Polygon", "coordinates": [[[119.246636, -2.215643], [119.245947, -2.216094], [119.245691, -2.216058], [119.244836, -2.215204], [119.245037, -2.2142], [119.245959, -2.213937], [119.246636, -2.215643]]]}}, {"type": "Feature", "properties": {"division_code": 3, "block_code": 29, "block_label": "3-29", "planted_ha": 3.59, "palms": 474, "planted_year": 2012, "abw_kg": 22.3, "rotation_target_days": 10, "gang_code": "", "road_condition": "good", "bunches_per_day": 15.8, "centroid_lon": 119.246885, "centroid_lat": -2.21416}, "geometry": {"type": "Polygon", "coordinates": [[[119.247062, -2.215597], [119.24667, -2.215631], [119.24599, -2.213918], [119.246824, -2.212822], [119.247804, -2.21348], [119.247062, -2.215597]]]}}, {"type": "Feature", "properties": {"division_code": 3, "block_code": 30, "block_label": "3-30", "planted_ha": 4.47, "palms": 596, "planted_year": 2012, "abw_kg": 22.0, "rotation_target_days": 10, "gang_code": "", "road_condition": "good", "bunches_per_day": 22.4, "centroid_lon": 119.248158, "centroid_lat": -2.214903}, "geometry": {"type": "Polygon", "coordinates": [[[119.248971, -2.21587], [119.248481, -2.216193], [119.248183, -2.216211], [119.247097, -2.215606], [119.247837, -2.213492], [119.248788, -2.213559], [119.248971, -2.21587]]]}}, {"type": "Feature", "properties": {"division_code": 3, "block_code": 31, "block_label": "3-31", "planted_ha": 4.84, "palms": 669, "planted_year": 2012, "abw_kg": 21.8, "rotation_target_days": 10, "gang_code": "", "road_condition": "fair", "bunches_per_day": 23.5, "centroid_lon": 119.249691, "centroid_lat": -2.21451}, "geometry": {"type": "Polygon", "coordinates": [[[119.250757, -2.213941], [119.250398, -2.215093], [119.250129, -2.215852], [119.249006, -2.215861], [119.248824, -2.213552], [119.249529, -2.213146], [119.249919, -2.213209], [119.250757, -2.213941]]]}}, {"type": "Feature", "properties": {"division_code": 3, "block_code": 32, "block_label": "3-32", "planted_ha": 3.48, "palms": 482, "planted_year": 2012, "abw_kg": 21.7, "rotation_target_days": 10, "gang_code": "", "road_condition": "good", "bunches_per_day": 18.1, "centroid_lon": 119.251143, "centroid_lat": -2.21513}, "geometry": {"type": "Polygon", "coordinates": [[[119.252391, -2.215049], [119.251602, -2.21569], [119.250766, -2.216328], [119.250163, -2.215863], [119.250497, -2.214912], [119.250791, -2.213953], [119.251178, -2.213973], [119.252391, -2.215049]]]}}, {"type": "Feature", "properties": {"division_code": 3, "block_code": 33, "block_label": "3-33", "planted_ha": 3.68, "palms": 483, "planted_year": 2012, "abw_kg": 22.4, "rotation_target_days": 10, "gang_code": "", "road_condition": "fair", "bunches_per_day": 18.1, "centroid_lon": 119.252495, "centroid_lat": -2.214008}, "geometry": {"type": "Polygon", "coordinates": [[[119.253584, -2.213916], [119.253574, -2.214419], [119.252628, -2.215059], [119.252426, -2.215032], [119.251211, -2.213955], [119.252161, -2.213016], [119.252755, -2.213062], [119.253584, -2.213916]]]}}, {"type": "Feature", "properties": {"division_code": 3, "block_code": 34, "block_label": "3-34", "planted_ha": 4.98, "palms": 668, "planted_year": 2013, "abw_kg": 21.9, "rotation_target_days": 10, "gang_code": "", "road_condition": "fair", "bunches_per_day": 24.5, "centroid_lon": 119.254903, "centroid_lat": -2.21409}, "geometry": {"type": "Polygon", "coordinates": [[[119.256258, -2.214266], [119.256256, -2.214433], [119.255331, -2.215155], [119.254698, -2.21521], [119.25361, -2.21442], [119.25362, -2.213917], [119.255, -2.212642], [119.256258, -2.214266]]]}}, {"type": "Feature", "properties": {"division_code": 3, "block_code": 35, "block_label": "3-35", "planted_ha": 4.12, "palms": 566, "planted_year": 2013, "abw_kg": 22.2, "rotation_target_days": 10, "gang_code": "", "road_condition": "good", "bunches_per_day": 18.1, "centroid_lon": 119.257538, "centroid_lat": -2.214085}, "geometry": {"type": "Polygon", "coordinates": [[[119.258046, -2.212974], [119.258513, -2.213898], [119.2585, -2.21467], [119.257699, -2.215195], [119.25757, -2.215203], [119.256292, -2.214432], [119.256294, -2.214267], [119.257354, -2.212944], [119.258046, -2.212974]]]}}, {"type": "Feature", "properties": {"division_code": 3, "block_code": 36, "block_label": "3-36", "planted_ha": 3.76, "palms": 509, "planted_year": 2009, "abw_kg": 22.0, "rotation_target_days": 10, "gang_code": "", "road_condition": "good", "bunches_per_day": 18.3, "centroid_lon": 119.240184, "centroid_lat": -2.21558}, "geometry": {"type": "Polygon", "coordinates": [[[119.240414, -2.216689], [119.239795, -2.21677], [119.239571, -2.216498], [119.239499, -2.216345], [119.239321, -2.214952], [119.240404, -2.21427], [119.241227, -2.215647], [119.240414, -2.216689]]]}}, {"type": "Feature", "properties": {"division_code": 3, "block_code": 37, "block_label": "3-37", "planted_ha": 3.14, "palms": 430, "planted_year": 2009, "abw_kg": 22.5, "rotation_target_days": 10, "gang_code": "", "road_condition": "fair", "bunches_per_day": 15.7, "centroid_lon": 119.242853, "centroid_lat": -2.215295}, "geometry": {"type": "Polygon", "coordinates": [[[119.243128, -2.213952], [119.243728, -2.21546], [119.243148, -2.216278], [119.242733, -2.216336], [119.241795, -2.215718], [119.242382, -2.21485], [119.242928, -2.213964], [119.243128, -2.213952]]]}}, {"type": "Feature", "properties": {"division_code": 3, "block_code": 38, "block_label": "3-38", "planted_ha": 3.46, "palms": 476, "planted_year": 2010, "abw_kg": 21.6, "rotation_target_days": 10, "gang_code": "", "road_condition": "poor", "bunches_per_day": 15.5, "centroid_lon": 119.244369, "centroid_lat": -2.216161}, "geometry": {"type": "Polygon", "coordinates": [[[119.245656, -2.216074], [119.244171, -2.217274], [119.243181, -2.216293], [119.243759, -2.215479], [119.244811, -2.21523], [119.245656, -2.216074]]]}}, {"type": "Feature", "properties": {"division_code": 3, "block_code": 39, "block_label": "3-39", "planted_ha": 4.15, "palms": 571, "planted_year": 2013, "abw_kg": 22.5, "rotation_target_days": 10, "gang_code": "", "road_condition": "poor", "bunches_per_day": 18.4, "centroid_lon": 119.251986, "centroid_lat": -2.21643}, "geometry": {"type": "Polygon", "coordinates": [[[119.252618, -2.215094], [119.253009, -2.216726], [119.251955, -2.217686], [119.251027, -2.217047], [119.250787, -2.216357], [119.251624, -2.215718], [119.252424, -2.215068], [119.252618, -2.215094]]]}}, {"type": "Feature", "properties": {"division_code": 3, "block_code": 40, "block_label": "3-40", "planted_ha": 3.85, "palms": 508, "planted_year": 2013, "abw_kg": 22.4, "rotation_target_days": 10, "gang_code": "", "road_condition": "good", "bunches_per_day": 19.1, "centroid_lon": 119.253616, "centroid_lat": -2.215654}, "geometry": {"type": "Polygon", "coordinates": [[[119.254671, -2.215235], [119.25404, -2.216798], [119.253043, -2.216715], [119.252653, -2.215086], [119.253591, -2.214451], [119.254671, -2.215235]]]}}, {"type": "Feature", "properties": {"division_code": 3, "block_code": 41, "block_label": "3-41", "planted_ha": 3.28, "palms": 447, "planted_year": 2012, "abw_kg": 22.2, "rotation_target_days": 10, "gang_code": "", "road_condition": "good", "bunches_per_day": 15.8, "centroid_lon": 119.254953, "centroid_lat": -2.216418}, "geometry": {"type": "Polygon", "coordinates": [[[119.254786, -2.217732], [119.254072, -2.216815], [119.254705, -2.215246], [119.255326, -2.215192], [119.255829, -2.216694], [119.254786, -2.217732]]]}}, {"type": "Feature", "properties": {"division_code": 3, "block_code": 42, "block_label": "3-42", "planted_ha": 3.78, "palms": 521, "planted_year": 2012, "abw_kg": 21.8, "rotation_target_days": 10, "gang_code": "", "road_condition": "good", "bunches_per_day": 17.8, "centroid_lon": 119.256382, "centroid_lat": -2.215613}, "geometry": {"type": "Polygon", "coordinates": [[[119.256672, -2.216749], [119.255863, -2.216682], [119.255359, -2.215179], [119.256275, -2.214464], [119.257541, -2.215228], [119.256672, -2.216749]]]}}, {"type": "Feature", "properties": {"division_code": 3, "block_code": 43, "block_label": "3-43", "planted_ha": 1.78, "palms": 245, "planted_year": 2008, "abw_kg": 22.6, "rotation_target_days": 10, "gang_code": "", "road_condition": "fair", "bunches_per_day": 8.3, "centroid_lon": 119.240593, "centroid_lat": -2.217626}, "geometry": {"type": "Polygon", "coordinates": [[[119.241476, -2.218206], [119.24084, -2.218535], [119.240509, -2.21832], [119.239759, -2.216869], [119.239799, -2.216806], [119.240416, -2.216725], [119.241476, -2.218206]]]}}, {"type": "Feature", "properties": {"division_code": 3, "block_code": 44, "block_label": "3-44", "planted_ha": 3.93, "palms": 523, "planted_year": 2009, "abw_kg": 22.3, "rotation_target_days": 10, "gang_code": "", "road_condition": "good", "bunches_per_day": 19.6, "centroid_lon": 119.241563, "centroid_lat": -2.216797}, "geometry": {"type": "Polygon", "coordinates": [[[119.242705, -2.216361], [119.241688, -2.218215], [119.241513, -2.218195], [119.240446, -2.216706], [119.241256, -2.215668], [119.241763, -2.21574], [119.242705, -2.216361]]]}}, {"type": "Feature", "properties": {"division_code": 3, "block_code": 45, "block_label": "3-45", "planted_ha": 4.79, "palms": 650, "planted_year": 2009, "abw_kg": 22.5, "rotation_target_days": 10, "gang_code": "", "road_condition": "good", "bunches_per_day": 23.1, "centroid_lon": 119.242971, "centroid_lat": -2.217684}, "geometry": {"type": "Polygon", "coordinates": [[[119.24417, -2.217867], [119.242593, -2.21907], [119.24172, -2.218231], [119.242741, -2.216372], [119.243151, -2.216314], [119.244152, -2.217306], [119.24417, -2.217867]]]}}, {"type": "Feature", "properties": {"division_code": 3, "block_code": 46, "block_label": "3-46", "planted_ha": 4.12, "palms": 557, "planted_year": 2009, "abw_kg": 22.4, "rotation_target_days": 10, "gang_code": "", "road_condition": "fair", "bunches_per_day": 18.2, "centroid_lon": 119.245328, "centroid_lat": -2.217439}, "geometry": {"type": "Polygon", "coordinates": [[[119.246294, -2.217966], [119.245473, -2.218665], [119.244206, -2.217866], [119.244188, -2.217307], [119.245688, -2.216094], [119.245936, -2.216129], [119.246294, -2.217966]]]}}, {"type": "Feature", "properties": {"division_code": 3, "block_code": 47, "block_label": "3-47", "planted_ha": 4.22, "palms": 585, "planted_year": 2010, "abw_kg": 22.2, "rotation_target_days": 10, "gang_code": "", "road_condition": "poor", "bunches_per_day": 20.9, "centroid_lon": 119.246946, "centroid_lat": -2.216754}, "geometry": {"type": "Polygon", "coordinates": [[[119.248154, -2.216236], [119.24718, -2.217997], [119.246329, -2.217955], [119.245971, -2.216121], [119.246664, -2.215668], [119.247072, -2.215633], [119.248154, -2.216236]]]}}, {"type": "Feature", "properties": {"division_code": 3, "block_code": 48, "block_label": "3-48", "planted_ha": 3.27, "palms": 430, "planted_year": 2010, "abw_kg": 21.8, "rotation_target_days": 10, "gang_code": "", "road_condition": "poor", "bunches_per_day": 14.5, "centroid_lon": 119.248182, "centroid_lat": -2.217593}, "geometry": {"type": "Polygon", "coordinates": [[[119.249084, -2.217841], [119.248067, -2.218814], [119.247982, -2.218809], [119.247213, -2.218012], [119.24819, -2.216247], [119.248475, -2.216229], [119.249084, -2.217841]]]}}, {"type": "Feature", "properties": {"division_code": 3, "block_code": 49, "block_label": "3-49", "planted_ha": 4.34, "palms": 592, "planted_year": 2012, "abw_kg": 22.5, "rotation_target_days": 10, "gang_code": "", "road_condition": "fair", "bunches_per_day": 19.1, "centroid_lon": 119.249717, "centroid_lat": -2.216814}, "geometry": {"type": "Polygon", "coordinates": [[[119.250991, -2.217052], [119.249745, -2.217954], [119.249119, -2.21783], [119.248509, -2.216217], [119.248995, -2.215897], [119.250136, -2.215888], [119.25075, -2.216361], [119.250991, -2.217052]]]}}, {"type": "Feature", "properties": {"division_code": 3, "block_code": 50, "block_label": "3-50", "planted_ha": 4.68, "palms": 649, "planted_year": 2012, "abw_kg": 22.1, "rotation_target_days": 10, "gang_code": "", "road_condition": "good", "bunches_per_day": 21.5, "centroid_lon": 119.25339, "centroid_lat": -2.217768}, "geometry": {"type": "Polygon", "coordinates": [[[119.254769, -2.217892], [119.253567, -2.218933], [119.252811, -2.21853], [119.252053, -2.218079], [119.251976, -2.217716], [119.253035, -2.216751], [119.254042, -2.216835], [119.254766, -2.217765], [119.254769, -2.217892]]]}}, {"type": "Feature", "properties": {"division_code": 3, "block_code": 51, "block_label": "3-51", "planted_ha": 3.54, "palms": 476, "planted_year": 2012, "abw_kg": 22.2, "rotation_target_days": 10, "gang_code": "", "road_condition": "fair", "bunches_per_day": 16.8, "centroid_lon": 119.256027, "centroid_lat": -2.217666}, "geometry": {"type": "Polygon", "coordinates": [[[119.257185, -2.217655], [119.256029, -2.218781], [119.254805, -2.217891], [119.254802, -2.217766], [119.255856, -2.216718], [119.256672, -2.216785], [119.257185, -2.217655]]]}}, {"type": "Feature", "properties": {"division_code": 3, "block_code": 52, "block_label": "3-52", "planted_ha": 3.37, "palms": 446, "planted_year": 2013, "abw_kg": 22.4, "rotation_target_days": 10, "gang_code": "", "road_condition": "fair", "bunches_per_day": 16.1, "centroid_lon": 119.257637, "centroid_lat": -2.216627}, "geometry": {"type": "Polygon", "coordinates": [[[119.258468, -2.216464], [119.258431, -2.216991], [119.25798, -2.217717], [119.257218, -2.217641], [119.256703, -2.216767], [119.257576, -2.215239], [119.257695, -2.215232], [119.258468, -2.216464]]]}}, {"type": "Feature", "properties": {"division_code": 3, "block_code": 53, "block_label": "3-53", "planted_ha": 1.17, "palms": 159, "planted_year": 2008, "abw_kg": 22.3, "rotation_target_days": 10, "gang_code": "", "road_condition": "fair", "bunches_per_day": 5.9, "centroid_lon": 119.241813, "centroid_lat": -2.218823}, "geometry": {"type": "Polygon", "coordinates": [[[119.242575, -2.219102], [119.24259, -2.219225], [119.242375, -2.219527], [119.240875, -2.218557], [119.241507, -2.218231], [119.24169, -2.218252], [119.242575, -2.219102]]]}}, {"type": "Feature", "properties": {"division_code": 3, "block_code": 54, "block_label": "3-54", "planted_ha": 4.99, "palms": 689, "planted_year": 2009, "abw_kg": 22.2, "rotation_target_days": 10, "gang_code": "", "road_condition": "good", "bunches_per_day": 23.7, "centroid_lon": 119.244127, "centroid_lat": -2.219129}, "geometry": {"type": "Polygon", "coordinates": [[[119.245424, -2.219301], [119.244192, -2.220319], [119.243874, -2.220314], [119.242625, -2.219221], [119.242611, -2.219102], [119.244189, -2.217898], [119.245456, -2.218697], [119.245424, -2.219301]]]}}, {"type": "Feature", "properties": {"division_code": 3, "block_code": 55, "block_label": "3-55", "planted_ha": 4.31, "palms": 564, "planted_year": 2009, "abw_kg": 21.8, "rotation_target_days": 10, "gang_code": "", "road_condition": "good", "bunches_per_day": 19.3, "centroid_lon": 119.246631, "centroid_lat": -2.21899}, "geometry": {"type": "Polygon", "coordinates": [[[119.24795, -2.218827], [119.246844, -2.220139], [119.246523, -2.220147], [119.24546, -2.219302], [119.245493, -2.218695], [119.24632, -2.217991], [119.247183, -2.218033], [119.24795, -2.218827]]]}}, {"type": "Feature", "properties": {"division_code": 3, "block_code": 56, "block_label": "3-56", "planted_ha": 3.48, "palms": 459, "planted_year": 2010, "abw_kg": 22.0, "rotation_target_days": 10, "gang_code": "", "road_condition": "good", "bunches_per_day": 17.2, "centroid_lon": 119.249276, "centroid_lat": -2.218975}, "geometry": {"type": "Polygon", "coordinates": [[[119.250249, -2.21964], [119.249371, -2.220161], [119.248659, -2.219397], [119.2481, -2.218832], [119.249111, -2.217866], [119.249735, -2.217989], [119.250249, -2.21964]]]}}, {"type": "Feature", "properties": {"division_code": 3, "block_code": 57, "block_label": "3-57", "planted_ha": 4.56, "palms": 606, "planted_year": 2011, "abw_kg": 21.6, "rotation_target_days": 10, "gang_code": "", "road_condition": "good", "bunches_per_day": 21.6, "centroid_lon": 119.250875, "centroid_lat": -2.218384}, "geometry": {"type": "Polygon", "coordinates": [[[119.252018, -2.218087], [119.251058, -2.219701], [119.250284, -2.219632], [119.24977, -2.21798], [119.251013, -2.21708], [119.25194, -2.21772], [119.252018, -2.218087]]]}}, {"type": "Feature", "properties": {"division_code": 3, "block_code": 58, "block_label": "3-58", "planted_ha": 4.3, "palms": 593, "planted_year": 2013, "abw_kg": 21.5, "rotation_target_days": 10, "gang_code": "", "road_condition": "fair", "bunches_per_day": 21.8, "centroid_lon": 119.254812, "centroid_lat": -2.219121}, "geometry": {"type": "Polygon", "coordinates": [[[119.256053, -2.219282], [119.254884, -2.220287], [119.253619, -2.219501], [119.253588, -2.218963], [119.254788, -2.217923], [119.256013, -2.218814], [119.256053, -2.219282]]]}}, {"type": "Feature", "properties": {"division_code": 3, "block_code": 59, "block_label": "3-59", "planted_ha": 4.81, "palms": 635, "planted_year": 2012, "abw_kg": 21.5, "rotation_target_days": 10, "gang_code": "", "road_condition": "good", "bunches_per_day": 22.7, "centroid_lon": 119.257292, "centroid_lat": -2.218886}, "geometry": {"type": "Polygon", "coordinates": [[[119.257979, -2.217753], [119.258355, -2.218349], [119.258331, -2.219106], [119.257467, -2.220208], [119.257267, -2.220223], [119.256089, -2.21928], [119.256049, -2.218811], [119.257214, -2.217677], [119.257979, -2.217753]]]}}, {"type": "Feature", "properties": {"division_code": 3, "block_code": 60, "block_label": "3-60", "planted_ha": 2.53, "palms": 342, "planted_year": 2008, "abw_kg": 22.2, "rotation_target_days": 10, "gang_code": "", "road_condition": "good", "bunches_per_day": 12.6, "centroid_lon": 119.24537, "centroid_lat": -2.220223}, "geometry": {"type": "Polygon", "coordinates": [[[119.246103, -2.220746], [119.244827, -2.220818], [119.244533, -2.220814], [119.244222, -2.220341], [119.245442, -2.219333], [119.246492, -2.220169], [119.246103, -2.220746]]]}}, {"type": "Feature", "properties": {"division_code": 3, "block_code": 61, "block_label": "3-61", "planted_ha": 3.63, "palms": 503, "planted_year": 2009, "abw_kg": 21.6, "rotation_target_days": 10, "gang_code": "", "road_condition": "good", "bunches_per_day": 17.3, "centroid_lon": 119.248142, "centroid_lat": -2.220026}, "geometry": {"type": "Polygon", "coordinates": [[[119.248633, -2.219422], [119.249348, -2.220189], [119.249191, -2.220809], [119.248203, -2.220749], [119.247395, -2.220725], [119.246876, -2.220156], [119.247982, -2.218845], [119.248066, -2.21885], [119.248633, -2.219422]]]}}, {"type": "Feature", "properties": {"division_code": 3, "block_code": 62, "block_label": "3-62", "planted_ha": 2.96, "palms": 410, "planted_year": 2011, "abw_kg": 21.9, "rotation_target_days": 10, "gang_code": "", "road_condition": "fair", "bunches_per_day": 13.7, "centroid_lon": 119.250536, "centroid_lat": -2.220399}, "geometry": {"type": "Polygon", "coordinates": [[[119.251961, -2.220907], [119.251901, -2.220983], [119.250095, -2.220884], [119.249228, -2.220812], [119.249383, -2.220196], [119.250098, -2.219771], [119.250275, -2.219667], [119.251059, -2.219738], [119.251961, -2.220907]]]}}, {"type": "Feature", "properties": {"division_code": 3, "block_code": 63, "block_label": "3-63", "planted_ha": 4.99, "palms": 692, "planted_year": 2012, "abw_kg": 22.2, "rotation_target_days": 10, "gang_code": "", "road_condition": "fair", "bunches_per_day": 26.4, "centroid_lon": 119.252331, "centroid_lat": -2.219521}, "geometry": {"type": "Polygon", "coordinates": [[[119.253583, -2.219505], [119.252309, -2.220906], [119.251993, -2.22089], [119.25109, -2.219719], [119.252043, -2.218115], [119.252794, -2.218562], [119.253552, -2.218966], [119.253583, -2.219505]]]}}, {"type": "Feature", "properties": {"division_code": 3, "block_code": 64, "block_label": "3-64", "planted_ha": 3.07, "palms": 401, "planted_year": 2012, "abw_kg": 22.6, "rotation_target_days": 10, "gang_code": "", "road_condition": "poor", "bunches_per_day": 15.0, "centroid_lon": 119.253753, "centroid_lat": -2.220509}, "geometry": {"type": "Polygon", "coordinates": [[[119.254824, -2.221058], [119.254726, -2.221138], [119.254722, -2.221138], [119.25245, -2.221013], [119.252342, -2.220922], [119.253605, -2.219535], [119.254867, -2.220318], [119.254824, -2.221058]]]}}, {"type": "Feature", "properties": {"division_code": 3, "block_code": 65, "block_label": "3-65", "planted_ha": 3.67, "palms": 503, "planted_year": 2013, "abw_kg": 22.3, "rotation_target_days": 10, "gang_code": "", "road_condition": "good", "bunches_per_day": 17.2, "centroid_lon": 119.255998, "centroid_lat": -2.220427}, "geometry": {"type": "Polygon", "coordinates": [[[119.257238, -2.220246], [119.25666, -2.22122], [119.25503, -2.22115], [119.25486, -2.221057], [119.254903, -2.220318], [119.256073, -2.219313], [119.257238, -2.220246]]]}}, {"type": "Feature", "properties": {"division_code": 3, "block_code": 66, "block_label": "3-66", "planted_ha": 0.94, "palms": 129, "planted_year": 2012, "abw_kg": 22.4, "rotation_target_days": 10, "gang_code": "", "road_condition": "good", "bunches_per_day": 4.6, "centroid_lon": 119.258053, "centroid_lat": -2.22013}, "geometry": {"type": "Polygon", "coordinates": [[[119.257986, -2.219599], [119.25833, -2.219165], [119.258328, -2.221005], [119.257501, -2.220224], [119.257986, -2.219599]]]}}, {"type": "Feature", "properties": {"division_code": 3, "block_code": 67, "block_label": "3-67", "planted_ha": 1.23, "palms": 163, "planted_year": 2013, "abw_kg": 22.1, "rotation_target_days": 10, "gang_code": "", "road_condition": "good", "bunches_per_day": 5.8, "centroid_lon": 119.25752, "centroid_lat": -2.220878}, "geometry": {"type": "Polygon", "coordinates": [[[119.258329, -2.221054], [119.258332, -2.221276], [119.256701, -2.221221], [119.257272, -2.220259], [119.25747, -2.220244], [119.258329, -2.221054]]]}}]}