{"type": "FeatureCollection", "features": [{"type": "Feature", "properties": {"division_code": 1, "block_code": 1, "block_label": "1-1", "planted_ha": 1.08, "palms": 145, "planted_year": 2010, "abw_kg": 22.0, "rotation_target_days": 10, "gang_code": "", "road_condition": "fair", "bunches_per_day": 4.9, "centroid_lon": 100.008392, "centroid_lat": 1.871957}, "geometry": {"type": "Polygon", "coordinates": [[[100.008121, 1.871394], [100.007831, 1.871938], [100.008549, 1.872812], [100.008891, 1.871721], [100.008567, 1.871369], [100.008121, 1.871394]]]}}, {"type": "Feature", "properties": {"division_code": 1, "block_code": 2, "block_label": "1-2", "planted_ha": 0.93, "palms": 129, "planted_year": 2010, "abw_kg": 21.5, "rotation_target_days": 10, "gang_code": "", "road_condition": "fair", "bunches_per_day": 4.4, "centroid_lon": 100.014052, "centroid_lat": 1.871954}, "geometry": {"type": "Polygon", "coordinates": [[[100.0135, 1.871375], [100.013793, 1.872392], [100.014624, 1.872477], [100.014317, 1.871559], [100.0135, 1.871375]]]}}, {"type": "Feature", "properties": {"division_code": 1, "block_code": 3, "block_label": "1-3", "planted_ha": 2.74, "palms": 371, "planted_year": 2011, "abw_kg": 21.8, "rotation_target_days": 10, "gang_code": "", "road_condition": "fair", "bunches_per_day": 12.3, "centroid_lon": 100.015266, "centroid_lat": 1.871733}, "geometry": {"type": "Polygon", "coordinates": [[[100.015122, 1.87072], [100.014351, 1.871548], [100.014663, 1.872481], [100.014737, 1.872488], [100.015702, 1.872519], [100.016324, 1.871634], [100.015122, 1.87072]]]}}, {"type": "Feature", "properties": {"division_code": 1, "block_code": 4, "block_label": "1-4", "planted_ha": 1.16, "palms": 157, "planted_year": 2010, "abw_kg": 21.8, "rotation_target_days": 10, "gang_code": "", "road_condition": "good", "bunches_per_day": 5.3, "centroid_lon": 100.016568, "centroid_lat": 1.872174}, "geometry": {"type": "Polygon", "coordinates": [[[100.016786, 1.871599], [100.016359, 1.871648], [100.015745, 1.87252], [100.017329, 1.872571], [100.017341, 1.872546], [100.016786, 1.871599]]]}}, {"type": "Feature", "properties": {"division_code": 1, "block_code": 5, "block_label": "1-5", "planted_ha": 3.37, "palms": 448, "planted_year": 2009, "abw_kg": 21.6, "rotation_target_days": 10, "gang_code": "", "road_condition": "good", "bunches_per_day": 15.4, "centroid_lon": 100.017847, "centroid_lat": 1.871648}, "geometry": {"type": "Polygon", "coordinates": [[[100.018943, 1.871382], [100.017573, 1.87051], [100.016816, 1.871581], [100.017373, 1.87253], [100.017646, 1.872581], [100.018321, 1.872602], [100.018943, 1.871382]]]}}, {"type": "Feature", "properties": {"division_code": 1, "block_code": 6, "block_label": "1-6", "planted_ha": 4.04, "palms": 552, "planted_year": 2010, "abw_kg": 21.6, "rotation_target_days": 10, "gang_code": "", "road_condition": "fair", "bunches_per_day": 18.9, "centroid_lon": 100.008228, "centroid_lat": 1.870217}, "geometry": {"type": "Polygon", "coordinates": [[[100.009303, 1.870056], [100.008823, 1.869137], [100.008088, 1.869068], [100.007023, 1.870466], [100.007014, 1.870589], [100.008115, 1.871358], [100.008564, 1.871333], [100.009303, 1.870056]]]}}, {"type": "Feature", "properties": {"division_code": 1, "block_code": 7, "block_label": "1-7", "planted_ha": 1.3, "palms": 170, "planted_year": 2009, "abw_kg": 22.6, "rotation_target_days": 10, "gang_code": "", "road_condition": "fair", "bunches_per_day": 5.8, "centroid_lon": 100.009594, "centroid_lat": 1.870587}, "geometry": {"type": "Polygon", "coordinates": [[[100.009235, 1.870628], [100.010783, 1.870642], [100.010232, 1.87005], [100.009334, 1.870074], [100.008597, 1.871348], [100.008903, 1.871682], [100.009235, 1.870628]]]}}, {"type": "Feature", "properties": {"division_code": 1, "block_code": 8, "block_label": "1-8", "planted_ha": 4.09, "palms": 536, "planted_year": 2011, "abw_kg": 21.4, "rotation_target_days": 10, "gang_code": "", "road_condition": "poor", "bunches_per_day": 18.3, "centroid_lon": 100.014013, "centroid_lat": 1.870434}, "geometry": {"type": "Polygon", "coordinates": [[[100.013347, 1.870855], [100.013358, 1.870892], [100.013382, 1.870893], [100.013473, 1.87128], [100.013489, 1.871335], [100.014325, 1.871524], [100.0151, 1.870689], [100.014989, 1.869791], [100.013832, 1.869333], [100.012655, 1.870474], [100.012904, 1.870807], [100.013347, 1.870855]]]}}, {"type": "Feature", "properties": {"division_code": 1, "block_code": 9, "block_label": "1-9", "planted_ha": 5.14, "palms": 698, "planted_year": 2010, "abw_kg": 22.6, "rotation_target_days": 10, "gang_code": "", "road_condition": "good", "bunches_per_day": 24.9, "centroid_lon": 100.016247, "centroid_lat": 1.870316}, "geometry": {"type": "Polygon", "coordinates": [[[100.016785, 1.871563], [100.01755, 1.87048], [100.017547, 1.870379], [100.016278, 1.868896], [100.015025, 1.869787], [100.015136, 1.870686], [100.016354, 1.871612], [100.016785, 1.871563]]]}}, {"type": "Feature", "properties": {"division_code": 1, "block_code": 10, "block_label": "1-10", "planted_ha": 0.91, "palms": 124, "planted_year": 2014, "abw_kg": 22.3, "rotation_target_days": 10, "gang_code": "", "road_condition": "good", "bunches_per_day": 4.8, "centroid_lon": 100.031263, "centroid_lat": 1.870239}, "geometry": {"type": "Polygon", "coordinates": [[[100.031147, 1.869831], [100.030338, 1.870539], [100.030515, 1.870543], [100.031981, 1.870485], [100.031763, 1.869904], [100.031147, 1.869831]]]}}, {"type": "Feature", "properties": {"division_code": 1, "block_code": 11, "block_label": "1-11", "planted_ha": 0.84, "palms": 112, "planted_year": 2009, "abw_kg": 21.5, "rotation_target_days": 10, "gang_code": "", "road_condition": "good", "bunches_per_day": 4.4, "centroid_lon": 100.006356, "centroid_lat": 1.869753}, "geometry": {"type": "Polygon", "coordinates": [[[100.006987, 1.870464], [100.005842, 1.868616], [100.005739, 1.868636], [100.006119, 1.869852], [100.006805, 1.870688], [100.006978, 1.870588], [100.006987, 1.870464]]]}}, {"type": "Feature", "properties": {"division_code": 1, "block_code": 12, "block_label": "1-12", "planted_ha": 3.87, "palms": 529, "planted_year": 2010, "abw_kg": 22.3, "rotation_target_days": 10, "gang_code": "", "road_condition": "poor", "bunches_per_day": 17.9, "centroid_lon": 100.006978, "centroid_lat": 1.868938}, "geometry": {"type": "Polygon", "coordinates": [[[100.007199, 1.867776], [100.006663, 1.867801], [100.005873, 1.868598], [100.007007, 1.870428], [100.008057, 1.869048], [100.007199, 1.867776]]]}}, {"type": "Feature", "properties": {"division_code": 1, "block_code": 13, "block_label": "1-13", "planted_ha": 3.22, "palms": 443, "planted_year": 2009, "abw_kg": 22.3, "rotation_target_days": 10, "gang_code": "", "road_condition": "fair", "bunches_per_day": 15.2, "centroid_lon": 100.009821, "centroid_lat": 1.869059}, "geometry": {"type": "Polygon", "coordinates": [[[100.00989, 1.867793], [100.009832, 1.867803], [100.008855, 1.869121], [100.009334, 1.870038], [100.010229, 1.870014], [100.010769, 1.86886], [100.00989, 1.867793]]]}}, {"type": "Feature", "properties": {"division_code": 1, "block_code": 14, "block_label": "1-14", "planted_ha": 3.07, "palms": 415, "planted_year": 2010, "abw_kg": 21.4, "rotation_target_days": 10, "gang_code": "", "road_condition": "poor", "bunches_per_day": 14.6, "centroid_lon": 100.011237, "centroid_lat": 1.869831}, "geometry": {"type": "Polygon", "coordinates": [[[100.011908, 1.869633], [100.011612, 1.868852], [100.010802, 1.868876], [100.010261, 1.870028], [100.01069, 1.870491], [100.010834, 1.870644], [100.011653, 1.870691], [100.012234, 1.870409], [100.011908, 1.869633]]]}}, {"type": "Feature", "properties": {"division_code": 1, "block_code": 15, "block_label": "1-15", "planted_ha": 3.86, "palms": 527, "planted_year": 2011, "abw_kg": 22.6, "rotation_target_days": 10, "gang_code": "", "road_condition": "good", "bunches_per_day": 19.8, "centroid_lon": 100.012657, "centroid_lat": 1.869201}, "geometry": {"type": "Polygon", "coordinates": [[[100.013647, 1.868899], [100.012454, 1.867918], [100.011645, 1.868838], [100.011941, 1.86962], [100.01227, 1.870401], [100.012625, 1.870452], [100.013807, 1.869308], [100.013647, 1.868899]]]}}, {"type": "Feature", "properties": {"division_code": 1, "block_code": 16, "block_label": "1-16", "planted_ha": 5.22, "palms": 720, "planted_year": 2012, "abw_kg": 22.1, "rotation_target_days": 10, "gang_code": "", "road_condition": "fair", "bunches_per_day": 24.2, "centroid_lon": 100.01778, "centroid_lat": 1.868919}, "geometry": {"type": "Polygon", "coordinates": [[[100.019254, 1.868669], [100.018012, 1.867724], [100.017534, 1.867775], [100.0163, 1.868866], [100.017567, 1.870346], [100.019242, 1.868903], [100.019254, 1.868669]]]}}, {"type": "Feature", "properties": {"division_code": 1, "block_code": 17, "block_label": "1-17", "planted_ha": 3.73, "palms": 515, "planted_year": 2010, "abw_kg": 22.5, "rotation_target_days": 10, "gang_code": "", "road_condition": "good", "bunches_per_day": 18.3, "centroid_lon": 100.018916, "centroid_lat": 1.870194}, "geometry": {"type": "Polygon", "coordinates": [[[100.019255, 1.868939], [100.017583, 1.87038], [100.017586, 1.870476], [100.01896, 1.87135], [100.019138, 1.871019], [100.020092, 1.870273], [100.020165, 1.870274], [100.019255, 1.868939]]]}}, {"type": "Feature", "properties": {"division_code": 1, "block_code": 18, "block_label": "1-18", "planted_ha": 5.1, "palms": 673, "planted_year": 2011, "abw_kg": 21.5, "rotation_target_days": 10, "gang_code": "", "road_condition": "poor", "bunches_per_day": 27.3, "centroid_lon": 100.020572, "centroid_lat": 1.869027}, "geometry": {"type": "Polygon", "coordinates": [[[100.020764, 1.870278], [100.021864, 1.869227], [100.021688, 1.868532], [100.020605, 1.867772], [100.020247, 1.867887], [100.01929, 1.868669], [100.019277, 1.868907], [100.019728, 1.869589], [100.020205, 1.870267], [100.020764, 1.870278]]]}}, {"type": "Feature", "properties": {"division_code": 1, "block_code": 19, "block_label": "1-19", "planted_ha": 2.0, "palms": 271, "planted_year": 2011, "abw_kg": 21.7, "rotation_target_days": 10, "gang_code": "", "road_condition": "good", "bunches_per_day": 10.4, "centroid_lon": 100.022183, "centroid_lat": 1.869911}, "geometry": {"type": "Polygon", "coordinates": [[[100.023287, 1.86981], [100.021888, 1.869253], [100.020817, 1.870279], [100.023346, 1.870292], [100.023361, 1.870272], [100.023287, 1.86981]]]}}, {"type": "Feature", "properties": {"division_code": 1, "block_code": 20, "block_label": "1-20", "planted_ha": 2.75, "palms": 361, "planted_year": 2012, "abw_kg": 21.8, "rotation_target_days": 10, "gang_code": "", "road_condition": "fair", "bunches_per_day": 12.8, "centroid_lon": 100.024429, "centroid_lat": 1.869791}, "geometry": {"type": "Polygon", "coordinates": [[[100.02421, 1.86882], [100.023322, 1.869802], [100.023397, 1.870267], [100.023429, 1.870294], [100.024456, 1.870325], [100.025461, 1.870383], [100.025756, 1.870051], [100.02421, 1.86882]]]}}, {"type": "Feature", "properties": {"division_code": 1, "block_code": 21, "block_label": "1-21", "planted_ha": 3.41, "palms": 448, "planted_year": 2013, "abw_kg": 22.6, "rotation_target_days": 10, "gang_code": "", "road_condition": "good", "bunches_per_day": 17.5, "centroid_lon": 100.02712, "centroid_lat": 1.869721}, "geometry": {"type": "Polygon", "coordinates": [[[100.028339, 1.869799], [100.027169, 1.86864], [100.026918, 1.868627], [100.025919, 1.870041], [100.026312, 1.87044], [100.027804, 1.870477], [100.028339, 1.869799]]]}}, {"type": "Feature", "properties": {"division_code": 1, "block_code": 22, "block_label": "1-22", "planted_ha": 3.93, "palms": 542, "planted_year": 2015, "abw_kg": 22.1, "rotation_target_days": 10, "gang_code": "", "road_condition": "fair", "bunches_per_day": 18.5, "centroid_lon": 100.029912, "centroid_lat": 1.869584}, "geometry": {"type": "Polygon", "coordinates": [[[100.030112, 1.868317], [100.029858, 1.868335], [100.028685, 1.869791], [100.029372, 1.870515], [100.030284, 1.870538], [100.031117, 1.869809], [100.030112, 1.868317]]]}}, {"type": "Feature", "properties": {"division_code": 1, "block_code": 23, "block_label": "1-23", "planted_ha": 2.36, "palms": 316, "planted_year": 2014, "abw_kg": 21.8, "rotation_target_days": 10, "gang_code": "", "road_condition": "fair", "bunches_per_day": 11.0, "centroid_lon": 100.03277, "centroid_lat": 1.86972}, "geometry": {"type": "Polygon", "coordinates": [[[100.032019, 1.870484], [100.032178, 1.87048], [100.032954, 1.870236], [100.033527, 1.870081], [100.03379, 1.869496], [100.032804, 1.868813], [100.031796, 1.869891], [100.032019, 1.870484]]]}}, {"type": "Feature", "properties": {"division_code": 1, "block_code": 24, "block_label": "1-24", "planted_ha": 1.52, "palms": 199, "planted_year": 2010, "abw_kg": 22.1, "rotation_target_days": 10, "gang_code": "", "road_condition": "good", "bunches_per_day": 7.6, "centroid_lon": 100.006017, "centroid_lat": 1.867567}, "geometry": {"type": "Polygon", "coordinates": [[[100.006633, 1.86778], [100.006027, 1.866591], [100.005671, 1.866569], [100.005676, 1.868437], [100.005728, 1.868601], [100.005842, 1.868579], [100.006633, 1.86778]]]}}, {"type": "Feature", "properties": {"division_code": 1, "block_code": 25, "block_label": "1-25", "planted_ha": 3.95, "palms": 545, "planted_year": 2010, "abw_kg": 22.0, "rotation_target_days": 10, "gang_code": "", "road_condition": "fair", "bunches_per_day": 20.3, "centroid_lon": 100.008471, "centroid_lat": 1.86803}, "geometry": {"type": "Polygon", "coordinates": [[[100.009795, 1.867792], [100.008214, 1.866927], [100.007232, 1.86776], [100.00809, 1.869031], [100.008826, 1.869101], [100.009795, 1.867792]]]}}, {"type": "Feature", "properties": {"division_code": 1, "block_code": 26, "block_label": "1-26", "planted_ha": 4.42, "palms": 603, "planted_year": 2010, "abw_kg": 22.1, "rotation_target_days": 10, "gang_code": "", "road_condition": "good", "bunches_per_day": 21.6, "centroid_lon": 100.011221, "centroid_lat": 1.86778}, "geometry": {"type": "Polygon", "coordinates": [[[100.012434, 1.867886], [100.012397, 1.867411], [100.011207, 1.866633], [100.010843, 1.86671], [100.009921, 1.867773], [100.010799, 1.868839], [100.011616, 1.868816], [100.012434, 1.867886]]]}}, {"type": "Feature", "properties": {"division_code": 1, "block_code": 27, "block_label": "1-27", "planted_ha": 3.72, "palms": 491, "planted_year": 2011, "abw_kg": 22.2, "rotation_target_days": 10, "gang_code": "", "road_condition": "good", "bunches_per_day": 17.2, "centroid_lon": 100.013505, "centroid_lat": 1.867573}, "geometry": {"type": "Polygon", "coordinates": [[[100.014546, 1.86751], [100.013955, 1.866448], [100.013532, 1.86646], [100.012433, 1.867408], [100.01247, 1.867883], [100.013657, 1.868861], [100.014546, 1.86751]]]}}, {"type": "Feature", "properties": {"division_code": 1, "block_code": 28, "block_label": "1-28", "planted_ha": 4.24, "palms": 578, "planted_year": 2011, "abw_kg": 21.9, "rotation_target_days": 10, "gang_code": "", "road_condition": "good", "bunches_per_day": 19.3, "centroid_lon": 100.014908, "centroid_lat": 1.868684}, "geometry": {"type": "Polygon", "coordinates": [[[100.016265, 1.86886], [100.01537, 1.867728], [100.014575, 1.867532], [100.013682, 1.86889], [100.013842, 1.869298], [100.015003, 1.869758], [100.016265, 1.86886]]]}}, {"type": "Feature", "properties": {"division_code": 1, "block_code": 29, "block_label": "1-29", "planted_ha": 3.71, "palms": 492, "planted_year": 2012, "abw_kg": 22.4, "rotation_target_days": 10, "gang_code": "", "road_condition": "good", "bunches_per_day": 18.6, "centroid_lon": 100.016373, "centroid_lat": 1.86751}, "geometry": {"type": "Polygon", "coordinates": [[[100.017502, 1.867755], [100.016277, 1.866094], [100.016113, 1.866076], [100.015401, 1.867709], [100.016286, 1.868829], [100.017502, 1.867755]]]}}, {"type": "Feature", "properties": {"division_code": 1, "block_code": 30, "block_label": "1-30", "planted_ha": 4.73, "palms": 643, "planted_year": 2012, "abw_kg": 21.7, "rotation_target_days": 10, "gang_code": "", "road_condition": "good", "bunches_per_day": 23.7, "centroid_lon": 100.022999, "centroid_lat": 1.868584}, "geometry": {"type": "Polygon", "coordinates": [[[100.024191, 1.868788], [100.024238, 1.868474], [100.023524, 1.86753], [100.022878, 1.867376], [100.022298, 1.867933], [100.021724, 1.868526], [100.021899, 1.869219], [100.023298, 1.869775], [100.024191, 1.868788]]]}}, {"type": "Feature", "properties": {"division_code": 1, "block_code": 31, "block_label": "1-31", "planted_ha": 4.09, "palms": 544, "planted_year": 2013, "abw_kg": 21.7, "rotation_target_days": 10, "gang_code": "", "road_condition": "good", "bunches_per_day": 18.3, "centroid_lon": 100.025601, "centroid_lat": 1.868813}, "geometry": {"type": "Polygon", "coordinates": [[[100.025886, 1.870025], [100.026885, 1.868612], [100.025957, 1.867789], [100.025862, 1.867769], [100.024273, 1.868482], [100.024227, 1.868788], [100.025788, 1.87003], [100.025886, 1.870025]]]}}, {"type": "Feature", "properties": {"division_code": 1, "block_code": 32, "block_label": "1-32", "planted_ha": 4.71, "palms": 631, "planted_year": 2014, "abw_kg": 22.1, "rotation_target_days": 10, "gang_code": "", "road_condition": "good", "bunches_per_day": 24.1, "centroid_lon": 100.028526, "centroid_lat": 1.868475}, "geometry": {"type": "Polygon", "coordinates": [[[100.029826, 1.868317], [100.029102, 1.867408], [100.028203, 1.867327], [100.027201, 1.868621], [100.02837, 1.869779], [100.028652, 1.869774], [100.029826, 1.868317]]]}}, {"type": "Feature", "properties": {"division_code": 1, "block_code": 33, "block_label": "1-33", "planted_ha": 4.4, "palms": 587, "planted_year": 2015, "abw_kg": 21.6, "rotation_target_days": 10, "gang_code": "", "road_condition": "fair", "bunches_per_day": 23.3, "centroid_lon": 100.031485, "centroid_lat": 1.868712}, "geometry": {"type": "Polygon", "coordinates": [[[100.032708, 1.868373], [100.031144, 1.867585], [100.030146, 1.868303], [100.031152, 1.869795], [100.031768, 1.869868], [100.032782, 1.868783], [100.032708, 1.868373]]]}}, {"type": "Feature", "properties": {"division_code": 1, "block_code": 34, "block_label": "1-34", "planted_ha": 3.94, "palms": 519, "planted_year": 2015, "abw_kg": 22.5, "rotation_target_days": 10, "gang_code": "", "road_condition": "good", "bunches_per_day": 20.0, "centroid_lon": 100.03383, "centroid_lat": 1.868335}, "geometry": {"type": "Polygon", "coordinates": [[[100.034787, 1.868612], [100.0346, 1.867717], [100.034036, 1.867076], [100.033745, 1.867079], [100.032744, 1.868366], [100.032818, 1.868779], [100.033819, 1.869473], [100.034159, 1.86952], [100.034787, 1.868612]]]}}, {"type": "Feature", "properties": {"division_code": 1, "block_code": 35, "block_label": "1-35", "planted_ha": 4.6, "palms": 606, "planted_year": 2011, "abw_kg": 21.7, "rotation_target_days": 10, "gang_code": "", "road_condition": "good", "bunches_per_day": 23.1, "centroid_lon": 100.007157, "centroid_lat": 1.866511}, "geometry": {"type": "Polygon", "coordinates": [[[100.008194, 1.866897], [100.008255, 1.866072], [100.007265, 1.865299], [100.006719, 1.86527], [100.006059, 1.866574], [100.006666, 1.867765], [100.007201, 1.86774], [100.008194, 1.866897]]]}}, {"type": "Feature", "properties": {"division_code": 1, "block_code": 36, "block_label": "1-36", "planted_ha": 4.59, "palms": 635, "planted_year": 2010, "abw_kg": 22.5, "rotation_target_days": 10, "gang_code": "", "road_condition": "good", "bunches_per_day": 22.4, "centroid_lon": 100.009451, "centroid_lat": 1.86656}, "geometry": {"type": "Polygon", "coordinates": [[[100.009888, 1.867756], [100.010809, 1.866694], [100.009512, 1.865292], [100.00829, 1.866074], [100.008231, 1.866895], [100.009825, 1.867768], [100.009888, 1.867756]]]}}, {"type": "Feature", "properties": {"division_code": 1, "block_code": 37, "block_label": "1-37", "planted_ha": 4.02, "palms": 527, "planted_year": 2010, "abw_kg": 22.2, "rotation_target_days": 10, "gang_code": "", "road_condition": "fair", "bunches_per_day": 19.6, "centroid_lon": 100.012355, "centroid_lat": 1.866166}, "geometry": {"type": "Polygon", "coordinates": [[[100.013503, 1.866438], [100.012703, 1.864994], [100.011915, 1.865054], [100.011233, 1.866607], [100.012413, 1.867378], [100.013503, 1.866438]]]}}, {"type": "Feature", "properties": {"division_code": 1, "block_code": 38, "block_label": "1-38", "planted_ha": 3.34, "palms": 440, "planted_year": 2011, "abw_kg": 22.2, "rotation_target_days": 10, "gang_code": "", "road_condition": "fair", "bunches_per_day": 17.6, "centroid_lon": 100.015054, "centroid_lat": 1.866583}, "geometry": {"type": "Polygon", "coordinates": [[[100.01537, 1.867691], [100.016079, 1.866064], [100.015391, 1.865611], [100.014865, 1.865656], [100.013988, 1.866433], [100.014579, 1.867495], [100.01537, 1.867691]]]}}, {"type": "Feature", "properties": {"division_code": 1, "block_code": 39, "block_label": "1-39", "planted_ha": 4.36, "palms": 569, "planted_year": 2013, "abw_kg": 22.2, "rotation_target_days": 10, "gang_code": "", "road_condition": "good", "bunches_per_day": 19.3, "centroid_lon": 100.017623, "centroid_lat": 1.866404}, "geometry": {"type": "Polygon", "coordinates": [[[100.018753, 1.866006], [100.018207, 1.865364], [100.017313, 1.865393], [100.016312, 1.866082], [100.017535, 1.867739], [100.018004, 1.867689], [100.018753, 1.866006]]]}}, {"type": "Feature", "properties": {"division_code": 1, "block_code": 40, "block_label": "1-40", "planted_ha": 4.09, "palms": 537, "planted_year": 2013, "abw_kg": 21.5, "rotation_target_days": 10, "gang_code": "", "road_condition": "good", "bunches_per_day": 20.3, "centroid_lon": 100.019125, "centroid_lat": 1.867347}, "geometry": {"type": "Polygon", "coordinates": [[[100.019317, 1.865984], [100.018787, 1.866021], [100.018039, 1.8677], [100.019272, 1.868637], [100.020216, 1.867866], [100.019317, 1.865984]]]}}, {"type": "Feature", "properties": {"division_code": 1, "block_code": 41, "block_label": "1-41", "planted_ha": 3.75, "palms": 491, "planted_year": 2014, "abw_kg": 22.3, "rotation_target_days": 10, "gang_code": "", "road_condition": "good", "bunches_per_day": 18.4, "centroid_lon": 100.020431, "centroid_lat": 1.866429}, "geometry": {"type": "Polygon", "coordinates": [[[100.020684, 1.865223], [100.019351, 1.865972], [100.020248, 1.867849], [100.020596, 1.867737], [100.021472, 1.866062], [100.020684, 1.865223]]]}}, {"type": "Feature", "properties": {"division_code": 1, "block_code": 42, "block_label": "1-42", "planted_ha": 3.74, "palms": 496, "planted_year": 2012, "abw_kg": 22.4, "rotation_target_days": 10, "gang_code": "", "road_condition": "fair", "bunches_per_day": 19.4, "centroid_lon": 100.021733, "centroid_lat": 1.867272}, "geometry": {"type": "Polygon", "coordinates": [[[100.022273, 1.867907], [100.022849, 1.867353], [100.02204, 1.866093], [100.021505, 1.866078], [100.020632, 1.867746], [100.021701, 1.868497], [100.022273, 1.867907]]]}}, {"type": "Feature", "properties": {"division_code": 1, "block_code": 43, "block_label": "1-43", "planted_ha": 3.57, "palms": 486, "planted_year": 2013, "abw_kg": 21.5, "rotation_target_days": 10, "gang_code": "", "road_condition": "good", "bunches_per_day": 17.6, "centroid_lon": 100.023208, "centroid_lat": 1.866352}, "geometry": {"type": "Polygon", "coordinates": [[[100.024319, 1.866145], [100.02317, 1.865205], [100.022074, 1.86608], [100.022883, 1.86734], [100.023526, 1.867493], [100.024319, 1.866145]]]}}, {"type": "Feature", "properties": {"division_code": 1, "block_code": 44, "block_label": "1-44", "planted_ha": 3.81, "palms": 528, "planted_year": 2012, "abw_kg": 21.8, "rotation_target_days": 10, "gang_code": "", "road_condition": "poor", "bunches_per_day": 16.8, "centroid_lon": 100.024642, "centroid_lat": 1.867307}, "geometry": {"type": "Polygon", "coordinates": [[[100.025835, 1.867742], [100.024908, 1.866103], [100.024353, 1.866158], [100.023556, 1.867513], [100.024262, 1.868447], [100.025835, 1.867742]]]}}, {"type": "Feature", "properties": {"division_code": 1, "block_code": 45, "block_label": "1-45", "planted_ha": 3.42, "palms": 447, "planted_year": 2013, "abw_kg": 21.7, "rotation_target_days": 10, "gang_code": "", "road_condition": "fair", "bunches_per_day": 16.9, "centroid_lon": 100.025945, "centroid_lat": 1.866363}, "geometry": {"type": "Polygon", "coordinates": [[[100.027054, 1.866112], [100.025701, 1.86518], [100.02494, 1.866086], [100.025872, 1.867734], [100.025958, 1.867752], [100.027054, 1.866112]]]}}, {"type": "Feature", "properties": {"division_code": 1, "block_code": 46, "block_label": "1-46", "planted_ha": 3.93, "palms": 528, "planted_year": 2014, "abw_kg": 22.0, "rotation_target_days": 10, "gang_code": "", "road_condition": "good", "bunches_per_day": 21.1, "centroid_lon": 100.027147, "centroid_lat": 1.867345}, "geometry": {"type": "Polygon", "coordinates": [[[100.028174, 1.867305], [100.027677, 1.866078], [100.027089, 1.866124], [100.02599, 1.867769], [100.026916, 1.868591], [100.027168, 1.868604], [100.028174, 1.867305]]]}}, {"type": "Feature", "properties": {"division_code": 1, "block_code": 47, "block_label": "1-47", "planted_ha": 3.95, "palms": 546, "planted_year": 2015, "abw_kg": 21.8, "rotation_target_days": 10, "gang_code": "", "road_condition": "fair", "bunches_per_day": 21.0, "centroid_lon": 100.028768, "centroid_lat": 1.866236}, "geometry": {"type": "Polygon", "coordinates": [[[100.029953, 1.865668], [100.028909, 1.865218], [100.028343, 1.865238], [100.027709, 1.866061], [100.028207, 1.867291], [100.0291, 1.867371], [100.029953, 1.865668]]]}}, {"type": "Feature", "properties": {"division_code": 1, "block_code": 48, "block_label": "1-48", "planted_ha": 3.54, "palms": 464, "planted_year": 2014, "abw_kg": 22.5, "rotation_target_days": 10, "gang_code": "", "road_condition": "fair", "bunches_per_day": 17.6, "centroid_lon": 100.030109, "centroid_lat": 1.86715}, "geometry": {"type": "Polygon", "coordinates": [[[100.031125, 1.867554], [100.031137, 1.867392], [100.030056, 1.865664], [100.02999, 1.865675], [100.029132, 1.867388], [100.029857, 1.868299], [100.030115, 1.868281], [100.031125, 1.867554]]]}}, {"type": "Feature", "properties": {"division_code": 1, "block_code": 49, "block_label": "1-49", "planted_ha": 4.24, "palms": 578, "planted_year": 2015, "abw_kg": 21.9, "rotation_target_days": 10, "gang_code": "", "road_condition": "good", "bunches_per_day": 19.4, "centroid_lon": 100.032472, "centroid_lat": 1.867152}, "geometry": {"type": "Polygon", "coordinates": [[[100.032987, 1.866121], [100.032205, 1.866065], [100.031173, 1.867394], [100.031161, 1.867553], [100.032719, 1.868338], [100.033714, 1.867062], [100.032987, 1.866121]]]}}, {"type": "Feature", "properties": {"division_code": 1, "block_code": 50, "block_label": "1-50", "planted_ha": 1.42, "palms": 195, "planted_year": 2011, "abw_kg": 21.6, "rotation_target_days": 10, "gang_code": "", "road_condition": "poor", "bunches_per_day": 7.6, "centroid_lon": 100.006094, "centroid_lat": 1.865584}, "geometry": {"type": "Polygon", "coordinates": [[[100.006687, 1.865254], [100.005977, 1.864494], [100.0057, 1.865862], [100.00567, 1.866397], [100.005671, 1.866532], [100.006028, 1.866555], [100.006687, 1.865254]]]}}, {"type": "Feature", "properties": {"division_code": 1, "block_code": 51, "block_label": "1-51", "planted_ha": 3.37, "palms": 466, "planted_year": 2011, "abw_kg": 22.0, "rotation_target_days": 10, "gang_code": "", "road_condition": "good", "bunches_per_day": 17.8, "centroid_lon": 100.008397, "centroid_lat": 1.864974}, "geometry": {"type": "Polygon", "coordinates": [[[100.009509, 1.865219], [100.008681, 1.863898], [100.008147, 1.863911], [100.007296, 1.865278], [100.008274, 1.866042], [100.009499, 1.865257], [100.009509, 1.865219]]]}}, {"type": "Feature", "properties": {"division_code": 1, "block_code": 52, "block_label": "1-52", "planted_ha": 4.28, "palms": 584, "planted_year": 2011, "abw_kg": 22.3, "rotation_target_days": 10, "gang_code": "", "road_condition": "fair", "bunches_per_day": 20.4, "centroid_lon": 100.010804, "centroid_lat": 1.865318}, "geometry": {"type": "Polygon", "coordinates": [[[100.011882, 1.86504], [100.010954, 1.863933], [100.009545, 1.865225], [100.009535, 1.865263], [100.010839, 1.866674], [100.011198, 1.866598], [100.011882, 1.86504]]]}}, {"type": "Feature", "properties": {"division_code": 1, "block_code": 53, "block_label": "1-53", "planted_ha": 3.33, "palms": 450, "planted_year": 2011, "abw_kg": 22.1, "rotation_target_days": 10, "gang_code": "", "road_condition": "good", "bunches_per_day": 17.4, "centroid_lon": 100.013742, "centroid_lat": 1.865324}, "geometry": {"type": "Polygon", "coordinates": [[[100.013695, 1.864097], [100.013572, 1.864088], [100.012735, 1.864978], [100.013536, 1.866424], [100.013959, 1.866411], [100.014834, 1.865636], [100.013695, 1.864097]]]}}, {"type": "Feature", "properties": {"division_code": 1, "block_code": 54, "block_label": "1-54", "planted_ha": 3.64, "palms": 502, "planted_year": 2013, "abw_kg": 21.5, "rotation_target_days": 10, "gang_code": "", "road_condition": "good", "bunches_per_day": 16.4, "centroid_lon": 100.016323, "centroid_lat": 1.864899}, "geometry": {"type": "Polygon", "coordinates": [[[100.017286, 1.865368], [100.016725, 1.863682], [100.015868, 1.863784], [100.015417, 1.865585], [100.016108, 1.866039], [100.016282, 1.866058], [100.017286, 1.865368]]]}}, {"type": "Feature", "properties": {"division_code": 1, "block_code": 55, "block_label": "1-55", "planted_ha": 4.57, "palms": 614, "planted_year": 2014, "abw_kg": 22.1, "rotation_target_days": 10, "gang_code": "", "road_condition": "fair", "bunches_per_day": 22.9, "centroid_lon": 100.019386, "centroid_lat": 1.864881}, "geometry": {"type": "Polygon", "coordinates": [[[100.020669, 1.865189], [100.020689, 1.864583], [100.01884, 1.863541], [100.018236, 1.865342], [100.018782, 1.865985], [100.019322, 1.865947], [100.020669, 1.865189]]]}}, {"type": "Feature", "properties": {"division_code": 1, "block_code": 56, "block_label": "1-56", "planted_ha": 4.62, "palms": 635, "planted_year": 2014, "abw_kg": 21.9, "rotation_target_days": 10, "gang_code": "", "road_condition": "good", "bunches_per_day": 23.9, "centroid_lon": 100.021824, "centroid_lat": 1.864913}, "geometry": {"type": "Polygon", "coordinates": [[[100.023155, 1.865157], [100.022133, 1.863734], [100.021456, 1.863764], [100.020725, 1.86458], [100.020705, 1.865193], [100.021502, 1.866041], [100.022045, 1.866057], [100.023155, 1.865157]]]}}, {"type": "Feature", "properties": {"division_code": 1, "block_code": 57, "block_label": "1-57", "planted_ha": 4.44, "palms": 584, "planted_year": 2014, "abw_kg": 21.6, "rotation_target_days": 10, "gang_code": "", "road_condition": "poor", "bunches_per_day": 19.9, "centroid_lon": 100.024535, "centroid_lat": 1.864978}, "geometry": {"type": "Polygon", "coordinates": [[[100.024909, 1.866066], [100.02568, 1.865149], [100.025681, 1.864845], [100.024617, 1.863545], [100.023189, 1.865174], [100.024348, 1.866122], [100.024909, 1.866066]]]}}, {"type": "Feature", "properties": {"division_code": 1, "block_code": 58, "block_label": "1-58", "planted_ha": 4.34, "palms": 580, "planted_year": 2014, "abw_kg": 22.1, "rotation_target_days": 10, "gang_code": "", "road_condition": "good", "bunches_per_day": 23.1, "centroid_lon": 100.027087, "centroid_lat": 1.865025}, "geometry": {"type": "Polygon", "coordinates": [[[100.027432, 1.863751], [100.025717, 1.864848], [100.025716, 1.865146], [100.027084, 1.866088], [100.027679, 1.866041], [100.028312, 1.865219], [100.027432, 1.863751]]]}}, {"type": "Feature", "properties": {"division_code": 1, "block_code": 59, "block_label": "1-59", "planted_ha": 3.31, "palms": 441, "planted_year": 2015, "abw_kg": 22.3, "rotation_target_days": 10, "gang_code": "", "road_condition": "good", "bunches_per_day": 17.7, "centroid_lon": 100.03114, "centroid_lat": 1.865992}, "geometry": {"type": "Polygon", "coordinates": [[[100.031162, 1.864779], [100.030089, 1.865648], [100.031157, 1.867356], [100.032173, 1.866047], [100.031162, 1.864779]]]}}, {"type": "Feature", "properties": {"division_code": 1, "block_code": 60, "block_label": "1-60", "planted_ha": 4.49, "palms": 619, "planted_year": 2016, "abw_kg": 20.8, "rotation_target_days": 10, "gang_code": "", "road_condition": "good", "bunches_per_day": 24.1, "centroid_lon": 100.032531, "centroid_lat": 1.864876}, "geometry": {"type": "Polygon", "coordinates": [[[100.033697, 1.864406], [100.032705, 1.863579], [100.031194, 1.86476], [100.032205, 1.866029], [100.032985, 1.866084], [100.033697, 1.864406]]]}}, {"type": "Feature", "properties": {"division_code": 1, "block_code": 61, "block_label": "1-61", "planted_ha": 3.7, "palms": 502, "planted_year": 2015, "abw_kg": 22.1, "rotation_target_days": 10, "gang_code": "", "road_condition": "good", "bunches_per_day": 18.3, "centroid_lon": 100.03394, "centroid_lat": 1.865752}, "geometry": {"type": "Polygon", "coordinates": [[[100.03462, 1.86494], [100.034192, 1.864406], [100.033731, 1.864419], [100.033017, 1.866101], [100.033745, 1.867043], [100.034037, 1.867039], [100.034609, 1.866572], [100.03462, 1.86494]]]}}, {"type": "Feature", "properties": {"division_code": 1, "block_code": 62, "block_label": "1-62", "planted_ha": 3.8, "palms": 516, "planted_year": 2012, "abw_kg": 22.3, "rotation_target_days": 10, "gang_code": "", "road_condition": "fair", "bunches_per_day": 17.8, "centroid_lon": 100.007013, "centroid_lat": 1.864137}, "geometry": {"type": "Polygon", "coordinates": [[[100.007452, 1.863048], [100.006782, 1.863162], [100.00611, 1.863766], [100.005985, 1.86445], [100.006717, 1.865234], [100.007262, 1.865263], [100.008115, 1.863895], [100.007452, 1.863048]]]}}, {"type": "Feature", "properties": {"division_code": 1, "block_code": 63, "block_label": "1-63", "planted_ha": 3.55, "palms": 489, "planted_year": 2011, "abw_kg": 21.5, "rotation_target_days": 10, "gang_code": "", "road_condition": "good", "bunches_per_day": 19.1, "centroid_lon": 100.009774, "centroid_lat": 1.863904}, "geometry": {"type": "Polygon", "coordinates": [[[100.010945, 1.86379], [100.009836, 1.862775], [100.009603, 1.862771], [100.008713, 1.863882], [100.009532, 1.865188], [100.010939, 1.863899], [100.010945, 1.86379]]]}}, {"type": "Feature", "properties": {"division_code": 1, "block_code": 64, "block_label": "1-64", "planted_ha": 4.22, "palms": 551, "planted_year": 2011, "abw_kg": 22.2, "rotation_target_days": 10, "gang_code": "", "road_condition": "good", "bunches_per_day": 19.1, "centroid_lon": 100.012252, "centroid_lat": 1.863965}, "geometry": {"type": "Polygon", "coordinates": [[[100.013541, 1.864068], [100.012341, 1.862686], [100.01098, 1.863791], [100.010974, 1.863901], [100.011911, 1.865018], [100.012705, 1.864958], [100.013541, 1.864068]]]}}, {"type": "Feature", "properties": {"division_code": 1, "block_code": 65, "block_label": "1-65", "planted_ha": 3.75, "palms": 491, "planted_year": 2012, "abw_kg": 22.4, "rotation_target_days": 10, "gang_code": "", "road_condition": "fair", "bunches_per_day": 17.5, "centroid_lon": 100.014914, "centroid_lat": 1.864347}, "geometry": {"type": "Polygon", "coordinates": [[[100.015834, 1.863774], [100.015089, 1.863109], [100.01441, 1.863615], [100.01373, 1.864084], [100.014867, 1.865619], [100.015382, 1.865576], [100.015834, 1.863774]]]}}, {"type": "Feature", "properties": {"division_code": 1, "block_code": 66, "block_label": "1-66", "planted_ha": 4.13, "palms": 561, "planted_year": 2013, "abw_kg": 22.3, "rotation_target_days": 10, "gang_code": "", "road_condition": "fair", "bunches_per_day": 19.0, "centroid_lon": 100.01779, "centroid_lat": 1.864116}, "geometry": {"type": "Polygon", "coordinates": [[[100.018202, 1.865328], [100.018811, 1.863515], [100.018759, 1.863367], [100.018149, 1.863012], [100.01747, 1.863058], [100.016759, 1.863668], [100.01732, 1.865357], [100.018202, 1.865328]]]}}, {"type": "Feature", "properties": {"division_code": 1, "block_code": 67, "block_label": "1-67", "planted_ha": 3.71, "palms": 486, "planted_year": 2015, "abw_kg": 21.8, "rotation_target_days": 10, "gang_code": "", "road_condition": "good", "bunches_per_day": 17.9, "centroid_lon": 100.028523, "centroid_lat": 1.863977}, "geometry": {"type": "Polygon", "coordinates": [[[100.0289, 1.865182], [100.029555, 1.863476], [100.028448, 1.862824], [100.027481, 1.863575], [100.027457, 1.863722], [100.028344, 1.865202], [100.0289, 1.865182]]]}}, {"type": "Feature", "properties": {"division_code": 1, "block_code": 68, "block_label": "1-68", "planted_ha": 3.66, "palms": 487, "planted_year": 2015, "abw_kg": 21.5, "rotation_target_days": 10, "gang_code": "", "road_condition": "good", "bunches_per_day": 19.2, "centroid_lon": 100.03, "centroid_lat": 1.864561}, "geometry": {"type": "Polygon", "coordinates": [[[100.031136, 1.864754], [100.030309, 1.863436], [100.02959, 1.863485], [100.028936, 1.86519], [100.02998, 1.86564], [100.030058, 1.865627], [100.031136, 1.864754]]]}}, {"type": "Feature", "properties": {"division_code": 2, "block_code": 1, "block_label": "2-1", "planted_ha": 3.91, "palms": 521, "planted_year": 2015, "abw_kg": 22.0, "rotation_target_days": 10, "gang_code": "", "road_condition": "fair", "bunches_per_day": 20.4, "centroid_lon": 100.023342, "centroid_lat": 1.863743}, "geometry": {"type": "Polygon", "coordinates": [[[100.024596, 1.86347], [100.023332, 1.862515], [100.022166, 1.863717], [100.023176, 1.865124], [100.024599, 1.86351], [100.024596, 1.86347]]]}}, {"type": "Feature", "properties": {"division_code": 2, "block_code": 2, "block_label": "2-2", "planted_ha": 4.67, "palms": 624, "planted_year": 2015, "abw_kg": 22.0, "rotation_target_days": 10, "gang_code": "", "road_condition": "fair", "bunches_per_day": 24.1, "centroid_lon": 100.02598, "centroid_lat": 1.863536}, "geometry": {"type": "Polygon", "coordinates": [[[100.027422, 1.863715], [100.027445, 1.863572], [100.026663, 1.862894], [100.025912, 1.862208], [100.024632, 1.863468], [100.024635, 1.86351], [100.025702, 1.864814], [100.027422, 1.863715]]]}}, {"type": "Feature", "properties": {"division_code": 2, "block_code": 3, "block_label": "2-3", "planted_ha": 3.23, "palms": 425, "planted_year": 2012, "abw_kg": 21.7, "rotation_target_days": 10, "gang_code": "", "road_condition": "good", "bunches_per_day": 16.6, "centroid_lon": 100.008484, "centroid_lat": 1.862866}, "geometry": {"type": "Polygon", "coordinates": [[[100.008643, 1.861815], [100.008158, 1.861885], [100.007481, 1.863027], [100.008145, 1.863875], [100.008682, 1.863862], [100.00957, 1.862754], [100.008643, 1.861815]]]}}, {"type": "Feature", "properties": {"division_code": 2, "block_code": 4, "block_label": "2-4", "planted_ha": 4.11, "palms": 561, "planted_year": 2012, "abw_kg": 22.2, "rotation_target_days": 10, "gang_code": "", "road_condition": "good", "bunches_per_day": 19.0, "centroid_lon": 100.011073, "centroid_lat": 1.862503}, "geometry": {"type": "Polygon", "coordinates": [[[100.01233, 1.862616], [100.011098, 1.861131], [100.010978, 1.861138], [100.009867, 1.862754], [100.010963, 1.863758], [100.012326, 1.862652], [100.01233, 1.862616]]]}}, {"type": "Feature", "properties": {"division_code": 2, "block_code": 5, "block_label": "2-5", "planted_ha": 4.69, "palms": 617, "planted_year": 2011, "abw_kg": 21.7, "rotation_target_days": 10, "gang_code": "", "road_condition": "fair", "bunches_per_day": 24.7, "centroid_lon": 100.013789, "centroid_lat": 1.862816}, "geometry": {"type": "Polygon", "coordinates": [[[100.01439, 1.863586], [100.015071, 1.863077], [100.015002, 1.86247], [100.013766, 1.861601], [100.012366, 1.86262], [100.012362, 1.862655], [100.013574, 1.864052], [100.0137, 1.864062], [100.01439, 1.863586]]]}}, {"type": "Feature", "properties": {"division_code": 2, "block_code": 6, "block_label": "2-6", "planted_ha": 4.3, "palms": 565, "planted_year": 2013, "abw_kg": 22.3, "rotation_target_days": 10, "gang_code": "", "road_condition": "fair", "bunches_per_day": 18.9, "centroid_lon": 100.01618, "centroid_lat": 1.862706}, "geometry": {"type": "Polygon", "coordinates": [[[100.01744, 1.863037], [100.016435, 1.861466], [100.016126, 1.861469], [100.015038, 1.862467], [100.015107, 1.863076], [100.01586, 1.863749], [100.01673, 1.863644], [100.01744, 1.863037]]]}}, {"type": "Feature", "properties": {"division_code": 2, "block_code": 7, "block_label": "2-7", "planted_ha": 4.42, "palms": 607, "planted_year": 2015, "abw_kg": 21.8, "rotation_target_days": 10, "gang_code": "", "road_condition": "good", "bunches_per_day": 19.7, "centroid_lon": 100.020256, "centroid_lat": 1.86332}, "geometry": {"type": "Polygon", "coordinates": [[[100.020675, 1.862061], [100.020359, 1.86205], [100.018795, 1.86336], [100.018845, 1.863503], [100.020703, 1.86455], [100.021427, 1.863743], [100.020675, 1.862061]]]}}, {"type": "Feature", "properties": {"division_code": 2, "block_code": 8, "block_label": "2-8", "planted_ha": 4.77, "palms": 658, "planted_year": 2015, "abw_kg": 22.0, "rotation_target_days": 10, "gang_code": "", "road_condition": "good", "bunches_per_day": 22.9, "centroid_lon": 100.021926, "centroid_lat": 1.862484}, "geometry": {"type": "Polygon", "coordinates": [[[100.02331, 1.862485], [100.023295, 1.862425], [100.023137, 1.862282], [100.0218, 1.861138], [100.020709, 1.862048], [100.02146, 1.863728], [100.022134, 1.863698], [100.02331, 1.862485]]]}}, {"type": "Feature", "properties": {"division_code": 2, "block_code": 9, "block_label": "2-9", "planted_ha": 4.3, "palms": 571, "planted_year": 2016, "abw_kg": 20.2, "rotation_target_days": 10, "gang_code": "", "road_condition": "good", "bunches_per_day": 21.2, "centroid_lon": 100.024618, "centroid_lat": 1.862192}, "geometry": {"type": "Polygon", "coordinates": [[[100.025895, 1.862175], [100.025908, 1.861936], [100.024855, 1.861131], [100.024207, 1.861147], [100.023331, 1.862419], [100.023345, 1.86248], [100.024612, 1.863437], [100.025895, 1.862175]]]}}, {"type": "Feature", "properties": {"division_code": 2, "block_code": 10, "block_label": "2-10", "planted_ha": 4.95, "palms": 646, "planted_year": 2016, "abw_kg": 20.4, "rotation_target_days": 10, "gang_code": "", "road_condition": "good", "bunches_per_day": 26.6, "centroid_lon": 100.027291, "centroid_lat": 1.862207}, "geometry": {"type": "Polygon", "coordinates": [[[100.028544, 1.861894], [100.027802, 1.861465], [100.026899, 1.860908], [100.025945, 1.861935], [100.025931, 1.862176], [100.026686, 1.862867], [100.027465, 1.863542], [100.028429, 1.862793], [100.028544, 1.861894]]]}}, {"type": "Feature", "properties": {"division_code": 2, "block_code": 11, "block_label": "2-11", "planted_ha": 4.58, "palms": 607, "planted_year": 2015, "abw_kg": 22.1, "rotation_target_days": 10, "gang_code": "", "road_condition": "good", "bunches_per_day": 21.9, "centroid_lon": 100.02965, "centroid_lat": 1.862367}, "geometry": {"type": "Polygon", "coordinates": [[[100.030306, 1.8634], [100.030882, 1.862165], [100.030183, 1.861374], [100.029243, 1.861332], [100.02858, 1.861893], [100.028466, 1.862793], [100.029582, 1.863449], [100.030306, 1.8634]]]}}, {"type": "Feature", "properties": {"division_code": 2, "block_code": 12, "block_label": "2-12", "planted_ha": 4.8, "palms": 659, "planted_year": 2015, "abw_kg": 22.2, "rotation_target_days": 10, "gang_code": "", "road_condition": "fair", "bunches_per_day": 21.2, "centroid_lon": 100.031503, "centroid_lat": 1.863291}, "geometry": {"type": "Polygon", "coordinates": [[[100.032688, 1.863547], [100.032702, 1.862976], [100.031846, 1.862144], [100.030915, 1.86218], [100.030339, 1.863415], [100.031167, 1.864735], [100.032688, 1.863547]]]}}, {"type": "Feature", "properties": {"division_code": 2, "block_code": 13, "block_label": "2-13", "planted_ha": 3.73, "palms": 498, "planted_year": 2017, "abw_kg": 19.3, "rotation_target_days": 10, "gang_code": "", "road_condition": "fair", "bunches_per_day": 18.4, "centroid_lon": 100.033762, "centroid_lat": 1.86331}, "geometry": {"type": "Polygon", "coordinates": [[[100.034633, 1.863953], [100.034638, 1.863809], [100.034637, 1.863424], [100.034654, 1.863125], [100.033963, 1.862021], [100.032738, 1.862977], [100.032724, 1.863548], [100.033725, 1.864383], [100.034193, 1.86437], [100.034633, 1.863953]]]}}, {"type": "Feature", "properties": {"division_code": 2, "block_code": 14, "block_label": "2-14", "planted_ha": 0.83, "palms": 109, "planted_year": 2016, "abw_kg": 21.2, "rotation_target_days": 10, "gang_code": "", "road_condition": "fair", "bunches_per_day": 4.1, "centroid_lon": 100.03445, "centroid_lat": 1.862108}, "geometry": {"type": "Polygon", "coordinates": [[[100.033988, 1.861994], [100.034658, 1.863063], [100.034753, 1.861385], [100.034101, 1.861746], [100.033988, 1.861994]]]}}, {"type": "Feature", "properties": {"division_code": 2, "block_code": 15, "block_label": "2-15", "planted_ha": 3.52, "palms": 478, "planted_year": 2013, "abw_kg": 21.4, "rotation_target_days": 10, "gang_code": "", "road_condition": "poor", "bunches_per_day": 17.2, "centroid_lon": 100.007079, "centroid_lat": 1.861928}, "geometry": {"type": "Polygon", "coordinates": [[[100.006876, 1.860615], [100.006264, 1.861287], [100.006263, 1.861887], [100.006785, 1.863125], [100.007448, 1.863012], [100.008124, 1.86187], [100.006876, 1.860615]]]}}, {"type": "Feature", "properties": {"division_code": 2, "block_code": 16, "block_label": "2-16", "planted_ha": 3.53, "palms": 486, "planted_year": 2012, "abw_kg": 21.6, "rotation_target_days": 10, "gang_code": "", "road_condition": "good", "bunches_per_day": 16.0, "centroid_lon": 100.009761, "centroid_lat": 1.861549}, "geometry": {"type": "Polygon", "coordinates": [[[100.010943, 1.861127], [100.009578, 1.860379], [100.008672, 1.861794], [100.009602, 1.862735], [100.009834, 1.862739], [100.010943, 1.861127]]]}}, {"type": "Feature", "properties": {"division_code": 2, "block_code": 17, "block_label": "2-17", "planted_ha": 4.29, "palms": 586, "planted_year": 2012, "abw_kg": 21.8, "rotation_target_days": 10, "gang_code": "", "road_condition": "good", "bunches_per_day": 21.3, "centroid_lon": 100.012369, "centroid_lat": 1.861284}, "geometry": {"type": "Polygon", "coordinates": [[[100.013746, 1.861571], [100.012257, 1.860011], [100.011953, 1.860066], [100.01113, 1.861113], [100.012352, 1.862586], [100.013746, 1.861571]]]}}, {"type": "Feature", "properties": {"division_code": 2, "block_code": 18, "block_label": "2-18", "planted_ha": 4.0, "palms": 525, "planted_year": 2012, "abw_kg": 22.3, "rotation_target_days": 10, "gang_code": "", "road_condition": "good", "bunches_per_day": 19.7, "centroid_lon": 100.014917, "centroid_lat": 1.861201}, "geometry": {"type": "Polygon", "coordinates": [[[100.016095, 1.861448], [100.014976, 1.85986], [100.014665, 1.859862], [100.013782, 1.861569], [100.015017, 1.862437], [100.016095, 1.861448]]]}}, {"type": "Feature", "properties": {"division_code": 2, "block_code": 19, "block_label": "2-19", "planted_ha": 3.94, "palms": 535, "planted_year": 2014, "abw_kg": 22.2, "rotation_target_days": 10, "gang_code": "", "road_condition": "fair", "bunches_per_day": 20.6, "centroid_lon": 100.017586, "centroid_lat": 1.861689}, "geometry": {"type": "Polygon", "coordinates": [[[100.018138, 1.862976], [100.018385, 1.860755], [100.01792, 1.860442], [100.017642, 1.860427], [100.016468, 1.861451], [100.017473, 1.863022], [100.018138, 1.862976]]]}}, {"type": "Feature", "properties": {"division_code": 2, "block_code": 20, "block_label": "2-20", "planted_ha": 4.23, "palms": 572, "planted_year": 2014, "abw_kg": 21.9, "rotation_target_days": 10, "gang_code": "", "road_condition": "good", "bunches_per_day": 19.2, "centroid_lon": 100.019045, "centroid_lat": 1.861981}, "geometry": {"type": "Polygon", "coordinates": [[[100.020326, 1.862031], [100.019188, 1.860745], [100.018421, 1.860764], [100.018173, 1.862984], [100.018772, 1.863333], [100.020326, 1.862031]]]}}, {"type": "Feature", "properties": {"division_code": 2, "block_code": 21, "block_label": "2-21", "planted_ha": 4.58, "palms": 624, "planted_year": 2015, "abw_kg": 21.4, "rotation_target_days": 10, "gang_code": "", "road_condition": "fair", "bunches_per_day": 22.4, "centroid_lon": 100.020535, "centroid_lat": 1.860816}, "geometry": {"type": "Polygon", "coordinates": [[[100.021783, 1.861105], [100.021815, 1.860798], [100.020771, 1.85972], [100.020029, 1.85972], [100.019219, 1.860726], [100.02036, 1.862014], [100.020681, 1.862024], [100.021783, 1.861105]]]}}, {"type": "Feature", "properties": {"division_code": 2, "block_code": 22, "block_label": "2-22", "planted_ha": 4.1, "palms": 554, "planted_year": 2017, "abw_kg": 18.7, "rotation_target_days": 10, "gang_code": "", "road_condition": "fair", "bunches_per_day": 20.6, "centroid_lon": 100.023014, "centroid_lat": 1.861042}, "geometry": {"type": "Polygon", "coordinates": [[[100.024175, 1.861129], [100.023063, 1.859713], [100.022462, 1.860231], [100.021851, 1.8608], [100.021819, 1.861107], [100.023308, 1.862388], [100.024175, 1.861129]]]}}, {"type": "Feature", "properties": {"division_code": 2, "block_code": 23, "block_label": "2-23", "planted_ha": 3.45, "palms": 463, "planted_year": 2017, "abw_kg": 19.0, "rotation_target_days": 10, "gang_code": "", "road_condition": "good", "bunches_per_day": 17.1, "centroid_lon": 100.025813, "centroid_lat": 1.860739}, "geometry": {"type": "Polygon", "coordinates": [[[100.026875, 1.860692], [100.026325, 1.859966], [100.025101, 1.859728], [100.02488, 1.861105], [100.025925, 1.861903], [100.026878, 1.860878], [100.026875, 1.860692]]]}}, {"type": "Feature", "properties": {"division_code": 2, "block_code": 24, "block_label": "2-24", "planted_ha": 3.73, "palms": 507, "planted_year": 2015, "abw_kg": 22.1, "rotation_target_days": 10, "gang_code": "", "road_condition": "fair", "bunches_per_day": 19.0, "centroid_lon": 100.031305, "centroid_lat": 1.861108}, "geometry": {"type": "Polygon", "coordinates": [[[100.032312, 1.860751], [100.031245, 1.859771], [100.031216, 1.859774], [100.030214, 1.861354], [100.030911, 1.862144], [100.03184, 1.862108], [100.032312, 1.860751]]]}}, {"type": "Feature", "properties": {"division_code": 2, "block_code": 25, "block_label": "2-25", "planted_ha": 3.52, "palms": 483, "planted_year": 2016, "abw_kg": 20.1, "rotation_target_days": 10, "gang_code": "", "road_condition": "fair", "bunches_per_day": 16.0, "centroid_lon": 100.032873, "centroid_lat": 1.861784}, "geometry": {"type": "Polygon", "coordinates": [[[100.034065, 1.861737], [100.0329, 1.860722], [100.032346, 1.860763], [100.031874, 1.862121], [100.032722, 1.862944], [100.033953, 1.861983], [100.034065, 1.861737]]]}}, {"type": "Feature", "properties": {"division_code": 2, "block_code": 26, "block_label": "2-26", "planted_ha": 4.85, "palms": 660, "planted_year": 2013, "abw_kg": 22.6, "rotation_target_days": 10, "gang_code": "", "road_condition": "poor", "bunches_per_day": 26.1, "centroid_lon": 100.008249, "centroid_lat": 1.860562}, "geometry": {"type": "Polygon", "coordinates": [[[100.009479, 1.860164], [100.008478, 1.859438], [100.007883, 1.859415], [100.006898, 1.8605], [100.006894, 1.860582], [100.008153, 1.861849], [100.008639, 1.861779], [100.009551, 1.860353], [100.009479, 1.860164]]]}}, {"type": "Feature", "properties": {"division_code": 2, "block_code": 27, "block_label": "2-27", "planted_ha": 3.91, "palms": 538, "planted_year": 2013, "abw_kg": 21.4, "rotation_target_days": 10, "gang_code": "", "road_condition": "good", "bunches_per_day": 18.2, "centroid_lon": 100.010768, "centroid_lat": 1.859973}, "geometry": {"type": "Polygon", "coordinates": [[[100.011098, 1.861095], [100.011921, 1.860049], [100.010868, 1.8586], [100.009514, 1.860156], [100.009586, 1.860342], [100.010973, 1.861102], [100.011098, 1.861095]]]}}, {"type": "Feature", "properties": {"division_code": 2, "block_code": 28, "block_label": "2-28", "planted_ha": 3.87, "palms": 508, "planted_year": 2012, "abw_kg": 21.9, "rotation_target_days": 10, "gang_code": "", "road_condition": "good", "bunches_per_day": 18.6, "centroid_lon": 100.013509, "centroid_lat": 1.860097}, "geometry": {"type": "Polygon", "coordinates": [[[100.013381, 1.858851], [100.012288, 1.859992], [100.013757, 1.861515], [100.014631, 1.859849], [100.013381, 1.858851]]]}}, {"type": "Feature", "properties": {"division_code": 2, "block_code": 29, "block_label": "2-29", "planted_ha": 4.17, "palms": 561, "planted_year": 2013, "abw_kg": 22.5, "rotation_target_days": 10, "gang_code": "", "road_condition": "poor", "bunches_per_day": 21.3, "centroid_lon": 100.016276, "centroid_lat": 1.860223}, "geometry": {"type": "Polygon", "coordinates": [[[100.01761, 1.860408], [100.016158, 1.858949], [100.01501, 1.859846], [100.016128, 1.861433], [100.016437, 1.86143], [100.01761, 1.860408]]]}}, {"type": "Feature", "properties": {"division_code": 2, "block_code": 30, "block_label": "2-30", "planted_ha": 3.74, "palms": 498, "planted_year": 2014, "abw_kg": 22.4, "rotation_target_days": 10, "gang_code": "", "road_condition": "good", "bunches_per_day": 19.9, "centroid_lon": 100.018975, "centroid_lat": 1.859677}, "geometry": {"type": "Polygon", "coordinates": [[[100.02, 1.859699], [100.019468, 1.858467], [100.018541, 1.858709], [100.017948, 1.860417], [100.01841, 1.860728], [100.019187, 1.860709], [100.02, 1.859699]]]}}, {"type": "Feature", "properties": {"division_code": 2, "block_code": 31, "block_label": "2-31", "planted_ha": 3.88, "palms": 514, "planted_year": 2016, "abw_kg": 20.1, "rotation_target_days": 10, "gang_code": "", "road_condition": "fair", "bunches_per_day": 17.6, "centroid_lon": 100.02191, "centroid_lat": 1.859514}, "geometry": {"type": "Polygon", "coordinates": [[[100.023128, 1.859422], [100.022032, 1.858444], [100.021374, 1.858494], [100.0208, 1.859698], [100.021834, 1.860766], [100.022438, 1.860204], [100.02305, 1.859677], [100.023128, 1.859422]]]}}, {"type": "Feature", "properties": {"division_code": 2, "block_code": 32, "block_label": "2-32", "planted_ha": 3.38, "palms": 453, "planted_year": 2016, "abw_kg": 20.4, "rotation_target_days": 10, "gang_code": "", "road_condition": "fair", "bunches_per_day": 15.2, "centroid_lon": 100.02419, "centroid_lat": 1.859998}, "geometry": {"type": "Polygon", "coordinates": [[[100.025067, 1.859713], [100.024377, 1.859014], [100.023964, 1.85901], [100.023164, 1.859429], [100.023085, 1.859684], [100.024206, 1.861111], [100.024846, 1.861095], [100.025067, 1.859713]]]}}, {"type": "Feature", "properties": {"division_code": 2, "block_code": 33, "block_label": "2-33", "planted_ha": 3.32, "palms": 437, "planted_year": 2017, "abw_kg": 19.6, "rotation_target_days": 10, "gang_code": "", "road_condition": "fair", "bunches_per_day": 15.3, "centroid_lon": 100.02713, "centroid_lat": 1.859352}, "geometry": {"type": "Polygon", "coordinates": [[[100.028146, 1.859478], [100.027354, 1.858189], [100.026619, 1.8583], [100.026354, 1.859945], [100.026895, 1.860659], [100.028146, 1.859478]]]}}, {"type": "Feature", "properties": {"division_code": 2, "block_code": 34, "block_label": "2-34", "planted_ha": 4.16, "palms": 556, "planted_year": 2016, "abw_kg": 21.0, "rotation_target_days": 10, "gang_code": "", "road_condition": "good", "bunches_per_day": 20.9, "centroid_lon": 100.028225, "centroid_lat": 1.86066}, "geometry": {"type": "Polygon", "coordinates": [[[100.0289, 1.859575], [100.028175, 1.8595], [100.026911, 1.860694], [100.026914, 1.860874], [100.02782, 1.861434], [100.028561, 1.861862], [100.029217, 1.861306], [100.0289, 1.859575]]]}}, {"type": "Feature", "properties": {"division_code": 2, "block_code": 35, "block_label": "2-35", "planted_ha": 4.35, "palms": 593, "planted_year": 2016, "abw_kg": 20.3, "rotation_target_days": 10, "gang_code": "", "road_condition": "fair", "bunches_per_day": 20.3, "centroid_lon": 100.029917, "centroid_lat": 1.860135}, "geometry": {"type": "Polygon", "coordinates": [[[100.031181, 1.859762], [100.029739, 1.858865], [100.028935, 1.859565], [100.029049, 1.860208], [100.029252, 1.861296], [100.030181, 1.861338], [100.031181, 1.859762]]]}}, {"type": "Feature", "properties": {"division_code": 2, "block_code": 36, "block_label": "2-36", "planted_ha": 3.7, "palms": 493, "planted_year": 2015, "abw_kg": 22.3, "rotation_target_days": 10, "gang_code": "", "road_condition": "fair", "bunches_per_day": 17.2, "centroid_lon": 100.032517, "centroid_lat": 1.859676}, "geometry": {"type": "Polygon", "coordinates": [[[100.033718, 1.859285], [100.03264, 1.858681], [100.032212, 1.858713], [100.031277, 1.859752], [100.03234, 1.860728], [100.032895, 1.860686], [100.033718, 1.859285]]]}}, {"type": "Feature", "properties": {"division_code": 2, "block_code": 37, "block_label": "2-37", "planted_ha": 3.04, "palms": 399, "planted_year": 2015, "abw_kg": 22.4, "rotation_target_days": 10, "gang_code": "", "road_condition": "poor", "bunches_per_day": 13.6, "centroid_lon": 100.033927, "centroid_lat": 1.860617}, "geometry": {"type": "Polygon", "coordinates": [[[100.032929, 1.860699], [100.03409, 1.861711], [100.034756, 1.861342], [100.03479, 1.860739], [100.033821, 1.859324], [100.03381, 1.859294], [100.033753, 1.859296], [100.032929, 1.860699]]]}}, {"type": "Feature", "properties": {"division_code": 2, "block_code": 38, "block_label": "2-38", "planted_ha": 3.31, "palms": 445, "planted_year": 2014, "abw_kg": 22.4, "rotation_target_days": 10, "gang_code": "", "road_condition": "good", "bunches_per_day": 17.0, "centroid_lon": 100.008507, "centroid_lat": 1.858124}, "geometry": {"type": "Polygon", "coordinates": [[[100.009436, 1.857675], [100.009175, 1.857149], [100.008247, 1.856787], [100.008186, 1.857252], [100.007744, 1.858817], [100.007731, 1.858837], [100.007723, 1.858868], [100.007645, 1.858992], [100.007886, 1.859379], [100.008474, 1.859401], [100.009436, 1.857675]]]}}, {"type": "Feature", "properties": {"division_code": 2, "block_code": 39, "block_label": "2-39", "planted_ha": 3.74, "palms": 497, "planted_year": 2014, "abw_kg": 22.5, "rotation_target_days": 10, "gang_code": "", "road_condition": "fair", "bunches_per_day": 18.4, "centroid_lon": 100.009658, "centroid_lat": 1.858872}, "geometry": {"type": "Polygon", "coordinates": [[[100.010851, 1.858565], [100.010841, 1.858299], [100.009465, 1.857699], [100.008508, 1.859414], [100.009491, 1.860128], [100.010851, 1.858565]]]}}, {"type": "Feature", "properties": {"division_code": 2, "block_code": 40, "block_label": "2-40", "planted_ha": 4.74, "palms": 633, "planted_year": 2013, "abw_kg": 22.4, "rotation_target_days": 10, "gang_code": "", "road_condition": "good", "bunches_per_day": 23.6, "centroid_lon": 100.012101, "centroid_lat": 1.858678}, "geometry": {"type": "Polygon", "coordinates": [[[100.013361, 1.85882], [100.013322, 1.858402], [100.012068, 1.85748], [100.011701, 1.857507], [100.010876, 1.858294], [100.010887, 1.858565], [100.011951, 1.86003], [100.012255, 1.859975], [100.013361, 1.85882]]]}}, {"type": "Feature", "properties": {"division_code": 2, "block_code": 41, "block_label": "2-41", "planted_ha": 5.13, "palms": 692, "planted_year": 2012, "abw_kg": 21.5, "rotation_target_days": 10, "gang_code": "", "road_condition": "fair", "bunches_per_day": 27.6, "centroid_lon": 100.014712, "centroid_lat": 1.858615}, "geometry": {"type": "Polygon", "coordinates": [[[100.016142, 1.858916], [100.016145, 1.858852], [100.015578, 1.858149], [100.015041, 1.857439], [100.014482, 1.85736], [100.013358, 1.858399], [100.013397, 1.858817], [100.01466, 1.859825], [100.014979, 1.859824], [100.016142, 1.858916]]]}}, {"type": "Feature", "properties": {"division_code": 2, "block_code": 42, "block_label": "2-42", "planted_ha": 4.0, "palms": 526, "planted_year": 2013, "abw_kg": 22.0, "rotation_target_days": 10, "gang_code": "", "road_condition": "good", "bunches_per_day": 19.5, "centroid_lon": 100.01746, "centroid_lat": 1.859073}, "geometry": {"type": "Polygon", "coordinates": [[[100.017914, 1.860405], [100.018506, 1.8587], [100.017493, 1.857833], [100.016839, 1.858364], [100.016181, 1.858856], [100.016178, 1.858918], [100.017644, 1.860391], [100.017914, 1.860405]]]}}, {"type": "Feature", "properties": {"division_code": 2, "block_code": 43, "block_label": "2-43", "planted_ha": 3.16, "palms": 423, "planted_year": 2014, "abw_kg": 22.5, "rotation_target_days": 10, "gang_code": "", "road_condition": "fair", "bunches_per_day": 17.0, "centroid_lon": 100.020376, "centroid_lat": 1.858646}, "geometry": {"type": "Polygon", "coordinates": [[[100.020767, 1.859684], [100.02134, 1.858481], [100.020336, 1.857541], [100.019986, 1.857561], [100.019498, 1.858447], [100.020032, 1.859684], [100.020767, 1.859684]]]}}, {"type": "Feature", "properties": {"division_code": 2, "block_code": 44, "block_label": "2-44", "planted_ha": 3.28, "palms": 435, "planted_year": 2017, "abw_kg": 19.4, "rotation_target_days": 10, "gang_code": "", "road_condition": "fair", "bunches_per_day": 16.3, "centroid_lon": 100.022971, "centroid_lat": 1.858227}, "geometry": {"type": "Polygon", "coordinates": [[[100.023539, 1.857966], [100.02325, 1.857144], [100.022446, 1.857098], [100.022059, 1.85842], [100.023151, 1.859395], [100.023937, 1.858983], [100.023539, 1.857966]]]}}, {"type": "Feature", "properties": {"division_code": 2, "block_code": 45, "block_label": "2-45", "planted_ha": 3.8, "palms": 510, "planted_year": 2017, "abw_kg": 19.4, "rotation_target_days": 10, "gang_code": "", "road_condition": "good", "bunches_per_day": 17.5, "centroid_lon": 100.025623, "centroid_lat": 1.858865}, "geometry": {"type": "Polygon", "coordinates": [[[100.026584, 1.858293], [100.025565, 1.8577], [100.025474, 1.857702], [100.024409, 1.858995], [100.025095, 1.85969], [100.026321, 1.859928], [100.026584, 1.858293]]]}}, {"type": "Feature", "properties": {"division_code": 2, "block_code": 46, "block_label": "2-46", "planted_ha": 4.53, "palms": 612, "planted_year": 2017, "abw_kg": 19.7, "rotation_target_days": 10, "gang_code": "", "road_condition": "good", "bunches_per_day": 23.5, "centroid_lon": 100.028599, "centroid_lat": 1.858385}, "geometry": {"type": "Polygon", "coordinates": [[[100.029719, 1.858834], [100.029717, 1.858115], [100.028512, 1.857175], [100.028169, 1.857164], [100.027384, 1.858171], [100.02818, 1.859464], [100.02891, 1.859539], [100.029719, 1.858834]]]}}, {"type": "Feature", "properties": {"division_code": 2, "block_code": 47, "block_label": "2-47", "planted_ha": 4.54, "palms": 602, "planted_year": 2017, "abw_kg": 19.8, "rotation_target_days": 10, "gang_code": "", "road_condition": "good", "bunches_per_day": 23.0, "centroid_lon": 100.030918, "centroid_lat": 1.85848}, "geometry": {"type": "Polygon", "coordinates": [[[100.03218, 1.858695], [100.031222, 1.857266], [100.030779, 1.857316], [100.029753, 1.858115], [100.029755, 1.858833], [100.031211, 1.859738], [100.031243, 1.859735], [100.03218, 1.858695]]]}}, {"type": "Feature", "properties": {"division_code": 2, "block_code": 48, "block_label": "2-48", "planted_ha": 1.01, "palms": 137, "planted_year": 2016, "abw_kg": 20.1, "rotation_target_days": 10, "gang_code": "", "road_condition": "good", "bunches_per_day": 4.5, "centroid_lon": 100.033203, "centroid_lat": 1.858482}, "geometry": {"type": "Polygon", "coordinates": [[[100.03311, 1.8575], [100.032667, 1.858655], [100.033747, 1.85926], [100.033798, 1.859258], [100.033563, 1.8586], [100.03311, 1.8575]]]}}, {"type": "Feature", "properties": {"division_code": 2, "block_code": 49, "block_label": "2-49", "planted_ha": 4.02, "palms": 542, "planted_year": 2014, "abw_kg": 21.5, "rotation_target_days": 10, "gang_code": "", "road_condition": "good", "bunches_per_day": 21.3, "centroid_lon": 100.010459, "centroid_lat": 1.857171}, "geometry": {"type": "Polygon", "coordinates": [[[100.010797, 1.856073], [100.01022, 1.856084], [100.00921, 1.857138], [100.00947, 1.857662], [100.010854, 1.858265], [100.011671, 1.857487], [100.010797, 1.856073]]]}}, {"type": "Feature", "properties": {"division_code": 2, "block_code": 50, "block_label": "2-50", "planted_ha": 4.26, "palms": 586, "planted_year": 2014, "abw_kg": 22.5, "rotation_target_days": 10, "gang_code": "", "road_condition": "good", "bunches_per_day": 19.1, "centroid_lon": 100.013286, "centroid_lat": 1.85709}, "geometry": {"type": "Polygon", "coordinates": [[[100.01372, 1.855982], [100.012995, 1.855808], [100.012096, 1.857456], [100.013337, 1.858369], [100.014454, 1.857337], [100.01372, 1.855982]]]}}, {"type": "Feature", "properties": {"division_code": 2, "block_code": 51, "block_label": "2-51", "planted_ha": 3.97, "palms": 546, "planted_year": 2013, "abw_kg": 21.7, "rotation_target_days": 10, "gang_code": "", "road_condition": "good", "bunches_per_day": 19.8, "centroid_lon": 100.016264, "centroid_lat": 1.857556}, "geometry": {"type": "Polygon", "coordinates": [[[100.017497, 1.857613], [100.016701, 1.856851], [100.016106, 1.85624], [100.015074, 1.857423], [100.016167, 1.858822], [100.016817, 1.858335], [100.017476, 1.8578], [100.017497, 1.857613]]]}}, {"type": "Feature", "properties": {"division_code": 2, "block_code": 52, "block_label": "2-52", "planted_ha": 4.21, "palms": 568, "planted_year": 2013, "abw_kg": 22.6, "rotation_target_days": 10, "gang_code": "", "road_condition": "good", "bunches_per_day": 18.9, "centroid_lon": 100.018763, "centroid_lat": 1.857581}, "geometry": {"type": "Polygon", "coordinates": [[[100.019954, 1.857545], [100.018834, 1.856217], [100.017533, 1.857614], [100.017512, 1.857802], [100.018532, 1.858674], [100.019466, 1.85843], [100.019954, 1.857545]]]}}, {"type": "Feature", "properties": {"division_code": 2, "block_code": 53, "block_label": "2-53", "planted_ha": 3.11, "palms": 421, "planted_year": 2015, "abw_kg": 22.2, "rotation_target_days": 10, "gang_code": "", "road_condition": "good", "bunches_per_day": 15.8, "centroid_lon": 100.021516, "centroid_lat": 1.857479}, "geometry": {"type": "Polygon", "coordinates": [[[100.022025, 1.858408], [100.022413, 1.857083], [100.02179, 1.856413], [100.021563, 1.856443], [100.020369, 1.857522], [100.021369, 1.858458], [100.022025, 1.858408]]]}}, {"type": "Feature", "properties": {"division_code": 2, "block_code": 54, "block_label": "2-54", "planted_ha": 3.93, "palms": 527, "planted_year": 2017, "abw_kg": 18.9, "rotation_target_days": 10, "gang_code": "", "road_condition": "fair", "bunches_per_day": 19.1, "centroid_lon": 100.024292, "centroid_lat": 1.857674}, "geometry": {"type": "Polygon", "coordinates": [[[100.025442, 1.857685], [100.02427, 1.856359], [100.024231, 1.856361], [100.023284, 1.857132], [100.023573, 1.857954], [100.023972, 1.858974], [100.024376, 1.858977], [100.025442, 1.857685]]]}}, {"type": "Feature", "properties": {"division_code": 2, "block_code": 55, "block_label": "2-55", "planted_ha": 4.29, "palms": 560, "planted_year": 2017, "abw_kg": 19.7, "rotation_target_days": 10, "gang_code": "", "road_condition": "poor", "bunches_per_day": 21.2, "centroid_lon": 100.026893, "centroid_lat": 1.857199}, "geometry": {"type": "Polygon", "coordinates": [[[100.028137, 1.857146], [100.027136, 1.855965], [100.026759, 1.855926], [100.026168, 1.856782], [100.025595, 1.857676], [100.026607, 1.858265], [100.027353, 1.858153], [100.028137, 1.857146]]]}}, {"type": "Feature", "properties": {"division_code": 2, "block_code": 56, "block_label": "2-56", "planted_ha": 3.64, "palms": 494, "planted_year": 2018, "abw_kg": 17.3, "rotation_target_days": 10, "gang_code": "", "road_condition": "fair", "bunches_per_day": 18.8, "centroid_lon": 100.029688, "centroid_lat": 1.856903}, "geometry": {"type": "Polygon", "coordinates": [[[100.030749, 1.857293], [100.029824, 1.855471], [100.029723, 1.855495], [100.028544, 1.857153], [100.029735, 1.858084], [100.030749, 1.857293]]]}}, {"type": "Feature", "properties": {"division_code": 2, "block_code": 57, "block_label": "2-57", "planted_ha": 3.54, "palms": 465, "planted_year": 2017, "abw_kg": 19.2, "rotation_target_days": 10, "gang_code": "", "road_condition": "fair", "bunches_per_day": 15.9, "centroid_lon": 100.032268, "centroid_lat": 1.857368}, "geometry": {"type": "Polygon", "coordinates": [[[100.032632, 1.858646], [100.033091, 1.857451], [100.03256, 1.856037], [100.0324, 1.855923], [100.031253, 1.857248], [100.032212, 1.858677], [100.032632, 1.858646]]]}}, {"type": "Feature", "properties": {"division_code": 2, "block_code": 58, "block_label": "2-58", "planted_ha": 3.3, "palms": 433, "planted_year": 2014, "abw_kg": 22.5, "rotation_target_days": 10, "gang_code": "", "road_condition": "good", "bunches_per_day": 16.8, "centroid_lon": 100.009193, "centroid_lat": 1.856001}, "geometry": {"type": "Polygon", "coordinates": [[[100.010189, 1.856063], [100.009352, 1.85454], [100.008331, 1.856134], [100.008252, 1.85675], [100.009183, 1.857113], [100.010189, 1.856063]]]}}, {"type": "Feature", "properties": {"division_code": 2, "block_code": 59, "block_label": "2-59", "planted_ha": 3.85, "palms": 531, "planted_year": 2013, "abw_kg": 22.3, "rotation_target_days": 10, "gang_code": "", "road_condition": "good", "bunches_per_day": 18.5, "centroid_lon": 100.01191, "centroid_lat": 1.856134}, "geometry": {"type": "Polygon", "coordinates": [[[100.012061, 1.857444], [100.012964, 1.85579], [100.012303, 1.85502], [100.011828, 1.85493], [100.010829, 1.856057], [100.011704, 1.857471], [100.012061, 1.857444]]]}}, {"type": "Feature", "properties": {"division_code": 2, "block_code": 60, "block_label": "2-60", "planted_ha": 4.53, "palms": 614, "planted_year": 2013, "abw_kg": 22.3, "rotation_target_days": 10, "gang_code": "", "road_condition": "good", "bunches_per_day": 24.3, "centroid_lon": 100.014961, "centroid_lat": 1.856126}, "geometry": {"type": "Polygon", "coordinates": [[[100.016088, 1.856206], [100.016152, 1.855804], [100.015098, 1.854856], [100.014904, 1.85485], [100.013754, 1.855969], [100.014488, 1.857324], [100.015044, 1.857403], [100.016088, 1.856206]]]}}, {"type": "Feature", "properties": {"division_code": 2, "block_code": 61, "block_label": "2-61", "planted_ha": 4.65, "palms": 629, "planted_year": 2012, "abw_kg": 22.6, "rotation_target_days": 10, "gang_code": "", "road_condition": "fair", "bunches_per_day": 24.8, "centroid_lon": 100.017459, "centroid_lat": 1.856228}, "geometry": {"type": "Polygon", "coordinates": [[[100.018807, 1.855927], [100.017463, 1.855083], [100.016188, 1.855808], [100.016124, 1.856207], [100.016726, 1.856825], [100.017515, 1.857581], [100.018816, 1.856183], [100.018807, 1.855927]]]}}, {"type": "Feature", "properties": {"division_code": 2, "block_code": 62, "block_label": "2-62", "planted_ha": 4.35, "palms": 593, "planted_year": 2013, "abw_kg": 21.8, "rotation_target_days": 10, "gang_code": "", "road_condition": "good", "bunches_per_day": 21.0, "centroid_lon": 100.020091, "centroid_lat": 1.856338}, "geometry": {"type": "Polygon", "coordinates": [[[100.019854, 1.855102], [100.018843, 1.855925], [100.018852, 1.856183], [100.019983, 1.857524], [100.020335, 1.857504], [100.021528, 1.856426], [100.019854, 1.855102]]]}}, {"type": "Feature", "properties": {"division_code": 2, "block_code": 63, "block_label": "2-63", "planted_ha": 3.76, "palms": 495, "planted_year": 2015, "abw_kg": 21.4, "rotation_target_days": 10, "gang_code": "", "road_condition": "fair", "bunches_per_day": 18.6, "centroid_lon": 100.022912, "centroid_lat": 1.856153}, "geometry": {"type": "Polygon", "coordinates": [[[100.024198, 1.856342], [100.022833, 1.854952], [100.022497, 1.854994], [100.021818, 1.85639], [100.022441, 1.857061], [100.023257, 1.857108], [100.024198, 1.856342]]]}}, {"type": "Feature", "properties": {"division_code": 2, "block_code": 64, "block_label": "2-64", "planted_ha": 4.16, "palms": 575, "planted_year": 2017, "abw_kg": 19.3, "rotation_target_days": 10, "gang_code": "", "road_condition": "fair", "bunches_per_day": 20.8, "centroid_lon": 100.0255, "centroid_lat": 1.856256}, "geometry": {"type": "Polygon", "coordinates": [[[100.02556, 1.857664], [100.026138, 1.856762], [100.026726, 1.85591], [100.025712, 1.855115], [100.025295, 1.855074], [100.024301, 1.85634], [100.025473, 1.857666], [100.02556, 1.857664]]]}}, {"type": "Feature", "properties": {"division_code": 2, "block_code": 65, "block_label": "2-65", "planted_ha": 4.13, "palms": 567, "planted_year": 2018, "abw_kg": 18.4, "rotation_target_days": 10, "gang_code": "", "road_condition": "fair", "bunches_per_day": 18.5, "centroid_lon": 100.028379, "centroid_lat": 1.855895}, "geometry": {"type": "Polygon", "coordinates": [[[100.029686, 1.855486], [100.028304, 1.854757], [100.028066, 1.854804], [100.027168, 1.855947], [100.028169, 1.857128], [100.02851, 1.857139], [100.029686, 1.855486]]]}}, {"type": "Feature", "properties": {"division_code": 2, "block_code": 66, "block_label": "2-66", "planted_ha": 4.85, "palms": 644, "planted_year": 2018, "abw_kg": 17.5, "rotation_target_days": 10, "gang_code": "", "road_condition": "poor", "bunches_per_day": 23.5, "centroid_lon": 100.031082, "centroid_lat": 1.85588}, "geometry": {"type": "Polygon", "coordinates": [[[100.032342, 1.855708], [100.031153, 1.854631], [100.030754, 1.854634], [100.029855, 1.855454], [100.030782, 1.857279], [100.031222, 1.85723], [100.032378, 1.855894], [100.032342, 1.855708]]]}}, {"type": "Feature", "properties": {"division_code": 2, "block_code": 67, "block_label": "2-67", "planted_ha": 4.74, "palms": 627, "planted_year": 2013, "abw_kg": 21.4, "rotation_target_days": 10, "gang_code": "", "road_condition": "good", "bunches_per_day": 23.9, "centroid_lon": 100.021223, "centroid_lat": 1.855054}, "geometry": {"type": "Polygon", "coordinates": [[[100.022464, 1.854981], [100.021242, 1.853737], [100.020097, 1.854506], [100.019875, 1.855073], [100.021561, 1.856407], [100.021785, 1.856377], [100.022464, 1.854981]]]}}, {"type": "Feature", "properties": {"division_code": 2, "block_code": 68, "block_label": "2-68", "planted_ha": 4.02, "palms": 539, "planted_year": 2016, "abw_kg": 20.7, "rotation_target_days": 10, "gang_code": "", "road_condition": "good", "bunches_per_day": 20.3, "centroid_lon": 100.024127, "centroid_lat": 1.854986}, "geometry": {"type": "Polygon", "coordinates": [[[100.025264, 1.855054], [100.02437, 1.853761], [100.024127, 1.853753], [100.02349, 1.854326], [100.022865, 1.854933], [100.024232, 1.856325], [100.024269, 1.856323], [100.025264, 1.855054]]]}}, {"type": "Feature", "properties": {"division_code": 3, "block_code": 1, "block_label": "3-1", "planted_ha": 4.09, "palms": 550, "planted_year": 2013, "abw_kg": 21.6, "rotation_target_days": 10, "gang_code": "", "road_condition": "poor", "bunches_per_day": 20.5, "centroid_lon": 100.010568, "centroid_lat": 1.854886}, "geometry": {"type": "Polygon", "coordinates": [[[100.011798, 1.85491], [100.010702, 1.853692], [100.010514, 1.853699], [100.009385, 1.854524], [100.010222, 1.856047], [100.010799, 1.856037], [100.011798, 1.85491]]]}}, {"type": "Feature", "properties": {"division_code": 3, "block_code": 2, "block_label": "3-2", "planted_ha": 4.17, "palms": 545, "planted_year": 2013, "abw_kg": 22.1, "rotation_target_days": 10, "gang_code": "", "road_condition": "fair", "bunches_per_day": 20.5, "centroid_lon": 100.013594, "centroid_lat": 1.854844}, "geometry": {"type": "Polygon", "coordinates": [[[100.014873, 1.85483], [100.014012, 1.853723], [100.013154, 1.853939], [100.012336, 1.855003], [100.012996, 1.855771], [100.013726, 1.855946], [100.014873, 1.85483]]]}}, {"type": "Feature", "properties": {"division_code": 3, "block_code": 3, "block_label": "3-3", "planted_ha": 3.71, "palms": 504, "planted_year": 2013, "abw_kg": 22.2, "rotation_target_days": 10, "gang_code": "", "road_condition": "fair", "bunches_per_day": 20.0, "centroid_lon": 100.016316, "centroid_lat": 1.85468}, "geometry": {"type": "Polygon", "coordinates": [[[100.017445, 1.855051], [100.017442, 1.854672], [100.016448, 1.85359], [100.01601, 1.853592], [100.015129, 1.854835], [100.016173, 1.855775], [100.017445, 1.855051]]]}}, {"type": "Feature", "properties": {"division_code": 3, "block_code": 4, "block_label": "3-4", "planted_ha": 4.68, "palms": 624, "planted_year": 2013, "abw_kg": 22.1, "rotation_target_days": 10, "gang_code": "", "road_condition": "good", "bunches_per_day": 23.7, "centroid_lon": 100.018738, "centroid_lat": 1.854678}, "geometry": {"type": "Polygon", "coordinates": [[[100.019839, 1.855068], [100.020061, 1.854499], [100.019124, 1.853648], [100.018232, 1.853624], [100.017478, 1.85467], [100.017481, 1.855052], [100.018823, 1.855895], [100.019839, 1.855068]]]}}, {"type": "Feature", "properties": {"division_code": 3, "block_code": 5, "block_label": "3-5", "planted_ha": 3.67, "palms": 502, "planted_year": 2017, "abw_kg": 19.4, "rotation_target_days": 10, "gang_code": "", "road_condition": "fair", "bunches_per_day": 17.6, "centroid_lon": 100.0269, "centroid_lat": 1.854823}, "geometry": {"type": "Polygon", "coordinates": [[[100.028032, 1.854789], [100.027368, 1.854049], [100.026873, 1.853459], [100.025743, 1.855094], [100.026758, 1.855889], [100.027137, 1.855929], [100.028032, 1.854789]]]}}, {"type": "Feature", "properties": {"division_code": 3, "block_code": 6, "block_label": "3-6", "planted_ha": 4.24, "palms": 588, "planted_year": 2018, "abw_kg": 18.4, "rotation_target_days": 10, "gang_code": "", "road_condition": "good", "bunches_per_day": 21.9, "centroid_lon": 100.029542, "centroid_lat": 1.854278}, "geometry": {"type": "Polygon", "coordinates": [[[100.030724, 1.854612], [100.029776, 1.852983], [100.029209, 1.853037], [100.028331, 1.854731], [100.029715, 1.85546], [100.029824, 1.855434], [100.030724, 1.854612]]]}}, {"type": "Feature", "properties": {"division_code": 3, "block_code": 7, "block_label": "3-7", "planted_ha": 0.84, "palms": 115, "planted_year": 2017, "abw_kg": 18.6, "rotation_target_days": 10, "gang_code": "", "road_condition": "fair", "bunches_per_day": 3.9, "centroid_lon": 100.031768, "centroid_lat": 1.854791}, "geometry": {"type": "Polygon", "coordinates": [[[100.03211, 1.854908], [100.031799, 1.854346], [100.031597, 1.854005], [100.031183, 1.85461], [100.032356, 1.855673], [100.032393, 1.855628], [100.03211, 1.854908]]]}}, {"type": "Feature", "properties": {"division_code": 3, "block_code": 8, "block_label": "3-8", "planted_ha": 4.3, "palms": 592, "planted_year": 2013, "abw_kg": 21.6, "rotation_target_days": 10, "gang_code": "", "road_condition": "good", "bunches_per_day": 22.4, "centroid_lon": 100.011962, "centroid_lat": 1.853731}, "geometry": {"type": "Polygon", "coordinates": [[[100.013121, 1.853922], [100.012205, 1.852488], [100.011542, 1.85263], [100.010734, 1.853673], [100.011831, 1.854894], [100.012306, 1.854984], [100.013121, 1.853922]]]}}, {"type": "Feature", "properties": {"division_code": 3, "block_code": 9, "block_label": "3-9", "planted_ha": 3.98, "palms": 538, "planted_year": 2013, "abw_kg": 21.7, "rotation_target_days": 10, "gang_code": "", "road_condition": "fair", "bunches_per_day": 19.2, "centroid_lon": 100.013396, "centroid_lat": 1.852695}, "geometry": {"type": "Polygon", "coordinates": [[[100.014005, 1.853688], [100.014428, 1.852384], [100.013423, 1.851402], [100.012237, 1.852471], [100.013151, 1.853902], [100.014005, 1.853688]]]}}, {"type": "Feature", "properties": {"division_code": 3, "block_code": 10, "block_label": "3-10", "planted_ha": 3.54, "palms": 482, "planted_year": 2013, "abw_kg": 22.4, "rotation_target_days": 10, "gang_code": "", "road_condition": "fair", "bunches_per_day": 16.5, "centroid_lon": 100.014954, "centroid_lat": 1.853533}, "geometry": {"type": "Polygon", "coordinates": [[[100.015125, 1.852405], [100.014462, 1.852397], [100.014039, 1.853699], [100.014906, 1.854814], [100.015096, 1.85482], [100.015979, 1.853573], [100.015125, 1.852405]]]}}, {"type": "Feature", "properties": {"division_code": 3, "block_code": 11, "block_label": "3-11", "planted_ha": 2.82, "palms": 371, "planted_year": 2013, "abw_kg": 22.1, "rotation_target_days": 10, "gang_code": "", "road_condition": "good", "bunches_per_day": 12.9, "centroid_lon": 100.017421, "centroid_lat": 1.853401}, "geometry": {"type": "Polygon", "coordinates": [[[100.017701, 1.852087], [100.017579, 1.852085], [100.016479, 1.85357], [100.017458, 1.854636], [100.018203, 1.853603], [100.017701, 1.852087]]]}}, {"type": "Feature", "properties": {"division_code": 3, "block_code": 12, "block_label": "3-12", "planted_ha": 4.39, "palms": 599, "planted_year": 2012, "abw_kg": 22.5, "rotation_target_days": 10, "gang_code": "", "road_condition": "good", "bunches_per_day": 20.8, "centroid_lon": 100.020178, "centroid_lat": 1.85314}, "geometry": {"type": "Polygon", "coordinates": [[[100.021289, 1.853451], [100.020379, 1.851772], [100.019697, 1.851838], [100.019152, 1.853624], [100.020084, 1.854471], [100.021228, 1.853703], [100.021289, 1.853451]]]}}, {"type": "Feature", "properties": {"division_code": 3, "block_code": 13, "block_label": "3-13", "planted_ha": 4.64, "palms": 611, "planted_year": 2014, "abw_kg": 22.2, "rotation_target_days": 10, "gang_code": "", "road_condition": "good", "bunches_per_day": 22.1, "centroid_lon": 100.022648, "centroid_lat": 1.853746}, "geometry": {"type": "Polygon", "coordinates": [[[100.023465, 1.854299], [100.024094, 1.853734], [100.02281, 1.852529], [100.022069, 1.85297], [100.021323, 1.853459], [100.021264, 1.853708], [100.022492, 1.854959], [100.022832, 1.854915], [100.023465, 1.854299]]]}}, {"type": "Feature", "properties": {"division_code": 3, "block_code": 14, "block_label": "3-14", "planted_ha": 4.37, "palms": 573, "planted_year": 2015, "abw_kg": 21.9, "rotation_target_days": 10, "gang_code": "", "road_condition": "good", "bunches_per_day": 22.9, "centroid_lon": 100.025605, "centroid_lat": 1.853764}, "geometry": {"type": "Polygon", "coordinates": [[[100.026853, 1.853424], [100.026846, 1.85327], [100.025434, 1.852509], [100.024402, 1.853744], [100.025297, 1.855038], [100.02571, 1.855079], [100.026853, 1.853424]]]}}, {"type": "Feature", "properties": {"division_code": 3, "block_code": 15, "block_label": "3-15", "planted_ha": 3.83, "palms": 510, "planted_year": 2016, "abw_kg": 20.9, "rotation_target_days": 10, "gang_code": "", "road_condition": "fair", "bunches_per_day": 18.2, "centroid_lon": 100.028033, "centroid_lat": 1.853466}, "geometry": {"type": "Polygon", "coordinates": [[[100.028295, 1.852467], [100.027798, 1.85243], [100.026882, 1.853267], [100.026889, 1.853422], [100.027395, 1.854026], [100.028062, 1.854768], [100.028294, 1.854722], [100.029174, 1.853027], [100.028295, 1.852467]]]}}, {"type": "Feature", "properties": {"division_code": 3, "block_code": 16, "block_label": "3-16", "planted_ha": 3.34, "palms": 455, "planted_year": 2017, "abw_kg": 19.8, "rotation_target_days": 10, "gang_code": "", "road_condition": "good", "bunches_per_day": 17.2, "centroid_lon": 100.030761, "centroid_lat": 1.853297}, "geometry": {"type": "Polygon", "coordinates": [[[100.031285, 1.853441], [100.031398, 1.85254], [100.030719, 1.852018], [100.030571, 1.852047], [100.029808, 1.852966], [100.030757, 1.854598], [100.03115, 1.854595], [100.031577, 1.853971], [100.031303, 1.85351], [100.031307, 1.853479], [100.031285, 1.853441]]]}}, {"type": "Feature", "properties": {"division_code": 3, "block_code": 17, "block_label": "3-17", "planted_ha": 3.46, "palms": 475, "planted_year": 2012, "abw_kg": 21.8, "rotation_target_days": 10, "gang_code": "", "road_condition": "good", "bunches_per_day": 16.0, "centroid_lon": 100.010573, "centroid_lat": 1.852402}, "geometry": {"type": "Polygon", "coordinates": [[[100.011511, 1.852611], [100.010749, 1.85099], [100.010571, 1.851098], [100.009571, 1.8524], [100.009617, 1.852542], [100.010516, 1.853663], [100.010701, 1.853656], [100.011511, 1.852611]]]}}, {"type": "Feature", "properties": {"division_code": 3, "block_code": 18, "block_label": "3-18", "planted_ha": 4.51, "palms": 590, "planted_year": 2012, "abw_kg": 22.2, "rotation_target_days": 10, "gang_code": "", "road_condition": "good", "bunches_per_day": 20.5, "centroid_lon": 100.01203, "centroid_lat": 1.851368}, "geometry": {"type": "Polygon", "coordinates": [[[100.013405, 1.851369], [100.013398, 1.851274], [100.012108, 1.850142], [100.012064, 1.850143], [100.011963, 1.850241], [100.010963, 1.850846], [100.010781, 1.850975], [100.011542, 1.852593], [100.012205, 1.852451], [100.013405, 1.851369]]]}}, {"type": "Feature", "properties": {"division_code": 3, "block_code": 19, "block_label": "3-19", "planted_ha": 5.32, "palms": 709, "planted_year": 2012, "abw_kg": 22.0, "rotation_target_days": 10, "gang_code": "", "road_condition": "good", "bunches_per_day": 24.3, "centroid_lon": 100.014892, "centroid_lat": 1.851235}, "geometry": {"type": "Polygon", "coordinates": [[[100.016376, 1.851354], [100.016256, 1.850889], [100.014633, 1.849912], [100.013434, 1.851271], [100.013441, 1.851369], [100.014456, 1.852361], [100.015128, 1.852369], [100.016376, 1.851354]]]}}, {"type": "Feature", "properties": {"division_code": 3, "block_code": 20, "block_label": "3-20", "planted_ha": 3.51, "palms": 486, "planted_year": 2013, "abw_kg": 21.5, "rotation_target_days": 10, "gang_code": "", "road_condition": "fair", "bunches_per_day": 16.4, "centroid_lon": 100.016332, "centroid_lat": 1.852461}, "geometry": {"type": "Polygon", "coordinates": [[[100.017544, 1.852072], [100.016398, 1.851382], [100.015159, 1.85239], [100.01601, 1.853555], [100.016447, 1.853553], [100.017544, 1.852072]]]}}, {"type": "Feature", "properties": {"division_code": 3, "block_code": 21, "block_label": "3-21", "planted_ha": 3.46, "palms": 465, "planted_year": 2012, "abw_kg": 22.5, "rotation_target_days": 10, "gang_code": "", "road_condition": "good", "bunches_per_day": 15.7, "centroid_lon": 100.018702, "centroid_lat": 1.852514}, "geometry": {"type": "Polygon", "coordinates": [[[100.019662, 1.851832], [100.018703, 1.851429], [100.017735, 1.852077], [100.018236, 1.853588], [100.019118, 1.853612], [100.019662, 1.851832]]]}}, {"type": "Feature", "properties": {"division_code": 3, "block_code": 22, "block_label": "3-22", "planted_ha": 4.85, "palms": 643, "planted_year": 2013, "abw_kg": 22.5, "rotation_target_days": 10, "gang_code": "", "road_condition": "good", "bunches_per_day": 23.1, "centroid_lon": 100.021639, "centroid_lat": 1.852016}, "geometry": {"type": "Polygon", "coordinates": [[[100.02293, 1.851796], [100.021291, 1.850641], [100.020411, 1.851755], [100.021314, 1.853422], [100.02205, 1.852939], [100.022796, 1.852496], [100.02293, 1.851796]]]}}, {"type": "Feature", "properties": {"division_code": 3, "block_code": 23, "block_label": "3-23", "planted_ha": 4.73, "palms": 641, "planted_year": 2014, "abw_kg": 22.4, "rotation_target_days": 10, "gang_code": "", "road_condition": "good", "bunches_per_day": 22.3, "centroid_lon": 100.024062, "centroid_lat": 1.852424}, "geometry": {"type": "Polygon", "coordinates": [[[100.025408, 1.852484], [100.024255, 1.851278], [100.023865, 1.851236], [100.022966, 1.851799], [100.022832, 1.852501], [100.024128, 1.853717], [100.024371, 1.853725], [100.025408, 1.852484]]]}}, {"type": "Feature", "properties": {"division_code": 3, "block_code": 24, "block_label": "3-24", "planted_ha": 4.35, "palms": 600, "planted_year": 2015, "abw_kg": 22.5, "rotation_target_days": 10, "gang_code": "", "road_condition": "good", "bunches_per_day": 22.3, "centroid_lon": 100.026746, "centroid_lat": 1.851977}, "geometry": {"type": "Polygon", "coordinates": [[[100.026861, 1.853237], [100.027772, 1.852406], [100.027271, 1.850617], [100.026736, 1.850602], [100.025452, 1.852478], [100.026861, 1.853237]]]}}, {"type": "Feature", "properties": {"division_code": 3, "block_code": 25, "block_label": "3-25", "planted_ha": 3.44, "palms": 452, "planted_year": 2015, "abw_kg": 22.4, "rotation_target_days": 10, "gang_code": "", "road_condition": "good", "bunches_per_day": 16.7, "centroid_lon": 100.029445, "centroid_lat": 1.852015}, "geometry": {"type": "Polygon", "coordinates": [[[100.029434, 1.850651], [100.028325, 1.852443], [100.029202, 1.853001], [100.029777, 1.852947], [100.030537, 1.85203], [100.029434, 1.850651]]]}}, {"type": "Feature", "properties": {"division_code": 3, "block_code": 26, "block_label": "3-26", "planted_ha": 3.84, "palms": 501, "planted_year": 2012, "abw_kg": 21.7, "rotation_target_days": 10, "gang_code": "", "road_condition": "good", "bunches_per_day": 18.8, "centroid_lon": 100.013421, "centroid_lat": 1.849994}, "geometry": {"type": "Polygon", "coordinates": [[[100.014611, 1.849882], [100.0146, 1.849773], [100.013596, 1.848768], [100.01226, 1.849955], [100.01219, 1.850022], [100.012137, 1.85012], [100.013414, 1.85124], [100.014611, 1.849882]]]}}, {"type": "Feature", "properties": {"division_code": 3, "block_code": 27, "block_label": "3-27", "planted_ha": 5.04, "palms": 677, "planted_year": 2012, "abw_kg": 21.5, "rotation_target_days": 10, "gang_code": "", "road_condition": "good", "bunches_per_day": 23.7, "centroid_lon": 100.017545, "centroid_lat": 1.850816}, "geometry": {"type": "Polygon", "coordinates": [[[100.018684, 1.851399], [100.018725, 1.850665], [100.017692, 1.849488], [100.017157, 1.849559], [100.016291, 1.85088], [100.016412, 1.851348], [100.017575, 1.852048], [100.017708, 1.852051], [100.018684, 1.851399]]]}}, {"type": "Feature", "properties": {"division_code": 3, "block_code": 28, "block_label": "3-28", "planted_ha": 4.97, "palms": 661, "planted_year": 2013, "abw_kg": 22.1, "rotation_target_days": 10, "gang_code": "", "road_condition": "good", "bunches_per_day": 24.4, "centroid_lon": 100.019968, "centroid_lat": 1.850679}, "geometry": {"type": "Polygon", "coordinates": [[[100.02127, 1.85061], [100.021274, 1.850523], [100.020315, 1.84931], [100.020102, 1.84928], [100.018761, 1.850666], [100.01872, 1.851397], [100.019686, 1.851803], [100.02038, 1.851736], [100.02127, 1.85061]]]}}, {"type": "Feature", "properties": {"division_code": 3, "block_code": 29, "block_label": "3-29", "planted_ha": 3.8, "palms": 508, "planted_year": 2013, "abw_kg": 21.5, "rotation_target_days": 10, "gang_code": "", "road_condition": "good", "bunches_per_day": 17.4, "centroid_lon": 100.02268, "centroid_lat": 1.85066}, "geometry": {"type": "Polygon", "coordinates": [[[100.023163, 1.849672], [100.022379, 1.849713], [100.02131, 1.850527], [100.021306, 1.850608], [100.02295, 1.851766], [100.023838, 1.85121], [100.023163, 1.849672]]]}}, {"type": "Feature", "properties": {"division_code": 3, "block_code": 30, "block_label": "3-30", "planted_ha": 3.9, "palms": 538, "planted_year": 2012, "abw_kg": 21.7, "rotation_target_days": 10, "gang_code": "", "road_condition": "poor", "bunches_per_day": 19.9, "centroid_lon": 100.024208, "centroid_lat": 1.849935}, "geometry": {"type": "Polygon", "coordinates": [[[100.025414, 1.849763], [100.023978, 1.848621], [100.023196, 1.849656], [100.023873, 1.8512], [100.024255, 1.851241], [100.025414, 1.849763]]]}}, {"type": "Feature", "properties": {"division_code": 3, "block_code": 31, "block_label": "3-31", "planted_ha": 4.08, "palms": 542, "planted_year": 2013, "abw_kg": 22.0, "rotation_target_days": 10, "gang_code": "", "road_condition": "fair", "bunches_per_day": 20.0, "centroid_lon": 100.025488, "centroid_lat": 1.851017}, "geometry": {"type": "Polygon", "coordinates": [[[100.025673, 1.849773], [100.025448, 1.849778], [100.024287, 1.851259], [100.025427, 1.852452], [100.026702, 1.850588], [100.025673, 1.849773]]]}}, {"type": "Feature", "properties": {"division_code": 3, "block_code": 32, "block_label": "3-32", "planted_ha": 4.1, "palms": 549, "planted_year": 2015, "abw_kg": 21.6, "rotation_target_days": 10, "gang_code": "", "road_condition": "good", "bunches_per_day": 20.8, "centroid_lon": 100.028294, "centroid_lat": 1.851028}, "geometry": {"type": "Polygon", "coordinates": [[[100.029414, 1.850616], [100.029377, 1.850427], [100.028382, 1.849754], [100.027305, 1.850606], [100.027806, 1.852395], [100.028291, 1.85243], [100.029414, 1.850616]]]}}, {"type": "Feature", "properties": {"division_code": 3, "block_code": 33, "block_label": "3-33", "planted_ha": 3.69, "palms": 496, "planted_year": 2015, "abw_kg": 22.0, "rotation_target_days": 10, "gang_code": "", "road_condition": "good", "bunches_per_day": 19.8, "centroid_lon": 100.030609, "centroid_lat": 1.850783}, "geometry": {"type": "Polygon", "coordinates": [[[100.031544, 1.851162], [100.031593, 1.850679], [100.03128, 1.850089], [100.030916, 1.849717], [100.030734, 1.849718], [100.029413, 1.850426], [100.02945, 1.850612], [100.030568, 1.85201], [100.030715, 1.851982], [100.031544, 1.851162]]]}}, {"type": "Feature", "properties": {"division_code": 3, "block_code": 34, "block_label": "3-34", "planted_ha": 3.2, "palms": 429, "planted_year": 2010, "abw_kg": 21.6, "rotation_target_days": 10, "gang_code": "", "road_condition": "good", "bunches_per_day": 16.1, "centroid_lon": 100.014681, "centroid_lat": 1.848515}, "geometry": {"type": "Polygon", "coordinates": [[[100.015163, 1.849084], [100.015706, 1.848391], [100.014894, 1.847336], [100.01476, 1.847314], [100.014676, 1.847373], [100.013619, 1.84874], [100.014616, 1.849738], [100.015163, 1.849084]]]}}, {"type": "Feature", "properties": {"division_code": 3, "block_code": 35, "block_label": "3-35", "planted_ha": 4.19, "palms": 581, "planted_year": 2012, "abw_kg": 21.7, "rotation_target_days": 10, "gang_code": "", "road_condition": "poor", "bunches_per_day": 21.3, "centroid_lon": 100.015934, "centroid_lat": 1.849598}, "geometry": {"type": "Polygon", "coordinates": [[[100.017124, 1.849544], [100.016149, 1.848404], [100.015737, 1.848409], [100.015191, 1.849107], [100.014636, 1.849771], [100.014646, 1.849878], [100.016266, 1.850853], [100.017124, 1.849544]]]}}, {"type": "Feature", "properties": {"division_code": 3, "block_code": 36, "block_label": "3-36", "planted_ha": 3.75, "palms": 506, "planted_year": 2013, "abw_kg": 22.1, "rotation_target_days": 10, "gang_code": "", "road_condition": "fair", "bunches_per_day": 17.8, "centroid_lon": 100.018854, "centroid_lat": 1.849341}, "geometry": {"type": "Polygon", "coordinates": [[[100.02007, 1.849261], [100.018941, 1.848165], [100.018685, 1.848159], [100.017722, 1.849468], [100.018744, 1.850632], [100.02007, 1.849261]]]}}, {"type": "Feature", "properties": {"division_code": 3, "block_code": 37, "block_label": "3-37", "planted_ha": 3.45, "palms": 453, "planted_year": 2013, "abw_kg": 21.9, "rotation_target_days": 10, "gang_code": "", "road_condition": "good", "bunches_per_day": 16.9, "centroid_lon": 100.021409, "centroid_lat": 1.849247}, "geometry": {"type": "Polygon", "coordinates": [[[100.022351, 1.849689], [100.021722, 1.847909], [100.021517, 1.847921], [100.020348, 1.849294], [100.021296, 1.850492], [100.022351, 1.849689]]]}}, {"type": "Feature", "properties": {"division_code": 3, "block_code": 38, "block_label": "3-38", "planted_ha": 3.72, "palms": 487, "planted_year": 2012, "abw_kg": 22.2, "rotation_target_days": 10, "gang_code": "", "road_condition": "fair", "bunches_per_day": 17.5, "centroid_lon": 100.022786, "centroid_lat": 1.848571}, "geometry": {"type": "Polygon", "coordinates": [[[100.023953, 1.848568], [100.022624, 1.847373], [100.021756, 1.847898], [100.022384, 1.849676], [100.023166, 1.849636], [100.023956, 1.84859], [100.023953, 1.848568]]]}}, {"type": "Feature", "properties": {"division_code": 3, "block_code": 39, "block_label": "3-39", "planted_ha": 3.98, "palms": 528, "planted_year": 2013, "abw_kg": 22.5, "rotation_target_days": 10, "gang_code": "", "road_condition": "fair", "bunches_per_day": 20.0, "centroid_lon": 100.025253, "centroid_lat": 1.8485}, "geometry": {"type": "Polygon", "coordinates": [[[100.026344, 1.84839], [100.025283, 1.847151], [100.024424, 1.848071], [100.023989, 1.848565], [100.023991, 1.848585], [100.025445, 1.849742], [100.025668, 1.849737], [100.026344, 1.84839]]]}}, {"type": "Feature", "properties": {"division_code": 3, "block_code": 40, "block_label": "3-40", "planted_ha": 4.74, "palms": 630, "planted_year": 2013, "abw_kg": 22.2, "rotation_target_days": 10, "gang_code": "", "road_condition": "good", "bunches_per_day": 22.2, "centroid_lon": 100.027017, "centroid_lat": 1.849493}, "geometry": {"type": "Polygon", "coordinates": [[[100.028364, 1.849723], [100.028359, 1.849367], [100.027161, 1.848399], [100.026376, 1.848406], [100.025702, 1.84975], [100.026733, 1.850566], [100.027278, 1.850581], [100.028364, 1.849723]]]}}, {"type": "Feature", "properties": {"division_code": 3, "block_code": 41, "block_label": "3-41", "planted_ha": 4.12, "palms": 540, "planted_year": 2013, "abw_kg": 22.4, "rotation_target_days": 10, "gang_code": "", "road_condition": "good", "bunches_per_day": 21.7, "centroid_lon": 100.029507, "centroid_lat": 1.849243}, "geometry": {"type": "Polygon", "coordinates": [[[100.030705, 1.849692], [100.029752, 1.847883], [100.029384, 1.847948], [100.028894, 1.848675], [100.028395, 1.849365], [100.0284, 1.849722], [100.029394, 1.850395], [100.030705, 1.849692]]]}}, {"type": "Feature", "properties": {"division_code": 3, "block_code": 42, "block_label": "3-42", "planted_ha": 3.33, "palms": 456, "planted_year": 2011, "abw_kg": 22.2, "rotation_target_days": 10, "gang_code": "", "road_condition": "good", "bunches_per_day": 17.1, "centroid_lon": 100.016073, "centroid_lat": 1.84733}, "geometry": {"type": "Polygon", "coordinates": [[[100.016271, 1.846289], [100.015167, 1.847028], [100.014927, 1.847319], [100.015737, 1.848373], [100.016148, 1.848367], [100.017273, 1.847025], [100.016271, 1.846289]]]}}, {"type": "Feature", "properties": {"division_code": 3, "block_code": 43, "block_label": "3-43", "planted_ha": 4.22, "palms": 561, "planted_year": 2012, "abw_kg": 21.7, "rotation_target_days": 10, "gang_code": "", "road_condition": "good", "bunches_per_day": 20.1, "centroid_lon": 100.017406, "centroid_lat": 1.848325}, "geometry": {"type": "Polygon", "coordinates": [[[100.017411, 1.847033], [100.017309, 1.847039], [100.01618, 1.848385], [100.017154, 1.849523], [100.017689, 1.849452], [100.018651, 1.848143], [100.017411, 1.847033]]]}}, {"type": "Feature", "properties": {"division_code": 3, "block_code": 44, "block_label": "3-44", "planted_ha": 3.86, "palms": 508, "planted_year": 2012, "abw_kg": 22.2, "rotation_target_days": 10, "gang_code": "", "road_condition": "fair", "bunches_per_day": 20.6, "centroid_lon": 100.020223, "centroid_lat": 1.848094}, "geometry": {"type": "Polygon", "coordinates": [[[100.021484, 1.847905], [100.020668, 1.847157], [100.019817, 1.847154], [100.018973, 1.848146], [100.020104, 1.849244], [100.020318, 1.849274], [100.021484, 1.847905]]]}}, {"type": "Feature", "properties": {"division_code": 3, "block_code": 45, "block_label": "3-45", "planted_ha": 4.57, "palms": 625, "planted_year": 2012, "abw_kg": 21.8, "rotation_target_days": 10, "gang_code": "", "road_condition": "good", "bunches_per_day": 24.6, "centroid_lon": 100.023971, "centroid_lat": 1.847194}, "geometry": {"type": "Polygon", "coordinates": [[[100.025275, 1.846898], [100.024199, 1.845972], [100.023377, 1.8465], [100.022716, 1.846967], [100.022645, 1.847344], [100.023969, 1.848533], [100.025266, 1.847116], [100.025275, 1.846898]]]}}, {"type": "Feature", "properties": {"division_code": 3, "block_code": 46, "block_label": "3-46", "planted_ha": 4.0, "palms": 538, "planted_year": 2012, "abw_kg": 22.0, "rotation_target_days": 10, "gang_code": "", "road_condition": "fair", "bunches_per_day": 19.2, "centroid_lon": 100.026514, "centroid_lat": 1.847258}, "geometry": {"type": "Polygon", "coordinates": [[[100.027517, 1.846966], [100.026889, 1.846168], [100.026507, 1.846168], [100.025311, 1.8469], [100.025302, 1.847117], [100.026374, 1.84837], [100.027153, 1.848363], [100.027517, 1.846966]]]}}, {"type": "Feature", "properties": {"division_code": 3, "block_code": 47, "block_label": "3-47", "planted_ha": 3.81, "palms": 508, "planted_year": 2013, "abw_kg": 22.0, "rotation_target_days": 10, "gang_code": "", "road_condition": "good", "bunches_per_day": 17.6, "centroid_lon": 100.028209, "centroid_lat": 1.848049}, "geometry": {"type": "Polygon", "coordinates": [[[100.028756, 1.847214], [100.027549, 1.846983], [100.027188, 1.848374], [100.028374, 1.849333], [100.028865, 1.848654], [100.029351, 1.847933], [100.028756, 1.847214]]]}}, {"type": "Feature", "properties": {"division_code": 3, "block_code": 48, "block_label": "3-48", "planted_ha": 2.65, "palms": 352, "planted_year": 2011, "abw_kg": 21.4, "rotation_target_days": 10, "gang_code": "", "road_condition": "fair", "bunches_per_day": 12.0, "centroid_lon": 100.017294, "centroid_lat": 1.845944}, "geometry": {"type": "Polygon", "coordinates": [[[100.018151, 1.845885], [100.017407, 1.844661], [100.016398, 1.846207], [100.016304, 1.846268], [100.017305, 1.847003], [100.017407, 1.846997], [100.018151, 1.845885]]]}}, {"type": "Feature", "properties": {"division_code": 3, "block_code": 49, "block_label": "3-49", "planted_ha": 4.26, "palms": 584, "planted_year": 2011, "abw_kg": 22.1, "rotation_target_days": 10, "gang_code": "", "road_condition": "fair", "bunches_per_day": 22.5, "centroid_lon": 100.018681, "centroid_lat": 1.846894}, "geometry": {"type": "Polygon", "coordinates": [[[100.019787, 1.847133], [100.019184, 1.845731], [100.018183, 1.845902], [100.017441, 1.847011], [100.018683, 1.848122], [100.01894, 1.848129], [100.019787, 1.847133]]]}}, {"type": "Feature", "properties": {"division_code": 3, "block_code": 50, "block_label": "3-50", "planted_ha": 3.43, "palms": 459, "planted_year": 2012, "abw_kg": 22.4, "rotation_target_days": 10, "gang_code": "", "road_condition": "fair", "bunches_per_day": 15.8, "centroid_lon": 100.02017, "centroid_lat": 1.846044}, "geometry": {"type": "Polygon", "coordinates": [[[100.020661, 1.847121], [100.021126, 1.84564], [100.019905, 1.844848], [100.019216, 1.845713], [100.01982, 1.847118], [100.020661, 1.847121]]]}}, {"type": "Feature", "properties": {"division_code": 3, "block_code": 51, "block_label": "3-51", "planted_ha": 3.66, "palms": 499, "planted_year": 2013, "abw_kg": 21.5, "rotation_target_days": 10, "gang_code": "", "road_condition": "good", "bunches_per_day": 18.7, "centroid_lon": 100.021663, "centroid_lat": 1.846774}, "geometry": {"type": "Polygon", "coordinates": [[[100.02261, 1.84734], [100.022681, 1.84696], [100.021858, 1.845612], [100.021161, 1.84565], [100.020695, 1.847133], [100.021515, 1.847885], [100.021728, 1.847872], [100.02261, 1.84734]]]}}, {"type": "Feature", "properties": {"division_code": 3, "block_code": 52, "block_label": "3-52", "planted_ha": 3.98, "palms": 536, "planted_year": 2012, "abw_kg": 21.6, "rotation_target_days": 10, "gang_code": "", "road_condition": "good", "bunches_per_day": 20.3, "centroid_lon": 100.028107, "centroid_lat": 1.846062}, "geometry": {"type": "Polygon", "coordinates": [[[100.029095, 1.845604], [100.028081, 1.844742], [100.026921, 1.84615], [100.027546, 1.846946], [100.028751, 1.847177], [100.029095, 1.845604]]]}}, {"type": "Feature", "properties": {"division_code": 3, "block_code": 53, "block_label": "3-53", "planted_ha": 1.64, "palms": 227, "planted_year": 2013, "abw_kg": 22.2, "rotation_target_days": 10, "gang_code": "", "road_condition": "fair", "bunches_per_day": 8.7, "centroid_lon": 100.029325, "centroid_lat": 1.847017}, "geometry": {"type": "Polygon", "coordinates": [[[100.03, 1.847679], [100.029892, 1.847475], [100.029351, 1.846149], [100.029121, 1.845652], [100.028785, 1.847193], [100.029381, 1.847912], [100.029754, 1.847846], [100.03, 1.847679]]]}}, {"type": "Feature", "properties": {"division_code": 3, "block_code": 54, "block_label": "3-54", "planted_ha": 4.36, "palms": 575, "planted_year": 2011, "abw_kg": 22.6, "rotation_target_days": 10, "gang_code": "", "road_condition": "good", "bunches_per_day": 23.1, "centroid_lon": 100.018605, "centroid_lat": 1.844745}, "geometry": {"type": "Polygon", "coordinates": [[[100.019883, 1.844817], [100.01988, 1.844733], [100.018677, 1.843584], [100.018216, 1.843621], [100.017818, 1.843993], [100.017429, 1.844626], [100.018182, 1.845865], [100.019186, 1.845694], [100.019883, 1.844817]]]}}, {"type": "Feature", "properties": {"division_code": 3, "block_code": 55, "block_label": "3-55", "planted_ha": 4.63, "palms": 638, "planted_year": 2013, "abw_kg": 22.6, "rotation_target_days": 10, "gang_code": "", "road_condition": "good", "bunches_per_day": 24.0, "centroid_lon": 100.021325, "centroid_lat": 1.844554}, "geometry": {"type": "Polygon", "coordinates": [[[100.022733, 1.844325], [100.021157, 1.843292], [100.020605, 1.843902], [100.02005, 1.844565], [100.019916, 1.844731], [100.019919, 1.844813], [100.021152, 1.845614], [100.021858, 1.845576], [100.022733, 1.844325]]]}}, {"type": "Feature", "properties": {"division_code": 3, "block_code": 56, "block_label": "3-56", "planted_ha": 4.01, "palms": 551, "planted_year": 2012, "abw_kg": 21.5, "rotation_target_days": 10, "gang_code": "", "road_condition": "fair", "bunches_per_day": 18.6, "centroid_lon": 100.023001, "centroid_lat": 1.845648}, "geometry": {"type": "Polygon", "coordinates": [[[100.024087, 1.845419], [100.022771, 1.844338], [100.021889, 1.845594], [100.022705, 1.84693], [100.023357, 1.84647], [100.024181, 1.845941], [100.024087, 1.845419]]]}}, {"type": "Feature", "properties": {"division_code": 3, "block_code": 57, "block_label": "3-57", "planted_ha": 3.99, "palms": 542, "planted_year": 2013, "abw_kg": 21.9, "rotation_target_days": 10, "gang_code": "", "road_condition": "good", "bunches_per_day": 19.9, "centroid_lon": 100.025273, "centroid_lat": 1.845706}, "geometry": {"type": "Polygon", "coordinates": [[[100.026477, 1.846144], [100.025651, 1.844605], [100.024936, 1.844709], [100.024123, 1.845417], [100.024218, 1.84594], [100.025295, 1.846868], [100.026477, 1.846144]]]}}, {"type": "Feature", "properties": {"division_code": 3, "block_code": 58, "block_label": "3-58", "planted_ha": 4.54, "palms": 606, "planted_year": 2013, "abw_kg": 22.0, "rotation_target_days": 10, "gang_code": "", "road_condition": "good", "bunches_per_day": 20.0, "centroid_lon": 100.026801, "centroid_lat": 1.844778}, "geometry": {"type": "Polygon", "coordinates": [[[100.028061, 1.84471], [100.028057, 1.844504], [100.026683, 1.843557], [100.026207, 1.843624], [100.025682, 1.844585], [100.026512, 1.846132], [100.026889, 1.846132], [100.028061, 1.84471]]]}}, {"type": "Feature", "properties": {"division_code": 3, "block_code": 59, "block_label": "3-59", "planted_ha": 4.39, "palms": 608, "planted_year": 2012, "abw_kg": 22.2, "rotation_target_days": 10, "gang_code": "", "road_condition": "good", "bunches_per_day": 23.4, "centroid_lon": 100.019918, "centroid_lat": 1.843291}, "geometry": {"type": "Polygon", "coordinates": [[[100.020578, 1.843878], [100.021135, 1.843262], [100.021116, 1.843152], [100.019995, 1.84191], [100.019808, 1.841918], [100.019188, 1.842814], [100.018707, 1.843563], [100.019896, 1.844698], [100.020578, 1.843878]]]}}, {"type": "Feature", "properties": {"division_code": 3, "block_code": 60, "block_label": "3-60", "planted_ha": 3.79, "palms": 517, "planted_year": 2012, "abw_kg": 21.9, "rotation_target_days": 10, "gang_code": "", "road_condition": "fair", "bunches_per_day": 20.0, "centroid_lon": 100.022445, "centroid_lat": 1.843118}, "geometry": {"type": "Polygon", "coordinates": [[[100.02357, 1.843236], [100.0228, 1.84203], [100.02222, 1.842111], [100.021153, 1.84315], [100.021171, 1.843257], [100.022764, 1.844302], [100.02357, 1.843236]]]}}, {"type": "Feature", "properties": {"division_code": 3, "block_code": 61, "block_label": "3-61", "planted_ha": 3.27, "palms": 451, "planted_year": 2013, "abw_kg": 21.5, "rotation_target_days": 10, "gang_code": "", "road_condition": "good", "bunches_per_day": 15.1, "centroid_lon": 100.023915, "centroid_lat": 1.844249}, "geometry": {"type": "Polygon", "coordinates": [[[100.024907, 1.844687], [100.024215, 1.843155], [100.023602, 1.843253], [100.022802, 1.844316], [100.024103, 1.845386], [100.024907, 1.844687]]]}}, {"type": "Feature", "properties": {"division_code": 3, "block_code": 62, "block_label": "3-62", "planted_ha": 2.94, "palms": 403, "planted_year": 2013, "abw_kg": 22.4, "rotation_target_days": 10, "gang_code": "", "road_condition": "good", "bunches_per_day": 13.6, "centroid_lon": 100.025192, "centroid_lat": 1.843643}, "geometry": {"type": "Polygon", "coordinates": [[[100.026173, 1.843611], [100.025042, 1.842542], [100.024248, 1.843141], [100.024939, 1.844672], [100.02565, 1.844569], [100.026173, 1.843611]]]}}, {"type": "Feature", "properties": {"division_code": 3, "block_code": 63, "block_label": "3-63", "planted_ha": 2.59, "palms": 352, "planted_year": 2013, "abw_kg": 22.5, "rotation_target_days": 10, "gang_code": "", "road_condition": "fair", "bunches_per_day": 12.7, "centroid_lon": 100.027556, "centroid_lat": 1.843301}, "geometry": {"type": "Polygon", "coordinates": [[[100.028397, 1.84411], [100.027992, 1.843139], [100.027482, 1.841779], [100.027447, 1.841779], [100.02671, 1.843532], [100.028072, 1.844471], [100.028397, 1.84411]]]}}, {"type": "Feature", "properties": {"division_code": 3, "block_code": 64, "block_label": "3-64", "planted_ha": 1.17, "palms": 156, "planted_year": 2010, "abw_kg": 22.5, "rotation_target_days": 10, "gang_code": "", "road_condition": "good", "bunches_per_day": 6.2, "centroid_lon": 100.018953, "centroid_lat": 1.842705}, "geometry": {"type": "Polygon", "coordinates": [[[100.019158, 1.842794], [100.019773, 1.841905], [100.019466, 1.841699], [100.0187, 1.842633], [100.018162, 1.843455], [100.018219, 1.843585], [100.018674, 1.843548], [100.019158, 1.842794]]]}}, {"type": "Feature", "properties": {"division_code": 3, "block_code": 65, "block_label": "3-65", "planted_ha": 2.97, "palms": 410, "planted_year": 2012, "abw_kg": 22.5, "rotation_target_days": 10, "gang_code": "", "road_condition": "good", "bunches_per_day": 13.8, "centroid_lon": 100.021121, "centroid_lat": 1.842017}, "geometry": {"type": "Polygon", "coordinates": [[[100.022188, 1.842092], [100.021563, 1.841192], [100.020523, 1.841292], [100.020026, 1.841892], [100.021134, 1.843118], [100.022188, 1.842092]]]}}, {"type": "Feature", "properties": {"division_code": 3, "block_code": 66, "block_label": "3-66", "planted_ha": 3.51, "palms": 475, "planted_year": 2014, "abw_kg": 21.8, "rotation_target_days": 10, "gang_code": "", "road_condition": "good", "bunches_per_day": 16.6, "centroid_lon": 100.023954, "centroid_lat": 1.842225}, "geometry": {"type": "Polygon", "coordinates": [[[100.025026, 1.842509], [100.025075, 1.841953], [100.024609, 1.841586], [100.023917, 1.841456], [100.023212, 1.841334], [100.02283, 1.84201], [100.023601, 1.843217], [100.024218, 1.843118], [100.025026, 1.842509]]]}}, {"type": "Feature", "properties": {"division_code": 3, "block_code": 67, "block_label": "3-67", "planted_ha": 3.96, "palms": 537, "planted_year": 2013, "abw_kg": 22.2, "rotation_target_days": 10, "gang_code": "", "road_condition": "good", "bunches_per_day": 20.9, "centroid_lon": 100.02624, "centroid_lat": 1.842416}, "geometry": {"type": "Polygon", "coordinates": [[[100.027413, 1.841767], [100.027012, 1.841458], [100.02548, 1.84176], [100.025388, 1.841741], [100.025111, 1.841954], [100.025062, 1.842511], [100.026201, 1.843588], [100.026675, 1.843522], [100.027413, 1.841767]]]}}, {"type": "Feature", "properties": {"division_code": 3, "block_code": 68, "block_label": "3-68", "planted_ha": 1.11, "palms": 153, "planted_year": 2012, "abw_kg": 22.1, "rotation_target_days": 10, "gang_code": "", "road_condition": "good", "bunches_per_day": 5.3, "centroid_lon": 100.022408, "centroid_lat": 1.841558}, "geometry": {"type": "Polygon", "coordinates": [[[100.023174, 1.841327], [100.022102, 1.84114], [100.021604, 1.841188], [100.02222, 1.842074], [100.022798, 1.841994], [100.023174, 1.841327]]]}}]}